Timestamp,User Count,Type,Name,Requests/s,Failures/s,50%,66%,75%,80%,90%,95%,98%,99%,99.9%,99.99%,100%,Total Request Count,Total Failure Count,Total Median Response Time,Total Average Response Time,Total Min Response Time,Total Max Response Time,Total Average Content Size
1789904501,0,,Aggregated,0.000000,0.000000,N/A,N/A,N/A,N/A,N/A,N/A,N/A,N/A,N/A,N/A,N/A,0,0,0,0.0,0,0,0
1789904502,20,GET,/api/events [warmup],0.000000,0.000000,0,0,0,0,0,0,0,0,0,0,0,14,0,380,406.23513799999955,161.67094200000065,529.113757999994,43010.0
1789904502,20,GET,GET /api/events,0.000000,0.000000,0,0,0,0,0,0,0,0,0,0,0,12,0,130,113.36764366668224,14.60263500007386,256.34247499999674,8644.916666666666
1789904502,20,GET,GET /api/events/{id},0.000000,0.000000,0,0,0,0,0,0,0,0,0,0,0,2,0,216.5739190000977,123.80281850005304,31.031718000008368,216.5739190000977,430.5
1789904502,20,GET,GET /api/events?city,0.000000,0.000000,0,0,0,0,0,0,0,0,0,0,0,11,0,86,113.02987245452104,20.26550900006896,417.38672599990423,8672.09090909091
1789904502,20,,Aggregated,0.000000,0.000000,0,0,0,0,0,0,0,0,0,0,0,39,0,200,218.9394330769235,14.60263500007386,529.113757999994,20567.51282051282
1789904503,40,GET,/api/events [warmup],0.000000,0.000000,500,520,530,530,540,550,550,550,550,550,550,28,0,470,430.43729149999893,161.67094200000065,546.3032930000509,43010.0
1789904503,40,GET,GET /api/events,0.000000,0.000000,0,0,0,0,0,0,0,0,0,0,0,33,0,180,174.4539434545507,14.60263500007386,506.3347850000355,8642.39393939394
1789904503,40,GET,GET /api/events/{id},0.000000,0.000000,0,0,0,0,0,0,0,0,0,0,0,14,0,210,236.63522300001563,22.819426000069143,533.7820869999632,427.5
1789904503,40,GET,GET /api/events?city,0.000000,0.000000,0,0,0,0,0,0,0,0,0,0,0,19,0,90,156.36803352629758,20.26550900006896,417.38672599990423,8689.21052631579
1789904503,40,POST,POST /api/auth/register,0.000000,0.000000,0,0,0,0,0,0,0,0,0,0,0,6,0,1500,1423.5801536667052,1031.5803199999891,1567.8468580000526,131.0
1789904503,40,,Aggregated,0.000000,0.000000,220,320,460,500,540,1300,1600,1600,1600,1600,1600,100,0,250,326.3459097700024,14.60263500007386,1567.8468580000526,16613.45
1789904504,60,GET,/api/events [warmup],11.000000,0.000000,510,540,550,560,690,780,860,860,860,860,860,42,0,490,481.609145476184,161.67094200000065,862.9894270000023,43010.0
1789904504,60,GET,GET /api/events,0.000000,0.000000,260,400,590,600,660,690,850,850,850,850,850,52,0,250,284.14779809615817,14.60263500007386,846.1928360000002,8642.884615384615
1789904504,60,GET,GET /api/events/{id},0.000000,0.000000,220,530,530,690,710,720,720,720,720,720,720,17,0,220,319.81369988235497,22.819426000069143,716.1976149999418,427.0
1789904504,60,GET,GET /api/events?city,0.000000,0.000000,400,610,630,630,640,640,640,640,640,640,640,28,0,200,263.34188817855875,20.26550900006896,642.0118219999722,8683.714285714286
1789904504,60,POST,POST /api/auth/login,0.000000,0.000000,0,0,0,0,0,0,0,0,0,0,0,1,0,1665.7984360000455,1665.7984360000455,1665.7984360000455,1665.7984360000455,412.0
1789904504,60,POST,POST /api/auth/register,0.000000,0.000000,1600,1600,1600,1800,1800,1800,1800,1800,1800,1800,1800,7,0,1500,1479.297882285761,1031.5803199999891,1813.6042540000972,131.0
1789904504,60,,Aggregated,11.000000,0.000000,330,510,560,610,710,1300,1600,1700,1800,1800,1800,147,0,350,407.03781625850365,14.60263500007386,1813.6042540000972,17058.380952380954
1789904505,80,GET,/api/events [warmup],12.000000,0.000000,540,640,780,850,890,960,1300,1300,1300,1300,1300,51,0,510,555.7258248823509,161.67094200000065,1273.1014510000023,43010.0
1789904505,80,GET,GET /api/events,6.000000,0.000000,500,650,820,850,880,1300,1400,1400,1400,1400,1400,69,0,300,447.509365550727,14.60263500007386,1449.1392499999165,8643.202898550724
1789904505,80,GET,GET /api/events/{id},1.500000,0.000000,530,690,720,870,1200,1200,1200,1200,1200,1200,1200,21,0,310,474.08623052381034,22.819426000069143,1245.5290139999988,427.6190476190476
1789904505,80,GET,GET /api/events?city,6.500000,0.000000,610,640,890,1000,1100,1100,1400,1400,1400,1400,1400,37,0,320,429.21723083782433,20.26550900006896,1372.0119140000406,8684.945945945947
1789904505,80,POST,POST /api/auth/login,0.000000,0.000000,0,0,0,0,0,0,0,0,0,0,0,5,0,2300,2216.159364600003,1665.7984360000455,2475.518405999992,412.0
1789904505,80,POST,POST /api/auth/register,1.000000,0.000000,2200,2300,2400,2600,2900,2900,2900,2900,2900,2900,2900,12,0,1800,1898.2281596667005,1031.5803199999891,2902.406645000042,131.41666666666666
1789904505,80,,Aggregated,27.000000,0.000000,520,660,850,880,1300,1800,2400,2600,2900,2900,2900,195,0,500,609.8284431435899,14.60263500007386,2902.406645000042,16019.748717948718
1789904506,100,GET,/api/events [warmup],10.666667,0.000000,550,780,860,890,1200,1200,1300,1300,1300,1300,1300,57,0,530,617.9086453508786,161.67094200000065,1273.1014510000023,43010.0
1789904506,100,GET,GET /api/events,11.666667,0.000000,590,840,860,880,1100,1300,1400,1400,1400,1400,1400,78,0,410,508.9175664871831,14.60263500007386,1449.1392499999165,8643.21794871795
1789904506,100,GET,GET /api/events/{id},4.666667,0.000000,530,710,870,890,1200,1200,1200,1200,1200,1200,1200,22,0,420,492.87565354545785,22.819426000069143,1245.5290139999988,427.6363636363636
1789904506,100,GET,GET /api/events?city,7.000000,0.000000,610,640,890,1000,1100,1100,1400,1400,1400,1400,1400,38,0,400,443.1754581315683,20.26550900006896,1372.0119140000406,8683.631578947368
1789904506,100,POST,POST /api/auth/login,0.000000,0.000000,2400,2400,2500,2500,2700,2700,2700,2700,2700,2700,2700,7,0,2300,2225.854779571429,1665.7984360000455,2672.2966209999868,412.0
1789904506,100,POST,POST /api/auth/register,2.000000,0.000000,2200,2300,2400,2600,2900,2900,2900,2900,2900,2900,2900,12,0,1800,1898.2281596667005,1031.5803199999891,2902.406645000042,131.41666666666666
1789904506,100,,Aggregated,36.000000,0.000000,550,820,890,1000,1300,1800,2400,2600,2900,2900,2900,214,0,530,658.6916641635535,14.60263500007386,2902.406645000042,16213.028037383177
1789904507,100,GET,/api/events [warmup],10.500000,0.000000,850,1200,1700,1800,1900,1900,1900,1900,1900,1900,1900,75,0,640,911.4944863333405,161.67094200000065,1927.5011770000674,43010.0
1789904507,100,GET,GET /api/events,13.750000,0.000000,840,1100,1600,1700,1800,1900,2000,2000,2000,2000,2000,103,0,680,818.1830925339827,14.60263500007386,2032.5624569999263,8643.40776699029
1789904507,100,GET,GET /api/events/{id},4.250000,0.000000,690,890,1200,1200,1900,2000,2500,2500,2500,2500,2500,26,0,530,734.5888227307701,22.819426000069143,2457.589189000032,428.38461538461536
1789904507,100,GET,GET /api/events?city,7.000000,0.000000,890,1100,1700,1800,1800,1900,2100,2100,2100,2100,2100,49,0,610,748.6579256734558,20.26550900006896,2063.6711189999914,8678.551020408164
1789904507,100,POST,POST /api/auth/login,0.250000,0.000000,2400,2400,2500,2500,2700,2700,2700,2700,2700,2700,2700,7,0,2300,2225.854779571429,1665.7984360000455,2672.2966209999868,412.0
1789904507,100,POST,POST /api/auth/register,2.500000,0.000000,2600,3600,3600,3600,3700,3800,3800,3800,3800,3800,3800,19,0,2400,2515.498752263176,1031.5803199999891,3774.8410100000456,131.6315789473684
1789904507,100,,Aggregated,38.250000,0.000000,840,1200,1700,1800,1900,2400,3600,3700,3800,3800,3800,279,0,750,974.1718727777799,14.60263500007386,3774.8410100000456,16336.175627240144
1789904508,100,GET,/api/events [warmup],11.400000,0.000000,850,1200,1800,1800,1900,1900,1900,2300,2300,2300,2300,78,0,750,941.2204575897497,161.67094200000065,2319.9825649999184,43009.97435897436
1789904508,100,GET,GET /api/bookings/me [auth],0.000000,0.000000,0,0,0,0,0,0,0,0,0,0,0,1,0,1150.8201899999904,1150.8201899999904,1150.8201899999904,1150.8201899999904,57.0
1789904508,100,GET,GET /api/events,15.600000,0.000000,880,1300,1600,1800,1800,1900,2000,2100,2200,2200,2200,114,0,840,887.6889394649145,14.60263500007386,2176.4711910000187,8643.61403508772
1789904508,100,GET,GET /api/events/{id},4.400000,0.000000,960,1200,1900,2000,2200,2400,2500,2500,2500,2500,2500,38,0,890,1017.4065889999998,22.819426000069143,2457.589189000032,428.42105263157896
1789904508,100,GET,GET /api/events?city,7.600000,0.000000,890,1100,1700,1800,1800,1900,2100,2100,2100,2100,2100,58,0,630,793.0740886206794,20.26550900006896,2063.6711189999914,8672.48275862069
1789904508,100,POST,POST /api/auth/login,1.200000,0.000000,2700,2700,2900,3100,3200,3200,3200,3200,3200,3200,3200,11,0,2500,2499.272236090922,1665.7984360000455,3200.6483170000593,413.09090909090907
1789904508,100,POST,POST /api/auth/register,2.400000,0.000000,3000,3100,3600,3600,3700,3700,3800,3800,3800,3800,3800,24,0,3000,2657.277570250007,1031.5803199999891,3774.8410100000456,131.70833333333334
1789904508,100,POST,POST /api/bookings [auth],0.000000,0.000000,0,0,0,0,0,0,0,0,0,0,0,2,0,2094.3845000000465,1654.524666000043,1214.6648320000395,2094.3845000000465,262.5
1789904508,100,,Aggregated,42.600000,0.000000,890,1500,1800,1800,2200,2900,3600,3700,3800,3800,3800,326,0,860,1088.9509451472413,14.60263500007386,3774.8410100000456,14931.659509202455
1789904509,100,GET,/api/events [warmup],9.500000,0.000000,850,1200,1800,1800,1900,1900,1900,2300,2300,2300,2300,79,0,750,951.1402031012718,161.67094200000065,2319.9825649999184,43009.962025316454
1789904509,100,GET,GET /api/bookings/me [auth],0.000000,0.000000,0,0,0,0,0,0,0,0,0,0,0,2,0,2100,1641.0998069999891,1150.8201899999904,2131.379423999988,57.0
1789904509,100,GET,GET /api/events,13.166667,0.000000,890,1600,1700,1800,1800,1900,2000,2100,2200,2200,2200,123,0,860,949.2579131463432,14.60263500007386,2176.4711910000187,8643.951219512195
1789904509,100,GET,GET /api/events/{id},3.666667,0.000000,1000,1500,1900,2000,2200,2400,2500,2500,2500,2500,2500,40,0,960,1061.165723824999,22.819426000069143,2457.589189000032,428.375
1789904509,100,GET,GET /api/events?city,6.333333,0.000000,1000,1700,1800,1800,1900,1900,1900,2100,2100,2100,2100,69,0,840,942.7017028840511,20.26550900006896,2063.6711189999914,8678.768115942028
1789904509,100,POST,POST /api/auth/login,1.166667,0.000000,2700,2900,3100,3100,3200,4000,4000,4000,4000,4000,4000,12,0,2700,2626.6097985000083,1665.7984360000455,4027.322984999955,413.25
1789904509,100,POST,POST /api/auth/register,2.000000,0.000000,3100,3600,3700,3800,3800,3900,3900,3900,3900,3900,3900,29,0,3100,2867.2727267931045,1031.5803199999891,3946.0389639999676,131.75862068965517
1789904509,100,POST,POST /api/bookings [auth],0.000000,0.000000,1200,1200,1200,1200,1200,1200,1200,1200,1200,1200,1200,2,0,2094.3845000000465,1654.524666000043,1214.6648320000395,2094.3845000000465,262.5
1789904509,100,,Aggregated,35.833333,0.000000,1000,1700,1800,1900,2200,3100,3800,3800,4000,4000,4000,356,0,960,1181.610453424159,14.60263500007386,4027.322984999955,14287.58988764045
1789904510,100,GET,/api/events [warmup],10.857143,0.000000,860,1200,1800,1800,1900,1900,1900,2300,2300,2300,2300,82,0,780,970.3239920609817,161.67094200000065,2319.9825649999184,43009.91463414634
1789904510,100,DELETE,DELETE /api/bookings/{id} [auth],0.000000,0.000000,0,0,0,0,0,0,0,0,0,0,0,1,0,1400.2631590000192,1400.2631590000192,1400.2631590000192,1400.2631590000192,286.0
1789904510,100,GET,GET /api/bookings/me [auth],0.000000,0.000000,1900,1900,2000,2000,2100,2100,2100,2100,2100,2100,2100,7,0,1300,1494.1516748571562,749.1879140000037,2131.379423999988,57.0
1789904510,100,GET,GET /api/events,15.571429,0.000000,1200,1600,1800,1800,1900,2000,2100,2100,2200,2200,2200,158,0,960,1076.01664418987,14.60263500007386,2176.4711910000187,8644.613924050633
1789904510,100,GET,GET /api/events/{id},4.571429,0.000000,1200,1900,2000,2100,2300,2400,2500,2500,2500,2500,2500,52,0,1200,1232.2818757307632,22.819426000069143,2457.589189000032,428.84615384615387
1789904510,100,GET,GET /api/events?city,7.428571,0.000000,1400,1800,1800,1800,1900,1900,2100,2100,2100,2100,2100,83,0,1000,1051.782957759034,20.26550900006896,2086.489680999989,8679.759036144578
1789904510,100,POST,POST /api/auth/login,1.428571,0.000000,2700,2900,3000,3100,3200,4000,4000,4000,4000,4000,4000,20,0,2700,2709.6126773500027,1665.7984360000455,4027.322984999955,413.95
1789904510,100,POST,POST /api/auth/register,3.285714,0.000000,3100,3700,3800,3800,3900,3900,4000,4000,4000,4000,4000,30,0,3100,2903.5319957666684,1031.5803199999891,3955.050796000023,131.76666666666668
1789904510,100,POST,POST /api/bookings [auth],0.142857,0.000000,1700,1700,2100,2100,2100,2100,2100,2100,2100,2100,2100,4,0,2100,1771.478209000037,1214.6648320000395,2122.1652660000245,262.25
1789904510,100,,Aggregated,43.285714,0.000000,1200,1800,1900,1900,2300,3000,3700,3800,4000,4000,4000,437,0,1200,1284.204327922196,14.60263500007386,4027.322984999955,12927.569794050343
1789904511,100,GET,/api/events [warmup],9.750000,0.000000,860,1100,1700,1800,1900,1900,1900,2300,2300,2300,2300,94,0,780,956.4719295638344,161.67094200000065,2319.9825649999184,43009.436170212764
1789904511,100,DELETE,DELETE /api/bookings/{id} [auth],0.000000,0.000000,0,0,0,0,0,0,0,0,0,0,0,1,0,1400.2631590000192,1400.2631590000192,1400.2631590000192,1400.2631590000192,286.0
1789904511,100,GET,GET /api/bookings/me [auth],0.125000,0.000000,950,1200,1300,1900,2000,2100,2100,2100,2100,2100,2100,14,0,1100,1105.7625914285886,280.054797000048,2131.379423999988,57.0
1789904511,100,GET,GET /api/events,14.250000,0.000000,960,1500,1700,1800,1900,2000,2000,2100,2200,2200,2200,185,0,920,1040.9849318594581,14.60263500007386,2176.4711910000187,8644.378378378378
1789904511,100,GET,GET /api/events/{id},4.750000,0.000000,1100,1500,1900,2000,2200,2300,2400,2500,2500,2500,2500,70,0,1100,1171.8127257714268,22.819426000069143,2457.589189000032,428.8142857142857
1789904511,100,GET,GET /api/events?city,7.375000,0.000000,920,1200,1700,1800,1900,1900,2100,2100,2100,2100,2100,119,0,850,962.2970454537829,20.26550900006896,2086.489680999989,8674.64705882353
1789904511,100,POST,POST /api/auth/login,1.375000,0.000000,2700,2900,3000,3100,3200,3200,4000,4000,4000,4000,4000,30,0,2700,2581.041040066664,1665.7984360000455,4027.322984999955,414.3
1789904511,100,POST,POST /api/auth/register,3.000000,0.000000,3100,3700,3800,3800,3900,3900,4000,4000,4000,4000,4000,30,0,3100,2903.5319957666684,1031.5803199999891,3955.050796000023,131.76666666666668
1789904511,100,POST,POST /api/bookings [auth],0.250000,0.000000,1100,1200,1700,1700,2100,2100,2100,2100,2100,2100,2100,9,0,1100,1219.65848711112,643.8656820000688,2122.1652660000245,262.6666666666667
1789904511,100,,Aggregated,40.875000,0.000000,1000,1600,1800,1900,2200,2900,3700,3800,4000,4000,4000,552,0,1000,1216.3512135579717,14.60263500007386,4027.322984999955,12181.570652173914
1789904512,100,GET,/api/events [warmup],8.888889,0.000000,900,1200,1700,1800,1900,1900,1900,2300,2300,2300,2300,100,0,750,919.3783923100023,161.67094200000065,2319.9825649999184,43009.1
1789904512,100,DELETE,DELETE /api/bookings/{id} [auth],0.000000,0.000000,310,310,450,450,450,450,450,450,450,450,450,4,0,450,606.2643597499857,265.6524139999874,1400.2631590000192,288.25
1789904512,100,GET,GET /api/bookings/me [auth],0.222222,0.000000,430,760,950,1200,1900,2000,2100,2100,2100,2100,2100,26,0,510,727.3702826153987,134.79363600004035,2131.379423999988,97.42307692307692
1789904512,100,GET,GET /api/events,15.222222,0.000000,800,1000,1500,1600,1800,1900,2000,2100,2200,2200,2200,249,0,740,847.997002156622,14.60263500007386,2176.4711910000187,8643.867469879518
1789904512,100,GET,GET /api/events/{id},5.000000,0.000000,870,1100,1200,1900,2100,2300,2400,2500,2500,2500,2500,96,0,820,936.4350599479185,22.819426000069143,2457.589189000032,428.59375
1789904512,100,GET,GET /api/events?city,8.555556,0.000000,740,970,1200,1700,1800,1900,2100,2100,2100,2100,2100,158,0,640,784.8487130316441,20.26550900006896,2086.489680999989,8669.379746835442
1789904512,100,POST,POST /api/auth/login,1.555556,0.000000,2700,2900,3000,3100,3200,3200,4000,4000,4000,4000,4000,30,0,2700,2581.041040066664,1665.7984360000455,4027.322984999955,414.3
1789904512,100,POST,POST /api/auth/register,3.333333,0.000000,3100,3700,3800,3800,3900,3900,4000,4000,4000,4000,4000,30,0,3100,2903.5319957666684,1031.5803199999891,3955.050796000023,131.76666666666668
1789904512,100,POST,POST /api/bookings [auth],0.222222,0.000000,510,580,680,760,1200,1700,2100,2100,2100,2100,2100,26,0,530,685.6459072692428,218.80737200001477,2122.1652660000245,263.6923076923077
1789904512,100,,Aggregated,43.000000,0.000000,850,1200,1700,1800,2000,2700,3600,3800,4000,4000,4000,719,0,780,1002.3555280013895,14.60263500007386,4027.322984999955,10975.054242002781
1789904513,100,GET,/api/events [warmup],8.500000,0.000000,960,1300,1800,1800,1900,1900,1900,2300,2300,2300,2300,100,0,750,919.3783923100023,161.67094200000065,2319.9825649999184,43009.1
1789904513,100,DELETE,DELETE /api/bookings/{id} [auth],0.100000,0.000000,360,360,380,380,450,450,450,450,450,450,450,7,0,360,501.56790142856215,265.6524139999874,1400.2631590000192,288.2857142857143
1789904513,100,GET,GET /api/bookings/me [auth],0.800000,0.000000,320,420,580,760,1200,1900,2100,2100,2100,2100,2100,45,0,320,541.721785400005,134.79363600004035,2131.379423999988,175.86666666666667
1789904513,100,GET,GET /api/events,16.300000,0.000000,500,890,1300,1600,1800,1900,2000,2100,2200,2200,2200,324,0,390,719.2431943364155,14.60263500007386,2176.4711910000187,8643.163580246914
1789904513,100,GET,GET /api/events/{id},5.900000,0.000000,710,1100,1200,1800,2100,2200,2400,2400,2500,2500,2500,116,0,530,826.1996727586202,22.819426000069143,2457.589189000032,428.5948275862069
1789904513,100,GET,GET /api/events?city,9.000000,0.000000,590,890,1000,1400,1800,1900,1900,2100,2100,2100,2100,191,0,420,699.9567243350785,20.26550900006896,2086.489680999989,8668.727748691099
1789904513,100,POST,POST /api/auth/login,2.300000,0.000000,2700,2900,3000,3100,3200,3200,4000,4000,4000,4000,4000,30,0,2700,2581.041040066664,1665.7984360000455,4027.322984999955,414.3
1789904513,100,POST,POST /api/auth/register,3.000000,0.000000,3600,3700,3800,3800,3900,3900,4000,4000,4000,4000,4000,30,0,3100,2903.5319957666684,1031.5803199999891,3955.050796000023,131.76666666666668
1789904513,100,POST,POST /api/bookings [auth],0.500000,0.000000,400,530,630,640,1100,1700,2100,2100,2100,2100,2100,37,0,400,591.1181079189258,202.72429099998135,2122.1652660000245,263.64864864864865
1789904513,100,,Aggregated,46.400000,0.000000,680,1000,1600,1800,2000,2500,3200,3800,4000,4000,4000,880,0,530,873.6369855738627,14.60263500007386,4027.322984999955,10048.645454545454
1789904514,100,GET,/api/events [warmup],8.900000,0.000000,1100,1700,1800,1900,1900,1900,1900,2300,2300,2300,2300,100,0,750,919.3783923100023,161.67094200000065,2319.9825649999184,43009.1
1789904514,100,DELETE,DELETE /api/bookings/{id} [auth],0.200000,0.000000,350,360,380,380,450,450,450,450,450,450,450,11,0,350,437.7605391818261,265.6524139999874,1400.2631590000192,288.3636363636364
1789904514,100,GET,GET /api/bookings/me [auth],1.800000,0.000000,300,340,420,510,1100,1900,2000,2100,2100,2100,2100,61,0,300,470.56093483606435,134.79363600004035,2131.379423999988,258.5409836065574
1789904514,100,GET,GET /api/events,21.000000,0.000000,350,820,970,1400,1800,1900,2000,2000,2200,2200,2200,387,0,330,640.2716814160191,14.60263500007386,2176.4711910000187,8643.255813953489
1789904514,100,GET,GET /api/events/{id},8.100000,0.000000,400,1000,1100,1200,2000,2200,2400,2400,2500,2500,2500,138,0,390,730.6521755652161,22.819426000069143,2457.589189000032,428.7536231884058
1789904514,100,GET,GET /api/events?city,13.000000,0.000000,360,770,960,1100,1800,1900,1900,2100,2100,2100,2100,232,0,340,621.3666539137928,20.26550900006896,2086.489680999989,8667.978448275862
1789904514,100,POST,POST /api/auth/login,3.000000,0.000000,2700,2900,3000,3100,3200,3200,4000,4000,4000,4000,4000,30,0,2700,2581.041040066664,1665.7984360000455,4027.322984999955,414.3
1789904514,100,POST,POST /api/auth/register,3.000000,0.000000,3700,3800,3800,3800,3900,4000,4000,4000,4000,4000,4000,30,0,3100,2903.5319957666684,1031.5803199999891,3955.050796000023,131.76666666666668
1789904514,100,POST,POST /api/bookings [auth],1.700000,0.000000,390,490,550,630,760,1200,2100,2100,2100,2100,2100,46,0,390,541.4331999130483,188.0274019999888,2122.1652660000245,263.7826086956522
1789904514,100,,Aggregated,60.700000,0.000000,400,890,1200,1600,1900,2300,3100,3700,4000,4000,4000,1035,0,390,780.3601401951689,14.60263500007386,4027.322984999955,9433.28309178744
1789904515,100,GET,/api/events [warmup],7.600000,0.000000,1100,1700,1800,1900,1900,1900,1900,2300,2300,2300,2300,100,0,750,919.3783923100023,161.67094200000065,2319.9825649999184,43009.1
1789904515,100,DELETE,DELETE /api/bookings/{id} [auth],0.500000,0.000000,350,380,380,380,430,450,450,450,450,450,450,14,0,360,419.8601505000202,247.96275900007458,1400.2631590000192,288.2857142857143
1789904515,100,GET,GET /api/bookings/me [auth],3.500000,0.000000,300,340,400,430,920,1300,2000,2100,2100,2100,2100,76,0,300,437.3307757105245,134.79363600004035,2131.379423999988,296.89473684210526
1789904515,100,GET,GET /api/events,26.300000,0.000000,310,400,800,1000,1800,1900,2000,2000,2200,2200,2200,452,0,310,585.8278479469017,14.60263500007386,2176.4711910000187,8642.679203539823
1789904515,100,GET,GET /api/events/{id},10.200000,0.000000,350,820,1100,1200,2000,2200,2400,2400,2500,2500,2500,156,0,330,676.7079615320512,22.819426000069143,2457.589189000032,428.80128205128204
1789904515,100,GET,GET /api/events?city,15.600000,0.000000,320,520,850,970,1700,1800,1900,2100,2100,2100,2100,278,0,310,563.2341720467615,20.26550900006896,2086.489680999989,8668.996402877698
1789904515,100,POST,POST /api/auth/login,3.000000,0.000000,2900,2900,3100,3100,3200,3200,4000,4000,4000,4000,4000,30,0,2700,2581.041040066664,1665.7984360000455,4027.322984999955,414.3
1789904515,100,POST,POST /api/auth/register,2.800000,0.000000,3700,3800,3800,3800,3900,4000,4000,4000,4000,4000,4000,30,0,3100,2903.5319957666684,1031.5803199999891,3955.050796000023,131.76666666666668
1789904515,100,POST,POST /api/bookings [auth],2.800000,0.000000,360,450,510,550,680,1100,1700,2100,2100,2100,2100,63,0,360,490.04324699999705,188.0274019999888,2122.1652660000245,263.8412698412698
1789904515,100,,Aggregated,72.300000,0.000000,340,540,960,1300,1900,2100,3100,3700,4000,4000,4000,1199,0,350,711.7620225421183,14.60263500007386,4027.322984999955,8960.699749791493
1789904516,100,GET,/api/events [warmup],6.800000,0.000000,1700,1800,1900,1900,1900,1900,2300,2300,2300,2300,2300,100,0,750,919.3783923100023,161.67094200000065,2319.9825649999184,43009.1
1789904516,100,DELETE,DELETE /api/bookings/{id} [auth],0.700000,0.000000,350,380,380,380,430,450,450,450,450,450,450,17,0,350,404.9144089411945,247.96275900007458,1400.2631590000192,288.29411764705884
1789904516,100,GET,GET /api/bookings/me [auth],5.200000,0.000000,290,330,370,410,760,1200,2000,2100,2100,2100,2100,89,0,290,408.11908970786277,134.79363600004035,2131.379423999988,338.1011235955056
1789904516,100,GET,GET /api/events,30.900000,0.000000,280,360,500,860,1700,1800,2000,2000,2200,2200,2200,515,0,280,540.0938835475713,14.60263500007386,2176.4711910000187,8642.07572815534
1789904516,100,GET,GET /api/events/{id},11.000000,0.000000,290,450,960,1100,2000,2200,2300,2400,2500,2500,2500,179,0,290,612.8027700614537,22.819426000069143,2457.589189000032,428.8994413407821
1789904516,100,GET,GET /api/events?city,18.700000,0.000000,280,380,580,820,1700,1800,1900,2100,2100,2100,2100,319,0,280,517.3009428181815,20.26550900006896,2086.489680999989,8670.454545454546
1789904516,100,POST,POST /api/auth/login,3.000000,0.000000,2900,3000,3100,3100,3200,3200,4000,4000,4000,4000,4000,30,0,2700,2581.041040066664,1665.7984360000455,4027.322984999955,414.3
1789904516,100,POST,POST /api/auth/register,2.400000,0.000000,3700,3800,3800,3800,3900,4000,4000,4000,4000,4000,4000,30,0,3100,2903.5319957666684,1031.5803199999891,3955.050796000023,131.76666666666668
1789904516,100,POST,POST /api/bookings [auth],4.100000,0.000000,340,400,470,510,640,1100,1700,2100,2100,2100,2100,77,0,340,449.5825064155818,188.0274019999888,2122.1652660000245,263.87012987012986
1789904516,100,,Aggregated,82.800000,0.000000,310,420,790,1000,1800,2000,3100,3600,4000,4000,4000,1356,0,320,654.2463671556052,14.60263500007386,4027.322984999955,8603.185103244838
1789904517,100,GET,/api/events [warmup],5.800000,0.000000,880,940,1100,1100,1700,1800,2300,2300,2300,2300,2300,100,0,750,919.3783923100023,161.67094200000065,2319.9825649999184,43009.1
1789904517,100,DELETE,DELETE /api/bookings/{id} [auth],1.300000,0.000000,340,380,380,430,450,610,610,610,610,610,610,21,0,340,400.1901950952493,247.96275900007458,1400.2631590000192,288.42857142857144
1789904517,100,GET,GET /api/bookings/me [auth],6.700000,0.000000,290,320,340,370,580,1100,1900,2000,2100,2100,2100,109,0,290,385.0989794036681,98.47243700005492,2131.379423999988,430.3761467889908
1789904517,100,GET,GET /api/events,35.700000,0.000000,270,320,380,450,980,1700,1900,2000,2100,2100,2100,563,0,280,517.5440545666064,14.60263500007386,2176.4711910000187,8641.907637655417
1789904517,100,GET,GET /api/events/{id},12.800000,0.000000,280,330,430,570,1100,1900,2200,2400,2400,2400,2400,220,0,290,550.0986313500014,22.819426000069143,2457.589189000032,428.9318181818182
1789904517,100,GET,GET /api/events?city,21.700000,0.000000,270,320,410,520,970,1700,1900,1900,2100,2100,2100,363,0,280,488.07403847933796,20.26550900006896,2086.489680999989,8667.471074380166
1789904517,100,POST,POST /api/auth/login,2.900000,0.000000,2900,3000,3100,3200,3200,4000,4000,4000,4000,4000,4000,30,0,2700,2581.041040066664,1665.7984360000455,4027.322984999955,414.3
1789904517,100,POST,POST /api/auth/register,2.000000,0.000000,3800,3900,3900,3900,4000,4000,4000,4000,4000,4000,4000,30,0,3100,2903.5319957666684,1031.5803199999891,3955.050796000023,131.76666666666668
1789904517,100,POST,POST /api/bookings [auth],5.300000,0.000000,330,380,450,490,630,760,1700,2100,2100,2100,2100,91,0,330,426.60648798900723,158.18394499990518,2122.1652660000245,263.9010989010989
1789904517,100,,Aggregated,94.200000,0.000000,280,340,430,560,1100,1800,2300,3100,4000,4000,4000,1527,0,310,612.4727446961364,14.60263500007386,4027.322984999955,8186.199083169614
1789904518,100,GET,/api/events [warmup],4.300000,0.000000,880,940,990,1100,1700,1700,1800,1800,1800,1800,1800,100,0,750,919.3783923100023,161.67094200000065,2319.9825649999184,43009.1
1789904518,100,DELETE,DELETE /api/bookings/{id} [auth],1.500000,0.000000,340,360,380,380,430,450,610,610,610,610,610,23,0,340,395.4425130869654,247.96275900007458,1400.2631590000192,288.5217391304348
1789904518,100,GET,GET /api/bookings/me [auth],7.800000,0.000000,280,310,340,370,520,950,1900,2000,2100,2100,2100,123,0,280,367.277242121951,98.47243700005492,2131.379423999988,492.0243902439024
1789904518,100,GET,GET /api/events,39.700000,0.000000,250,300,350,390,890,1600,1800,1900,2100,2100,2100,641,0,260,477.97431688299196,14.60263500007386,2176.4711910000187,8641.602184087364
1789904518,100,GET,GET /api/events/{id},14.100000,0.000000,270,310,380,450,1100,1800,2100,2300,2400,2400,2400,238,0,280,522.8594271848752,22.819426000069143,2457.589189000032,428.96638655462186
1789904518,100,GET,GET /api/events?city,25.200000,0.000000,260,300,370,420,890,1700,1900,1900,2100,2100,2100,395,0,270,463.9869556556947,20.26550900006896,2086.489680999989,8665.103797468355
1789904518,100,POST,POST /api/auth/login,2.400000,0.000000,2800,2900,3100,3100,3200,4000,4000,4000,4000,4000,4000,30,0,2700,2581.041040066664,1665.7984360000455,4027.322984999955,414.3
1789904518,100,POST,POST /api/auth/register,1.800000,0.000000,3900,3900,3900,3900,4000,4000,4000,4000,4000,4000,4000,30,0,3100,2903.5319957666684,1031.5803199999891,3955.050796000023,131.76666666666668
1789904518,100,POST,POST /api/bookings [auth],7.000000,0.000000,320,360,400,470,580,680,1200,1700,2100,2100,2100,107,0,320,399.8790710467245,148.16674499991223,2122.1652660000245,264.04672897196264
1789904518,100,,Aggregated,103.800000,0.000000,270,320,380,450,980,1800,2100,2900,4000,4000,4000,1687,0,290,573.5799038328385,14.60263500007386,4027.322984999955,7988.605216360403
1789904519,100,GET,/api/events [warmup],4.300000,0.000000,860,940,950,990,1100,1700,1700,1700,1700,1700,1700,100,0,750,919.3783923100023,161.67094200000065,2319.9825649999184,43009.1
1789904519,100,DELETE,DELETE /api/bookings/{id} [auth],1.800000,0.000000,340,360,380,430,450,480,610,610,610,610,610,25,0,340,390.9111819600093,195.26759400002902,1400.2631590000192,288.64
1789904519,100,GET,GET /api/bookings/me [auth],9.500000,0.000000,270,310,330,340,440,920,1300,1900,2000,2000,2000,139,0,270,355.95324214388614,98.47243700005492,2131.379423999988,555.1438848920864
1789904519,100,GET,GET /api/events,45.600000,0.000000,250,290,320,350,480,890,1400,1600,2000,2000,2000,707,0,260,457.34619748938815,14.60263500007386,2176.4711910000187,8641.069306930693
1789904519,100,GET,GET /api/events/{id},16.800000,0.000000,260,310,340,370,640,1100,1600,1900,2400,2400,2400,268,0,280,494.8962045223892,22.819426000069143,2457.589189000032,429.0820895522388
1789904519,100,GET,GET /api/events?city,29.700000,0.000000,260,290,320,360,570,850,1000,1200,2100,2100,2100,431,0,270,448.4410175707642,20.26550900006896,2086.489680999989,8664.329466357309
1789904519,100,POST,POST /api/auth/login,2.300000,0.000000,2900,2900,3100,3100,3200,3200,3200,3200,3200,3200,3200,30,0,2700,2581.041040066664,1665.7984360000455,4027.322984999955,414.3
1789904519,100,POST,POST /api/auth/register,1.800000,0.000000,3900,3900,3900,3900,4000,4000,4000,4000,4000,4000,4000,30,0,3100,2903.5319957666684,1031.5803199999891,3955.050796000023,131.76666666666668
1789904519,100,POST,POST /api/bookings [auth],8.000000,0.000000,330,360,400,440,540,640,1100,1700,2100,2100,2100,124,0,330,392.51307683870726,148.16674499991223,2122.1652660000245,264.1774193548387
1789904519,100,,Aggregated,119.800000,0.000000,260,310,340,380,630,1000,1700,2000,3200,3200,3200,1854,0,290,546.7373004590066,14.60263500007386,4027.322984999955,7763.207659115426
1789904520,100,GET,/api/events [warmup],2.400000,0.000000,650,740,940,990,1100,1100,1100,1100,1100,1100,1100,100,0,750,919.3783923100023,161.67094200000065,2319.9825649999184,43009.1
1789904520,100,DELETE,DELETE /api/bookings/{id} [auth],2.300000,0.000000,330,360,380,380,450,480,610,610,610,610,610,28,0,330,373.50907267857474,160.31469099993956,1400.2631590000192,288.82142857142856
1789904520,100,GET,GET /api/bookings/me [auth],11.400000,0.000000,270,300,320,340,400,510,580,950,1100,1100,1100,161,0,280,345.32206428571544,98.47243700005492,2131.379423999988,638.0186335403727
1789904520,100,GET,GET /api/events,47.800000,0.000000,240,280,300,320,390,480,780,930,1400,1400,1400,769,0,260,438.53391955136186,14.60263500007386,2176.4711910000187,8641.050715214564
1789904520,100,GET,GET /api/events/{id},19.600000,0.000000,250,300,320,330,410,550,1000,1100,1100,1100,1100,292,0,280,473.16094620548114,22.819426000069143,2457.589189000032,428.972602739726
1789904520,100,GET,GET /api/events?city,32.000000,0.000000,250,280,310,330,430,690,920,1000,1200,1200,1200,470,0,260,429.8608036851052,20.26550900006896,2086.489680999989,8664.48085106383
1789904520,100,POST,POST /api/auth/login,2.000000,0.000000,1900,1900,1900,1900,2800,2800,2800,2800,2800,2800,2800,30,0,2700,2581.041040066664,1665.7984360000455,4027.322984999955,414.3
1789904520,100,POST,POST /api/auth/register,0.700000,0.000000,3900,3900,3900,3900,4000,4000,4000,4000,4000,4000,4000,30,0,3100,2903.5319957666684,1031.5803199999891,3955.050796000023,131.76666666666668
1789904520,100,POST,POST /api/bookings [auth],9.300000,0.000000,320,360,390,430,510,580,680,680,760,760,760,135,0,320,382.6692793333323,125.97149800001262,2122.1652660000245,264.2814814814815
1789904520,100,,Aggregated,127.500000,0.000000,260,290,320,340,430,580,940,1100,1900,2800,2800,2015,0,280,521.8961030074433,14.60263500007386,4027.322984999955,7596.184615384615
1789904521,100,GET,/api/events [warmup],2.200000,0.000000,650,740,940,990,1100,1100,1100,1100,1100,1100,1100,100,0,750,919.3783923100023,161.67094200000065,2319.9825649999184,43009.1
1789904521,100,DELETE,DELETE /api/bookings/{id} [auth],2.300000,0.000000,330,360,380,380,430,480,610,610,610,610,610,32,0,330,370.5887438750003,160.31469099993956,1400.2631590000192,288.875
1789904521,100,GET,GET /api/bookings/me [auth],12.600000,0.000000,270,300,310,320,370,410,520,540,620,620,620,176,0,270,339.35420058522755,90.53112399999463,2131.379423999988,686.4488636363636
1789904521,100,GET,GET /api/events,54.500000,0.000000,230,260,280,300,350,400,460,520,740,740,740,836,0,250,421.00941121291567,14.60263500007386,2176.4711910000187,8640.826555023923
1789904521,100,GET,GET /api/events/{id},21.100000,0.000000,240,280,300,310,340,390,470,540,600,600,600,309,0,270,459.9488650000011,22.819426000069143,2457.589189000032,428.9061488673139
1789904521,100,GET,GET /api/events?city,34.700000,0.000000,240,270,290,300,340,390,470,520,630,630,630,516,0,260,411.8131065930229,20.26550900006896,2086.489680999989,8663.926356589147
1789904521,100,POST,POST /api/auth/login,1.900000,0.000000,1900,1900,1900,1900,2800,2800,2800,2800,2800,2800,2800,30,0,2700,2581.041040066664,1665.7984360000455,4027.322984999955,414.3
1789904521,100,POST,POST /api/auth/register,0.600000,0.000000,3900,3900,3900,3900,4000,4000,4000,4000,4000,4000,4000,30,0,3100,2903.5319957666684,1031.5803199999891,3955.050796000023,131.76666666666668
1789904521,100,POST,POST /api/bookings [auth],11.100000,0.000000,300,360,370,390,470,510,580,580,630,630,630,145,0,320,377.3810996965501,125.97149800001262,2122.1652660000245,264.33103448275864
1789904521,100,,Aggregated,141.000000,0.000000,240,280,300,320,360,420,490,540,630,740,740,2174,0,280,501.0874420101186,14.60263500007386,4027.322984999955,7503.462741490341
1789904522,100,GET,/api/events [warmup],2.000000,0.000000,650,740,940,990,1100,1100,1100,1100,1100,1100,1100,100,0,750,919.3783923100023,161.67094200000065,2319.9825649999184,43009.1
1789904522,100,DELETE,DELETE /api/bookings/{id} [auth],2.600000,0.000000,340,380,410,430,480,500,610,610,610,610,610,35,0,340,379.1923422000016,160.31469099993956,1400.2631590000192,288.9714285714286
1789904522,100,GET,GET /api/bookings/me [auth],14.100000,0.000000,270,310,320,340,370,420,520,540,620,620,620,195,0,280,335.4170228769224,90.53112399999463,2131.379423999988,759.4153846153846
1789904522,100,GET,GET /api/events,58.600000,0.000000,230,260,280,300,350,400,460,510,610,610,610,901,0,250,409.5376819334049,14.60263500007386,2176.4711910000187,8640.862375138735
1789904522,100,GET,GET /api/events/{id},23.100000,0.000000,240,290,310,310,350,410,470,540,600,600,600,336,0,270,444.7046697678596,22.819426000069143,2457.589189000032,428.9077380952381
1789904522,100,GET,GET /api/events?city,36.600000,0.000000,240,270,290,300,350,390,470,520,630,630,630,550,0,260,401.10657240000006,20.26550900006896,2086.489680999989,8664.001818181818
1789904522,100,POST,POST /api/auth/login,1.600000,0.000000,1900,1900,1900,1900,2800,2800,2800,2800,2800,2800,2800,30,0,2700,2581.041040066664,1665.7984360000455,4027.322984999955,414.3
1789904522,100,POST,POST /api/auth/register,0.000000,0.000000,3900,3900,3900,3900,4000,4000,4000,4000,4000,4000,4000,30,0,3100,2903.5319957666684,1031.5803199999891,3955.050796000023,131.76666666666668
1789904522,100,POST,POST /api/bookings [auth],12.700000,0.000000,300,360,370,390,460,490,580,580,630,630,630,156,0,330,377.3289336410242,125.97149800001262,2122.1652660000245,264.40384615384613
1789904522,100,,Aggregated,151.300000,0.000000,240,280,300,320,370,430,490,540,630,630,630,2333,0,280,485.65762137848253,14.60263500007386,4027.322984999955,7377.39819974282
1789904523,100,GET,/api/events [warmup],1.500000,0.000000,650,740,940,990,1100,1100,1100,1100,1100,1100,1100,100,0,750,919.3783923100023,161.67094200000065,2319.9825649999184,43009.1
1789904523,100,DELETE,DELETE /api/bookings/{id} [auth],2.800000,0.000000,330,360,390,430,480,500,610,610,610,610,610,40,0,330,367.2829609250043,160.31469099993956,1400.2631590000192,289.05
1789904523,100,GET,GET /api/bookings/me [auth],16.000000,0.000000,260,300,310,330,370,410,520,540,620,620,620,212,0,270,325.796513353773,90.53112399999463,2131.379423999988,830.7028301886793
1789904523,100,GET,GET /api/events,63.000000,0.000000,220,250,280,290,340,390,460,510,580,580,580,970,0,250,395.79979728144076,14.60263500007386,2176.4711910000187,8640.573195876288
1789904523,100,GET,GET /api/events/{id},23.400000,0.000000,230,280,300,310,340,390,460,490,550,550,550,365,0,260,427.28639339452246,22.819426000069143,2457.589189000032,428.8794520547945
1789904523,100,GET,GET /api/events?city,39.400000,0.000000,230,260,280,290,340,370,470,520,630,630,630,585,0,250,390.3413483487179,20.26550900006896,2086.489680999989,8664.22905982906
1789904523,100,POST,POST /api/auth/login,0.700000,0.000000,1900,1900,1900,1900,2800,2800,2800,2800,2800,2800,2800,30,0,2700,2581.041040066664,1665.7984360000455,4027.322984999955,414.3
1789904523,100,POST,POST /api/auth/register,0.000000,0.000000,3900,3900,3900,3900,4000,4000,4000,4000,4000,4000,4000,30,0,3100,2903.5319957666684,1031.5803199999891,3955.050796000023,131.76666666666668
1789904523,100,POST,POST /api/bookings [auth],13.200000,0.000000,290,340,360,370,440,470,510,570,580,580,580,171,0,320,367.2994212456128,125.97149800001262,2122.1652660000245,264.4736842105263
1789904523,100,,Aggregated,160.000000,0.000000,240,270,300,310,360,410,480,520,620,630,630,2503,0,270,467.94983473551673,14.60263500007386,4027.322984999955,7253.958849380743
1789904524,100,GET,/api/events [warmup],0.000000,0.000000,650,740,940,990,1100,1100,1100,1100,1100,1100,1100,100,0,750,919.3783923100023,161.67094200000065,2319.9825649999184,43009.1
1789904524,100,DELETE,DELETE /api/bookings/{id} [auth],3.100000,0.000000,330,390,430,440,480,500,610,610,610,610,610,47,0,340,370.11030689361763,160.31469099993956,1400.2631590000192,289.17021276595744
1789904524,100,GET,GET /api/bookings/me [auth],16.400000,0.000000,260,300,330,340,380,450,500,540,620,620,620,226,0,270,327.9182472389384,90.53112399999463,2131.379423999988,877.9159292035398
1789904524,100,GET,GET /api/events,63.500000,0.000000,220,260,280,300,350,380,460,490,580,580,580,1037,0,250,388.87446455930285,14.60263500007386,2176.4711910000187,8640.216972034716
1789904524,100,GET,GET /api/events/{id},23.400000,0.000000,230,280,310,320,360,420,490,520,550,550,550,388,0,260,419.85328659793987,22.819426000069143,2457.589189000032,428.83247422680415
1789904524,100,GET,GET /api/events?city,39.300000,0.000000,230,260,290,300,340,370,450,520,630,630,630,611,0,260,386.82923650736535,20.26550900006896,2086.489680999989,8665.525368248773
1789904524,100,POST,POST /api/auth/login,0.000000,0.000000,1900,1900,1900,1900,2800,2800,2800,2800,2800,2800,2800,30,0,2700,2581.041040066664,1665.7984360000455,4027.322984999955,414.3
1789904524,100,POST,POST /api/auth/register,0.000000,0.000000,3900,3900,3900,3900,4000,4000,4000,4000,4000,4000,4000,30,0,3100,2903.5319957666684,1031.5803199999891,3955.050796000023,131.76666666666668
1789904524,100,POST,POST /api/bookings [auth],13.200000,0.000000,290,340,360,370,450,470,510,570,580,580,580,180,0,320,366.19515223888834,125.97149800001262,2122.1652660000245,264.4888888888889
1789904524,100,,Aggregated,158.900000,0.000000,240,280,300,320,370,420,480,520,620,630,630,2649,0,270,459.1972157278212,14.60263500007386,4027.322984999955,7171.697999244998
1789904525,100,GET,/api/events [warmup],0.000000,0.000000,650,740,940,990,1100,1100,1100,1100,1100,1100,1100,100,0,750,919.3783923100023,161.67094200000065,2319.9825649999184,43009.1
1789904525,100,DELETE,DELETE /api/bookings/{id} [auth],3.100000,0.000000,330,390,410,430,480,500,610,610,610,610,610,56,0,350,367.55441201785465,160.31469099993956,1400.2631590000192,289.2857142857143
1789904525,100,GET,GET /api/bookings/me [auth],16.700000,0.000000,260,300,320,340,370,430,500,540,620,620,620,243,0,270,323.2481514567909,90.53112399999463,2131.379423999988,946.4197530864197
1789904525,100,GET,GET /api/events,64.900000,0.000000,230,260,290,300,350,380,460,510,580,580,580,1102,0,250,382.07798466878126,14.60263500007386,2176.4711910000187,8639.94283121597
1789904525,100,GET,GET /api/events/{id},24.100000,0.000000,240,290,310,320,360,410,470,500,540,540,540,415,0,260,409.0039014626526,22.819426000069143,2457.589189000032,428.7734939759036
1789904525,100,GET,GET /api/events?city,39.300000,0.000000,240,270,290,300,340,370,420,480,660,660,660,650,0,260,379.5306708200003,20.26550900006896,2086.489680999989,8665.633846153845
1789904525,100,POST,POST /api/auth/login,0.000000,0.000000,1900,1900,1900,1900,2800,2800,2800,2800,2800,2800,2800,30,0,2700,2581.041040066664,1665.7984360000455,4027.322984999955,414.3
1789904525,100,POST,POST /api/auth/register,0.000000,0.000000,3900,3900,3900,3900,4000,4000,4000,4000,4000,4000,4000,30,0,3100,2903.5319957666684,1031.5803199999891,3955.050796000023,131.76666666666668
1789904525,100,POST,POST /api/bookings [auth],13.200000,0.000000,290,360,370,390,450,470,510,570,590,590,590,193,0,330,365.3530209170983,125.97149800001262,2122.1652660000245,264.4974093264249
1789904525,100,,Aggregated,161.300000,0.000000,240,280,300,320,360,410,480,520,630,660,660,2819,0,270,448.24476958673245,14.60263500007386,4027.322984999955,7075.679318907414
1789904526,100,GET,/api/events [warmup],0.000000,0.000000,650,740,940,990,1100,1100,1100,1100,1100,1100,1100,100,0,750,919.3783923100023,161.67094200000065,2319.9825649999184,43009.1
1789904526,100,DELETE,DELETE /api/bookings/{id} [auth],3.400000,0.000000,360,420,430,450,490,500,610,610,610,610,610,61,0,360,375.82033831147044,160.31469099993956,1400.2631590000192,289.39344262295083
1789904526,100,GET,GET /api/bookings/me [auth],16.300000,0.000000,270,310,340,360,410,470,510,540,620,620,620,261,0,280,326.69155814176344,90.53112399999463,2131.379423999988,996.088122605364
1789904526,100,GET,GET /api/events,64.200000,0.000000,240,280,300,320,370,400,460,510,580,580,580,1157,0,250,378.89338783232324,14.60263500007386,2176.4711910000187,8639.80812445981
1789904526,100,GET,GET /api/events/{id},24.400000,0.000000,250,300,320,340,370,470,500,540,650,650,650,438,0,260,405.6947450958927,22.819426000069143,2457.589189000032,428.74429223744295
1789904526,100,GET,GET /api/events?city,38.300000,0.000000,240,280,290,310,350,410,460,490,660,660,660,679,0,260,376.9199263976437,20.26550900006896,2086.489680999989,8664.846833578793
1789904526,100,POST,POST /api/auth/login,0.000000,0.000000,1900,1900,1900,1900,2800,2800,2800,2800,2800,2800,2800,30,0,2700,2581.041040066664,1665.7984360000455,4027.322984999955,414.3
1789904526,100,POST,POST /api/auth/register,0.000000,0.000000,3900,3900,3900,3900,4000,4000,4000,4000,4000,4000,4000,30,0,3100,2903.5319957666684,1031.5803199999891,3955.050796000023,131.76666666666668
1789904526,100,POST,POST /api/bookings [auth],13.300000,0.000000,320,360,380,400,450,490,580,590,620,620,620,203,0,330,366.8967357980296,125.97149800001262,2122.1652660000245,264.5221674876847
1789904526,100,,Aggregated,159.900000,0.000000,250,290,320,340,390,440,500,540,650,660,660,2959,0,270,443.10550290064174,14.60263500007386,4027.322984999955,7001.047989185536
1789904527,100,GET,/api/events [warmup],0.000000,0.000000,650,740,940,990,1100,1100,1100,1100,1100,1100,1100,100,0,750,919.3783923100023,161.67094200000065,2319.9825649999184,43009.1
1789904527,100,DELETE,DELETE /api/bookings/{id} [auth],3.700000,0.000000,360,410,430,440,490,500,610,610,610,610,610,66,0,360,371.6674326969639,160.31469099993956,1400.2631590000192,289.40909090909093
1789904527,100,GET,GET /api/bookings/me [auth],16.600000,0.000000,260,300,340,360,410,460,500,540,620,620,620,279,0,270,320.56341277061006,90.53112399999463,2131.379423999988,1057.3978494623657
1789904527,100,GET,GET /api/events,64.200000,0.000000,230,270,300,320,360,400,450,490,570,570,570,1228,0,250,370.3653803900637,14.60263500007386,2176.4711910000187,8639.645765472313
1789904527,100,GET,GET /api/events/{id},24.900000,0.000000,240,290,310,340,370,470,500,540,650,650,650,460,0,260,397.12658154565423,22.819426000069143,2457.589189000032,428.8282608695652
1789904527,100,GET,GET /api/events?city,37.200000,0.000000,240,270,290,310,350,410,450,480,660,660,660,724,0,250,367.1405058950277,20.26550900006896,2086.489680999989,8666.052486187846
1789904527,100,POST,POST /api/auth/login,0.000000,0.000000,1900,1900,1900,1900,2800,2800,2800,2800,2800,2800,2800,30,0,2700,2581.041040066664,1665.7984360000455,4027.322984999955,414.3
1789904527,100,POST,POST /api/auth/register,0.000000,0.000000,0,0,0,0,0,0,0,0,0,0,0,30,0,3100,2903.5319957666684,1031.5803199999891,3955.050796000023,131.76666666666668
1789904527,100,POST,POST /api/bookings [auth],12.800000,0.000000,330,360,390,400,460,500,580,590,620,620,620,214,0,330,364.82625464018747,125.97149800001262,2122.1652660000245,264.55607476635515
1789904527,100,,Aggregated,159.400000,0.000000,240,290,320,340,380,440,490,520,650,660,660,3131,0,270,431.7507928514849,14.60263500007386,4027.322984999955,6952.727563078888
1789904528,100,GET,/api/events [warmup],0.000000,0.000000,650,740,940,990,1100,1100,1100,1100,1100,1100,1100,100,0,750,919.3783923100023,161.67094200000065,2319.9825649999184,43009.1
1789904528,100,DELETE,DELETE /api/bookings/{id} [auth],4.100000,0.000000,360,410,430,430,480,500,520,520,520,520,520,70,0,360,367.99819865713687,160.31469099993956,1400.2631590000192,289.42857142857144
1789904528,100,GET,GET /api/bookings/me [auth],16.900000,0.000000,260,290,340,360,400,460,500,540,620,620,620,296,0,270,313.64080729392043,90.53112399999463,2131.379423999988,1117.5844594594594
1789904528,100,GET,GET /api/events,64.000000,0.000000,230,270,290,310,360,400,450,490,570,570,570,1295,0,250,361.8786811459444,14.60263500007386,2176.4711910000187,8639.487258687259
1789904528,100,GET,GET /api/events/{id},25.800000,0.000000,230,270,310,320,370,460,500,540,650,650,650,486,0,250,386.2872625596725,22.819426000069143,2457.589189000032,428.75720164609055
1789904528,100,GET,GET /api/events?city,36.800000,0.000000,230,260,290,300,350,410,450,480,660,660,660,763,0,250,358.2298244469209,20.26550900006896,2086.489680999989,8665.669724770642
1789904528,100,POST,POST /api/auth/login,0.000000,0.000000,1900,1900,1900,1900,2800,2800,2800,2800,2800,2800,2800,30,0,2700,2581.041040066664,1665.7984360000455,4027.322984999955,414.3
1789904528,100,POST,POST /api/auth/register,0.000000,0.000000,0,0,0,0,0,0,0,0,0,0,0,30,0,3100,2903.5319957666684,1031.5803199999891,3955.050796000023,131.76666666666668
1789904528,100,POST,POST /api/bookings [auth],12.600000,0.000000,320,360,380,390,460,500,580,590,620,620,620,225,0,320,359.52551039111313,125.97149800001262,2122.1652660000245,264.56444444444446
1789904528,100,,Aggregated,160.200000,0.000000,240,280,310,340,380,430,490,520,650,660,660,3295,0,260,420.53525971168443,14.60263500007386,4027.322984999955,6900.24339908953
1789904529,100,GET,/api/events [warmup],0.000000,0.000000,0,0,0,0,0,0,0,0,0,0,0,100,0,750,919.3783923100023,161.67094200000065,2319.9825649999184,43009.1
1789904529,100,DELETE,DELETE /api/bookings/{id} [auth],4.300000,0.000000,360,400,430,430,480,500,520,520,520,520,520,73,0,350,366.16809283560985,160.31469099993956,1400.2631590000192,289.4657534246575
1789904529,100,GET,GET /api/bookings/me [auth],17.300000,0.000000,270,310,340,360,400,470,510,560,620,620,620,315,0,270,313.2622610126993,90.53112399999463,2131.379423999988,1173.5555555555557
1789904529,100,GET,GET /api/events,64.400000,0.000000,240,270,300,320,370,400,450,490,570,570,570,1352,0,250,357.8110888380162,14.60263500007386,2176.4711910000187,8639.417899408283
1789904529,100,GET,GET /api/events/{id},25.500000,0.000000,240,280,310,330,380,460,500,540,650,650,650,505,0,260,381.87704533663566,22.819426000069143,2457.589189000032,428.73267326732673
1789904529,100,GET,GET /api/events?city,35.500000,0.000000,230,270,290,310,350,410,450,480,660,660,660,802,0,250,353.6722509476321,20.26550900006896,2086.489680999989,8666.155860349127
1789904529,100,POST,POST /api/auth/login,0.000000,0.000000,0,0,0,0,0,0,0,0,0,0,0,30,0,2700,2581.041040066664,1665.7984360000455,4027.322984999955,414.3
1789904529,100,POST,POST /api/auth/register,0.000000,0.000000,0,0,0,0,0,0,0,0,0,0,0,30,0,3100,2903.5319957666684,1031.5803199999891,3955.050796000023,131.76666666666668
1789904529,100,POST,POST /api/bookings [auth],12.600000,0.000000,330,360,380,390,460,500,580,590,620,620,620,236,0,320,358.278297855934,125.97149800001262,2122.1652660000245,264.58898305084745
1789904529,100,,Aggregated,159.600000,0.000000,250,290,320,340,380,430,490,520,650,660,660,3443,0,260,414.3741611559692,14.60263500007386,4027.322984999955,6859.6561138541965
1789904530,100,GET,/api/events [warmup],0.000000,0.000000,0,0,0,0,0,0,0,0,0,0,0,100,0,750,919.3783923100023,161.67094200000065,2319.9825649999184,43009.1
1789904530,100,DELETE,DELETE /api/bookings/{id} [auth],4.400000,0.000000,360,410,430,430,480,500,520,520,520,520,520,76,0,360,366.65103143420475,160.31469099993956,1400.2631590000192,289.4605263157895
1789904530,100,GET,GET /api/bookings/me [auth],17.000000,0.000000,260,320,350,370,420,480,500,510,560,560,560,328,0,270,314.23489927743987,90.53112399999463,2131.379423999988,1213.2560975609756
1789904530,100,GET,GET /api/events,65.700000,0.000000,240,290,310,330,380,430,480,510,670,670,670,1416,0,250,356.6340245338964,14.60263500007386,2176.4711910000187,8639.33615819209
1789904530,100,GET,GET /api/events/{id},24.200000,0.000000,240,290,320,350,420,480,500,520,650,650,650,531,0,260,380.42875750659374,22.819426000069143,2457.589189000032,428.71939736346513
1789904530,100,GET,GET /api/events?city,36.200000,0.000000,240,270,300,330,380,420,460,490,660,660,660,832,0,250,352.64157717067377,20.26550900006896,2086.489680999989,8665.598557692309
1789904530,100,POST,POST /api/auth/login,0.000000,0.000000,0,0,0,0,0,0,0,0,0,0,0,30,0,2700,2581.041040066664,1665.7984360000455,4027.322984999955,414.3
1789904530,100,POST,POST /api/auth/register,0.000000,0.000000,0,0,0,0,0,0,0,0,0,0,0,30,0,3100,2903.5319957666684,1031.5803199999891,3955.050796000023,131.76666666666668
1789904530,100,POST,POST /api/bookings [auth],12.600000,0.000000,340,380,410,430,510,590,620,630,690,690,690,255,0,330,366.8202084509822,125.97149800001262,2122.1652660000245,264.61960784313726
1789904530,100,,Aggregated,160.100000,0.000000,250,300,340,350,410,460,500,550,670,690,690,3598,0,270,411.71427181628724,14.60263500007386,4027.322984999955,6802.513896609227
1789904531,100,GET,/api/events [warmup],0.000000,0.000000,0,0,0,0,0,0,0,0,0,0,0,100,0,750,919.3783923100023,161.67094200000065,2319.9825649999184,43009.1
1789904531,100,DELETE,DELETE /api/bookings/{id} [auth],4.900000,0.000000,370,420,430,450,490,500,520,520,520,520,520,83,0,360,366.12622036143983,160.31469099993956,1400.2631590000192,289.49397590361446
1789904531,100,GET,GET /api/bookings/me [auth],17.700000,0.000000,260,310,350,370,410,480,500,510,560,560,560,340,0,270,311.822325991177,90.53112399999463,2131.379423999988,1256.229411764706
1789904531,100,GET,GET /api/events,65.500000,0.000000,250,290,310,330,380,430,480,520,670,670,670,1471,0,250,351.8178148273263,14.60263500007386,2176.4711910000187,8639.229775662814
1789904531,100,GET,GET /api/events/{id},24.500000,0.000000,240,290,320,350,430,480,500,520,650,650,650,554,0,260,374.35558946029045,22.819426000069143,2457.589189000032,428.7093862815884
1789904531,100,GET,GET /api/events?city,36.600000,0.000000,230,270,300,320,380,420,460,490,660,660,660,873,0,250,346.3946441660943,20.26550900006896,2086.489680999989,8666.16036655212
1789904531,100,POST,POST /api/auth/login,0.000000,0.000000,0,0,0,0,0,0,0,0,0,0,0,30,0,2700,2581.041040066664,1665.7984360000455,4027.322984999955,414.3
1789904531,100,POST,POST /api/auth/register,0.000000,0.000000,0,0,0,0,0,0,0,0,0,0,0,30,0,3100,2903.5319957666684,1031.5803199999891,3955.050796000023,131.76666666666668
1789904531,100,POST,POST /api/bookings [auth],11.800000,0.000000,340,380,410,430,510,590,620,630,690,690,690,266,0,330,364.6183484511294,125.97149800001262,2122.1652660000245,264.64285714285717
1789904531,100,,Aggregated,161.000000,0.000000,250,300,330,350,410,460,500,550,670,690,690,3747,0,270,404.9082211502539,14.60263500007386,4027.322984999955,6765.466506538564
1789904532,100,GET,/api/events [warmup],0.000000,0.000000,0,0,0,0,0,0,0,0,0,0,0,100,0,750,919.3783923100023,161.67094200000065,2319.9825649999184,43009.1
1789904532,100,DELETE,DELETE /api/bookings/{id} [auth],4.900000,0.000000,360,400,430,430,460,500,500,520,520,520,520,87,0,350,363.25838536780935,160.31469099993956,1400.2631590000192,289.5402298850575
1789904532,100,GET,GET /api/bookings/me [auth],18.000000,0.000000,260,320,350,370,410,480,500,510,560,560,560,354,0,270,309.1224871497186,90.53112399999463,2131.379423999988,1318.3305084745762
1789904532,100,GET,GET /api/events,64.800000,0.000000,250,290,310,330,370,430,480,510,670,670,670,1544,0,250,346.1971596651531,14.60263500007386,2176.4711910000187,8639.126295336788
1789904532,100,GET,GET /api/events/{id},24.000000,0.000000,240,290,320,350,430,480,500,520,650,650,650,582,0,260,367.62995617182264,22.819426000069143,2457.589189000032,428.6666666666667
1789904532,100,GET,GET /api/events?city,36.900000,0.000000,240,270,300,330,390,420,480,490,660,660,660,912,0,250,342.23350112609603,20.26550900006896,2086.489680999989,8666.241228070176
1789904532,100,POST,POST /api/auth/login,0.000000,0.000000,0,0,0,0,0,0,0,0,0,0,0,30,0,2700,2581.041040066664,1665.7984360000455,4027.322984999955,414.3
1789904532,100,POST,POST /api/auth/register,0.000000,0.000000,0,0,0,0,0,0,0,0,0,0,0,30,0,3100,2903.5319957666684,1031.5803199999891,3955.050796000023,131.76666666666668
1789904532,100,POST,POST /api/bookings [auth],11.200000,0.000000,340,380,410,430,480,580,620,630,690,690,690,283,0,330,362.98690355477186,125.97149800001262,2122.1652660000245,264.6749116607774
1789904532,100,,Aggregated,159.800000,0.000000,250,300,330,350,410,460,500,550,670,690,690,3922,0,260,397.9702106149927,14.60263500007386,4027.322984999955,6725.135390107088
1789904533,100,GET,/api/events [warmup],0.000000,0.000000,0,0,0,0,0,0,0,0,0,0,0,100,0,750,919.3783923100023,161.67094200000065,2319.9825649999184,43009.1
1789904533,100,DELETE,DELETE /api/bookings/{id} [auth],5.000000,0.000000,360,410,430,430,470,500,520,520,520,520,520,88,0,350,362.6568739886292,160.31469099993956,1400.2631590000192,289.54545454545456
1789904533,100,GET,GET /api/bookings/me [auth],16.500000,0.000000,260,310,340,370,410,470,500,510,560,560,560,376,0,270,305.8330562207456,90.53112399999463,2131.379423999988,1391.6462765957447
1789904533,100,GET,GET /api/events,64.000000,0.000000,240,280,310,330,370,420,460,490,670,670,670,1607,0,250,341.10166264467796,14.60263500007386,2176.4711910000187,8639.017423771002
1789904533,100,GET,GET /api/events/{id},24.400000,0.000000,250,290,310,350,420,480,500,520,650,650,650,608,0,260,362.03238248519875,22.819426000069143,2457.589189000032,428.6118421052632
1789904533,100,GET,GET /api/events?city,35.700000,0.000000,230,270,300,320,370,420,460,490,660,660,660,952,0,240,336.269509334033,20.26550900006896,2086.489680999989,8665.69642857143
1789904533,100,POST,POST /api/auth/login,0.000000,0.000000,0,0,0,0,0,0,0,0,0,0,0,30,0,2700,2581.041040066664,1665.7984360000455,4027.322984999955,414.3
1789904533,100,POST,POST /api/auth/register,0.000000,0.000000,0,0,0,0,0,0,0,0,0,0,0,30,0,3100,2903.5319957666684,1031.5803199999891,3955.050796000023,131.76666666666668
1789904533,100,POST,POST /api/bookings [auth],12.400000,0.000000,340,380,420,430,500,590,620,630,690,690,690,292,0,330,360.457041503427,125.97149800001262,2122.1652660000245,264.69520547945206
1789904533,100,,Aggregated,158.000000,0.000000,250,290,330,350,400,450,500,540,670,690,690,4083,0,260,391.14135532255744,14.60263500007386,4027.322984999955,6695.21479304433
1789904534,100,GET,/api/events [warmup],0.000000,0.000000,0,0,0,0,0,0,0,0,0,0,0,100,0,750,919.3783923100023,161.67094200000065,2319.9825649999184,43009.1
1789904534,100,DELETE,DELETE /api/bookings/{id} [auth],5.100000,0.000000,380,410,430,450,470,500,590,590,590,590,590,92,0,360,366.0898277608626,160.31469099993956,1400.2631590000192,289.54347826086956
1789904534,100,GET,GET /api/bookings/me [auth],16.200000,0.000000,260,310,340,370,410,460,490,510,560,560,560,391,0,270,306.32587636061425,90.53112399999463,2131.379423999988,1443.3503836317136
1789904534,100,GET,GET /api/events,64.700000,0.000000,250,290,310,330,370,420,460,510,670,670,670,1667,0,250,339.3213208902198,14.60263500007386,2176.4711910000187,8638.950809838032
1789904534,100,GET,GET /api/events/{id},25.100000,0.000000,260,290,320,350,400,470,500,510,650,650,650,632,0,260,359.9148325332295,22.819426000069143,2457.589189000032,428.65348101265823
1789904534,100,GET,GET /api/events?city,36.300000,0.000000,240,280,300,320,390,450,490,540,660,660,660,995,0,250,336.1796622090445,20.26550900006896,2086.489680999989,8665.934673366834
1789904534,100,POST,POST /api/auth/login,0.000000,0.000000,0,0,0,0,0,0,0,0,0,0,0,30,0,2700,2581.041040066664,1665.7984360000455,4027.322984999955,414.3
1789904534,100,POST,POST /api/auth/register,0.000000,0.000000,0,0,0,0,0,0,0,0,0,0,0,30,0,3100,2903.5319957666684,1031.5803199999891,3955.050796000023,131.76666666666668
1789904534,100,POST,POST /api/bookings [auth],12.600000,0.000000,350,380,420,430,510,590,630,680,690,690,690,305,0,330,362.27467185901776,125.97149800001262,2122.1652660000245,264.6983606557377
1789904534,100,,Aggregated,160.000000,0.000000,250,300,330,350,410,450,510,590,680,690,690,4242,0,260,388.50449481777497,14.60263500007386,4027.322984999955,6667.528995756718
1789904535,100,GET,/api/events [warmup],0.000000,0.000000,0,0,0,0,0,0,0,0,0,0,0,100,0,750,919.3783923100023,161.67094200000065,2319.9825649999184,43009.1
1789904535,100,DELETE,DELETE /api/bookings/{id} [auth],5.100000,0.000000,360,420,430,450,470,500,590,590,590,590,590,97,0,350,363.85546054638553,160.31469099993956,1400.2631590000192,289.58762886597935
1789904535,100,GET,GET /api/bookings/me [auth],16.100000,0.000000,260,300,330,370,400,460,490,510,560,560,560,411,0,270,304.3966508199518,90.53112399999463,2131.379423999988,1514.6861313868612
1789904535,100,GET,GET /api/events,63.700000,0.000000,240,280,310,330,370,420,460,490,670,670,670,1731,0,250,336.19526525245266,14.60263500007386,2176.4711910000187,8638.910456383594
1789904535,100,GET,GET /api/events/{id},24.400000,0.000000,250,290,320,350,400,470,500,510,650,650,650,656,0,260,355.3271904496967,22.819426000069143,2457.589189000032,428.6295731707317
1789904535,100,GET,GET /api/events?city,36.600000,0.000000,240,270,300,330,390,450,520,540,710,710,710,1036,0,250,333.3659873918913,20.26550900006896,2086.489680999989,8665.81081081081
1789904535,100,POST,POST /api/auth/login,0.000000,0.000000,0,0,0,0,0,0,0,0,0,0,0,30,0,2700,2581.041040066664,1665.7984360000455,4027.322984999955,414.3
1789904535,100,POST,POST /api/auth/register,0.000000,0.000000,0,0,0,0,0,0,0,0,0,0,0,30,0,3100,2903.5319957666684,1031.5803199999891,3955.050796000023,131.76666666666668
1789904535,100,POST,POST /api/bookings [auth],12.500000,0.000000,340,380,420,440,510,610,630,680,690,690,690,316,0,330,361.3704049493674,125.97149800001262,2122.1652660000245,264.6993670886076
1789904535,100,,Aggregated,158.400000,0.000000,250,300,330,350,410,450,510,580,690,710,710,4407,0,260,383.81776388813233,14.60263500007386,4027.322984999955,6640.45336963921
1789904536,100,GET,/api/events [warmup],0.000000,0.000000,0,0,0,0,0,0,0,0,0,0,0,100,0,750,919.3783923100023,161.67094200000065,2319.9825649999184,43009.1
1789904536,100,DELETE,DELETE /api/bookings/{id} [auth],4.900000,0.000000,340,380,410,420,460,500,590,590,590,590,590,106,0,350,362.53073995282347,160.31469099993956,1400.2631590000192,289.62264150943395
1789904536,100,GET,GET /api/bookings/me [auth],16.400000,0.000000,260,290,320,330,390,410,490,510,560,560,560,424,0,270,302.70074803301884,74.4635590000371,2131.379423999988,1561.4834905660377
1789904536,100,GET,GET /api/events,64.000000,0.000000,240,270,300,310,360,410,460,510,670,670,670,1802,0,250,332.8088600316291,14.60263500007386,2176.4711910000187,8638.853496115427
1789904536,100,GET,GET /api/events/{id},24.500000,0.000000,230,280,310,320,370,430,470,490,510,510,510,677,0,250,350.57300186263086,22.819426000069143,2457.589189000032,428.63515509601183
1789904536,100,GET,GET /api/events?city,37.500000,0.000000,230,260,290,310,360,420,520,540,710,710,710,1076,0,250,329.6485383745348,20.26550900006896,2086.489680999989,8665.873605947956
1789904536,100,POST,POST /api/auth/login,0.000000,0.000000,0,0,0,0,0,0,0,0,0,0,0,30,0,2700,2581.041040066664,1665.7984360000455,4027.322984999955,414.3
1789904536,100,POST,POST /api/auth/register,0.000000,0.000000,0,0,0,0,0,0,0,0,0,0,0,30,0,3100,2903.5319957666684,1031.5803199999891,3955.050796000023,131.76666666666668
1789904536,100,POST,POST /api/bookings [auth],11.900000,0.000000,330,380,420,430,480,610,680,680,690,690,690,325,0,330,361.4855284246161,125.97149800001262,2122.1652660000245,264.6953846153846
1789904536,100,,Aggregated,159.200000,0.000000,250,280,310,330,390,430,500,560,690,710,710,4570,0,260,379.10120743413563,14.60263500007386,4027.322984999955,6625.375711159737
1789904537,100,GET,/api/events [warmup],0.000000,0.000000,0,0,0,0,0,0,0,0,0,0,0,100,0,750,919.3783923100023,161.67094200000065,2319.9825649999184,43009.1
1789904537,100,DELETE,DELETE /api/bookings/{id} [auth],4.200000,0.000000,340,380,420,420,460,500,590,590,590,590,590,109,0,340,360.1962469541218,160.31469099993956,1400.2631590000192,289.6330275229358
1789904537,100,GET,GET /api/bookings/me [auth],16.600000,0.000000,260,290,320,330,390,410,490,510,560,560,560,443,0,260,299.45987907449245,74.4635590000371,2131.379423999988,1628.1467268623026
1789904537,100,GET,GET /api/events,63.200000,0.000000,230,270,300,310,360,410,460,510,670,670,670,1863,0,250,329.60887851529594,14.60263500007386,2176.4711910000187,8638.754159957058
1789904537,100,GET,GET /api/events/{id},24.200000,0.000000,240,280,310,320,380,430,470,490,510,510,510,710,0,250,344.2517391464804,22.819426000069143,2457.589189000032,428.65492957746477
1789904537,100,GET,GET /api/events?city,38.800000,0.000000,230,260,290,320,360,420,520,540,710,710,710,1116,0,240,325.2927520600351,20.26550900006896,2086.489680999989,8665.998207885305
1789904537,100,POST,POST /api/auth/login,0.000000,0.000000,0,0,0,0,0,0,0,0,0,0,0,30,0,2700,2581.041040066664,1665.7984360000455,4027.322984999955,414.3
1789904537,100,POST,POST /api/auth/register,0.000000,0.000000,0,0,0,0,0,0,0,0,0,0,0,30,0,3100,2903.5319957666684,1031.5803199999891,3955.050796000023,131.76666666666668
1789904537,100,POST,POST /api/bookings [auth],12.800000,0.000000,340,380,420,430,510,620,680,680,690,690,690,337,0,330,359.81733892878464,125.97149800001262,2122.1652660000245,264.70029673590506
1789904537,100,,Aggregated,159.800000,0.000000,250,280,320,330,390,440,510,560,690,710,710,4738,0,260,373.82067911355006,14.60263500007386,4027.322984999955,6591.163571127058
1789904538,100,GET,/api/events [warmup],0.000000,0.000000,0,0,0,0,0,0,0,0,0,0,0,100,0,750,919.3783923100023,161.67094200000065,2319.9825649999184,43009.1
1789904538,100,DELETE,DELETE /api/bookings/{id} [auth],4.400000,0.000000,340,400,420,420,460,510,590,590,590,590,590,113,0,340,359.3403301061876,160.31469099993956,1400.2631590000192,289.6725663716814
1789904538,100,GET,GET /api/bookings/me [auth],16.900000,0.000000,260,300,320,340,390,410,490,510,560,560,560,467,0,270,298.6307850556753,74.4635590000371,2131.379423999988,1702.1498929336187
1789904538,100,GET,GET /api/events,63.200000,0.000000,240,280,310,320,370,410,460,510,670,670,670,1936,0,250,326.6382907283038,14.60263500007386,2176.4711910000187,8638.637913223141
1789904538,100,GET,GET /api/events/{id},24.100000,0.000000,240,280,310,340,390,430,490,490,510,510,510,738,0,250,340.2748155826573,22.819426000069143,2457.589189000032,428.61653116531164
1789904538,100,GET,GET /api/events?city,39.100000,0.000000,240,270,300,320,370,420,520,540,710,710,710,1154,0,240,322.5626156525128,20.26550900006896,2086.489680999989,8666.4575389948
1789904538,100,POST,POST /api/auth/login,0.000000,0.000000,0,0,0,0,0,0,0,0,0,0,0,30,0,2700,2581.041040066664,1665.7984360000455,4027.322984999955,414.3
1789904538,100,POST,POST /api/auth/register,0.000000,0.000000,0,0,0,0,0,0,0,0,0,0,0,30,0,3100,2903.5319957666684,1031.5803199999891,3955.050796000023,131.76666666666668
1789904538,100,POST,POST /api/bookings [auth],12.200000,0.000000,350,410,420,440,510,620,680,680,690,690,690,344,0,330,359.7821247790706,125.97149800001262,2122.1652660000245,264.7063953488372
1789904538,100,,Aggregated,159.900000,0.000000,250,290,320,340,400,440,510,560,690,710,710,4912,0,260,369.7145599279317,14.60263500007386,4027.322984999955,6571.213762214984
1789904539,100,GET,/api/events [warmup],0.000000,0.000000,0,0,0,0,0,0,0,0,0,0,0,100,0,750,919.3783923100023,161.67094200000065,2319.9825649999184,43009.1
1789904539,100,DELETE,DELETE /api/bookings/{id} [auth],4.600000,0.000000,340,380,420,420,460,510,590,590,590,590,590,118,0,350,358.1996740677905,160.31469099993956,1400.2631590000192,289.66101694915255
1789904539,100,GET,GET /api/bookings/me [auth],16.100000,0.000000,260,300,320,330,380,400,410,490,510,510,510,479,0,270,298.3747655929025,74.4635590000371,2131.379423999988,1738.60751565762
1789904539,100,GET,GET /api/events,63.700000,0.000000,240,270,300,310,360,400,460,510,670,670,670,1999,0,250,323.72159684241916,14.60263500007386,2176.4711910000187,8638.606303151575
1789904539,100,GET,GET /api/events/{id},24.500000,0.000000,240,280,310,320,380,420,460,490,510,510,510,764,0,250,337.5043882395298,22.819426000069143,2457.589189000032,428.5916230366492
1789904539,100,GET,GET /api/events?city,39.400000,0.000000,230,260,290,310,360,420,520,540,710,710,710,1188,0,240,319.90567311363606,20.26550900006896,2086.489680999989,8666.723905723906
1789904539,100,POST,POST /api/auth/login,0.000000,0.000000,0,0,0,0,0,0,0,0,0,0,0,30,0,2700,2581.041040066664,1665.7984360000455,4027.322984999955,414.3
1789904539,100,POST,POST /api/auth/register,0.000000,0.000000,0,0,0,0,0,0,0,0,0,0,0,30,0,3100,2903.5319957666684,1031.5803199999891,3955.050796000023,131.76666666666668
1789904539,100,POST,POST /api/bookings [auth],12.200000,0.000000,340,390,420,440,500,610,680,680,690,690,690,357,0,330,357.6341296750704,125.97149800001262,2122.1652660000245,264.7226890756302
1789904539,100,,Aggregated,160.500000,0.000000,250,290,310,330,390,430,500,550,690,710,710,5065,0,260,366.1125870130307,14.60263500007386,4027.322984999955,6549.033958538993
1789904540,100,GET,/api/events [warmup],0.000000,0.000000,0,0,0,0,0,0,0,0,0,0,0,100,0,750,919.3783923100023,161.67094200000065,2319.9825649999184,43009.1
1789904540,100,DELETE,DELETE /api/bookings/{id} [auth],4.300000,0.000000,330,360,390,420,460,510,590,590,590,590,590,123,0,340,356.9705817073112,160.31469099993956,1400.2631590000192,289.6910569105691
1789904540,100,GET,GET /api/bookings/me [auth],16.300000,0.000000,260,290,310,320,360,400,410,450,510,510,510,496,0,270,295.8268925463712,74.4635590000371,2131.379423999988,1790.828629032258
1789904540,100,GET,GET /api/events,63.400000,0.000000,230,260,280,300,340,380,440,470,660,660,660,2073,0,240,320.22964827447953,14.60263500007386,2176.4711910000187,8638.54172696575
1789904540,100,GET,GET /api/events/{id},24.300000,0.000000,230,270,290,310,350,400,430,460,490,490,490,793,0,250,333.54977318285097,22.819426000069143,2457.589189000032,428.5863808322825
1789904540,100,GET,GET /api/events?city,38.900000,0.000000,220,260,280,300,340,410,490,540,710,710,710,1225,0,240,317.02264843673447,20.26550900006896,2086.489680999989,8666.626122448979
1789904540,100,POST,POST /api/auth/login,0.000000,0.000000,0,0,0,0,0,0,0,0,0,0,0,30,0,2700,2581.041040066664,1665.7984360000455,4027.322984999955,414.3
1789904540,100,POST,POST /api/auth/register,0.000000,0.000000,0,0,0,0,0,0,0,0,0,0,0,30,0,3100,2903.5319957666684,1031.5803199999891,3955.050796000023,131.76666666666668
1789904540,100,POST,POST /api/bookings [auth],11.700000,0.000000,320,360,390,410,460,480,680,680,680,680,680,368,0,330,355.72045921467395,125.97149800001262,2122.1652660000245,264.7228260869565
1789904540,100,,Aggregated,158.900000,0.000000,240,270,300,310,360,410,470,520,680,710,710,5238,0,260,361.72421819243976,14.60263500007386,4027.322984999955,6529.739595265369
1789904541,100,GET,/api/events [warmup],0.000000,0.000000,0,0,0,0,0,0,0,0,0,0,0,100,0,750,919.3783923100023,161.67094200000065,2319.9825649999184,43009.1
1789904541,100,DELETE,DELETE /api/bookings/{id} [auth],4.200000,0.000000,310,360,390,400,460,510,590,590,590,590,590,125,0,340,355.27733298399374,160.31469099993956,1400.2631590000192,289.688
1789904541,100,GET,GET /api/bookings/me [auth],16.400000,0.000000,250,280,300,310,360,380,410,410,450,450,450,517,0,260,292.69583064796933,74.4635590000371,2131.379423999988,1863.5705996131528
1789904541,100,GET,GET /api/events,63.500000,0.000000,230,260,280,290,340,380,440,470,660,660,660,2140,0,240,317.3022050714938,14.60263500007386,2176.4711910000187,8638.468691588785
1789904541,100,GET,GET /api/events/{id},25.000000,0.000000,230,260,290,300,350,380,420,430,490,490,490,814,0,240,331.03386969287556,22.819426000069143,2457.589189000032,428.5859950859951
1789904541,100,GET,GET /api/events?city,39.300000,0.000000,230,250,280,300,330,410,490,540,710,710,710,1263,0,240,314.60562553602523,20.26550900006896,2086.489680999989,8665.625494853522
1789904541,100,POST,POST /api/auth/login,0.000000,0.000000,0,0,0,0,0,0,0,0,0,0,0,30,0,2700,2581.041040066664,1665.7984360000455,4027.322984999955,414.3
1789904541,100,POST,POST /api/auth/register,0.000000,0.000000,0,0,0,0,0,0,0,0,0,0,0,30,0,3100,2903.5319957666684,1031.5803199999891,3955.050796000023,131.76666666666668
1789904541,100,POST,POST /api/bookings [auth],11.500000,0.000000,300,340,370,400,460,500,680,680,680,680,680,380,0,330,354.3953780894739,125.97149800001262,2122.1652660000245,264.7552631578947
1789904541,100,,Aggregated,159.900000,0.000000,240,270,290,310,360,400,460,520,680,710,710,5399,0,260,357.97626947268,14.60263500007386,4027.322984999955,6519.254121133543
1789904542,100,GET,/api/events [warmup],0.000000,0.000000,0,0,0,0,0,0,0,0,0,0,0,100,0,750,919.3783923100023,161.67094200000065,2319.9825649999184,43009.1
1789904542,100,DELETE,DELETE /api/bookings/{id} [auth],4.300000,0.000000,340,370,400,420,490,560,590,590,590,590,590,133,0,340,356.17045392480645,160.31469099993956,1400.2631590000192,289.69172932330827
1789904542,100,GET,GET /api/bookings/me [auth],15.700000,0.000000,260,290,310,320,370,400,530,540,610,610,610,530,0,260,294.2254011377363,74.4635590000371,2131.379423999988,1904.2509433962264
1789904542,100,GET,GET /api/events,64.600000,0.000000,230,260,290,300,340,390,440,470,660,660,660,2200,0,240,315.9868509245438,14.60263500007386,2176.4711910000187,8638.44
1789904542,100,GET,GET /api/events/{id},25.400000,0.000000,230,270,290,320,360,380,420,430,490,490,490,842,0,250,329.16434093586787,22.819426000069143,2457.589189000032,428.55938242280286
1789904542,100,GET,GET /api/events?city,38.000000,0.000000,230,260,280,300,350,410,490,560,710,710,710,1299,0,240,313.38379386759027,20.26550900006896,2086.489680999989,8665.85142417244
1789904542,100,POST,POST /api/auth/login,0.000000,0.000000,0,0,0,0,0,0,0,0,0,0,0,30,0,2700,2581.041040066664,1665.7984360000455,4027.322984999955,414.3
1789904542,100,POST,POST /api/auth/register,0.000000,0.000000,0,0,0,0,0,0,0,0,0,0,0,30,0,3100,2903.5319957666684,1031.5803199999891,3955.050796000023,131.76666666666668
1789904542,100,POST,POST /api/bookings [auth],11.900000,0.000000,310,350,390,420,470,510,680,680,680,680,680,395,0,330,354.022223787342,125.97149800001262,2122.1652660000245,264.7721518987342
1789904542,100,,Aggregated,159.900000,0.000000,240,280,300,320,370,410,480,540,680,710,710,5559,0,260,356.00592498884646,14.60263500007386,4027.322984999955,6492.5373268573485
1789904543,100,GET,/api/events [warmup],0.000000,0.000000,0,0,0,0,0,0,0,0,0,0,0,100,0,750,919.3783923100023,161.67094200000065,2319.9825649999184,43009.1
1789904543,100,DELETE,DELETE /api/bookings/{id} [auth],4.500000,0.000000,340,370,400,420,490,560,590,590,590,590,590,135,0,340,355.249575511105,160.31469099993956,1400.2631590000192,289.72592592592594
1789904543,100,GET,GET /api/bookings/me [auth],16.900000,0.000000,260,290,310,320,380,410,530,540,610,610,610,541,0,260,294.0076973678374,74.4635590000371,2131.379423999988,1940.935304990758
1789904543,100,GET,GET /api/events,65.200000,0.000000,230,260,290,310,350,390,440,470,660,660,660,2251,0,240,314.43268405241963,14.60263500007386,2176.4711910000187,8638.405597512217
1789904543,100,GET,GET /api/events/{id},26.000000,0.000000,230,270,290,310,360,380,430,460,490,490,490,859,0,240,326.881253370199,22.819426000069143,2457.589189000032,428.5750873108265
1789904543,100,GET,GET /api/events?city,39.100000,0.000000,230,260,290,310,380,410,490,560,710,710,710,1333,0,240,312.2166257096775,20.26550900006896,2086.489680999989,8665.175543885971
1789904543,100,POST,POST /api/auth/login,0.000000,0.000000,0,0,0,0,0,0,0,0,0,0,0,30,0,2700,2581.041040066664,1665.7984360000455,4027.322984999955,414.3
1789904543,100,POST,POST /api/auth/register,0.000000,0.000000,0,0,0,0,0,0,0,0,0,0,0,30,0,3100,2903.5319957666684,1031.5803199999891,3955.050796000023,131.76666666666668
1789904543,100,POST,POST /api/bookings [auth],11.200000,0.000000,300,350,390,410,470,510,680,680,680,680,680,406,0,330,352.0219372684737,125.97149800001262,2122.1652660000245,264.7758620689655
1789904543,100,,Aggregated,162.900000,0.000000,240,280,300,320,380,420,480,540,680,710,710,5685,0,260,353.7689576649075,14.60263500007386,4027.322984999955,6486.86473175022
1789904544,100,GET,/api/events [warmup],0.000000,0.000000,0,0,0,0,0,0,0,0,0,0,0,100,0,750,919.3783923100023,161.67094200000065,2319.9825649999184,43009.1
1789904544,100,DELETE,DELETE /api/bookings/{id} [auth],4.200000,0.000000,340,390,420,450,560,590,660,660,660,660,660,141,0,350,363.05287334041844,160.31469099993956,1400.2631590000192,289.7659574468085
1789904544,100,GET,GET /api/bookings/me [auth],17.700000,0.000000,260,290,320,330,420,530,630,650,720,720,720,558,0,260,298.30685970430136,74.4635590000371,2131.379423999988,1999.5752688172042
1789904544,100,GET,GET /api/events,66.200000,0.000000,230,270,290,310,370,410,500,520,590,590,590,2292,0,240,315.74441695898656,14.60263500007386,2176.4711910000187,8638.37652705061
1789904544,100,GET,GET /api/events/{id},25.200000,0.000000,230,270,290,330,380,490,540,570,590,590,590,881,0,250,329.1268841248591,22.819426000069143,2457.589189000032,428.55732122587966
1789904544,100,GET,GET /api/events?city,38.100000,0.000000,230,260,300,320,380,430,520,540,710,710,710,1366,0,240,313.3958457562226,20.26550900006896,2086.489680999989,8665.527086383601
1789904544,100,POST,POST /api/auth/login,0.000000,0.000000,0,0,0,0,0,0,0,0,0,0,0,30,0,2700,2581.041040066664,1665.7984360000455,4027.322984999955,414.3
1789904544,100,POST,POST /api/auth/register,0.000000,0.000000,0,0,0,0,0,0,0,0,0,0,0,30,0,3100,2903.5319957666684,1031.5803199999891,3955.050796000023,131.76666666666668
1789904544,100,POST,POST /api/bookings [auth],10.700000,0.000000,300,350,390,410,470,570,680,680,680,680,680,414,0,330,354.1869728502423,125.97149800001262,2122.1652660000245,264.78985507246375
1789904544,100,,Aggregated,162.100000,0.000000,240,280,310,330,400,470,540,590,710,720,720,5812,0,260,354.8692074688575,14.60263500007386,4027.322984999955,6468.919993117687
1789904545,100,GET,/api/events [warmup],0.000000,0.000000,0,0,0,0,0,0,0,0,0,0,0,100,0,750,919.3783923100023,161.67094200000065,2319.9825649999184,43009.1
1789904545,100,DELETE,DELETE /api/bookings/{id} [auth],4.600000,0.000000,340,400,430,490,560,590,660,660,660,660,660,146,0,350,363.4398512739661,160.31469099993956,1400.2631590000192,289.7739726027397
1789904545,100,GET,GET /api/bookings/me [auth],17.000000,0.000000,260,300,320,330,440,530,640,710,720,720,720,578,0,260,298.9226441072663,74.4635590000371,2131.379423999988,2060.370242214533
1789904545,100,GET,GET /api/events,65.200000,0.000000,230,270,300,320,390,430,500,520,590,590,590,2376,0,240,314.4378416641402,14.60263500007386,2176.4711910000187,8638.289141414141
1789904545,100,GET,GET /api/events/{id},26.000000,0.000000,230,280,310,340,400,500,540,570,590,590,590,915,0,250,327.7714021081975,22.819426000069143,2457.589189000032,428.51584699453554
1789904545,100,GET,GET /api/events?city,37.900000,0.000000,230,260,300,320,390,430,500,540,620,620,620,1406,0,240,311.6239874231863,20.26550900006896,2086.489680999989,8665.27027027027
1789904545,100,POST,POST /api/auth/login,0.000000,0.000000,0,0,0,0,0,0,0,0,0,0,0,30,0,2700,2581.041040066664,1665.7984360000455,4027.322984999955,414.3
1789904545,100,POST,POST /api/auth/register,0.000000,0.000000,0,0,0,0,0,0,0,0,0,0,0,30,0,3100,2903.5319957666684,1031.5803199999891,3955.050796000023,131.76666666666668
1789904545,100,POST,POST /api/bookings [auth],11.300000,0.000000,300,360,390,420,480,620,680,680,680,680,680,426,0,330,354.27549715962556,125.97149800001262,2122.1652660000245,264.7957746478873
1789904545,100,,Aggregated,162.000000,0.000000,240,280,320,340,410,480,540,590,710,720,720,6007,0,260,352.65429827135006,14.60263500007386,4027.322984999955,6453.0269685367075
1789904546,100,GET,/api/events [warmup],0.000000,0.000000,0,0,0,0,0,0,0,0,0,0,0,100,0,750,919.3783923100023,161.67094200000065,2319.9825649999184,43009.1
1789904546,100,DELETE,DELETE /api/bookings/{id} [auth],4.500000,0.000000,360,410,450,490,560,590,660,660,660,660,660,148,0,350,364.68691355404843,160.31469099993956,1400.2631590000192,289.7635135135135
1789904546,100,GET,GET /api/bookings/me [auth],16.400000,0.000000,260,300,320,360,470,530,640,710,720,720,720,594,0,270,299.97947144276077,74.4635590000371,2131.379423999988,2117.7087542087543
1789904546,100,GET,GET /api/events,63.900000,0.000000,230,280,310,330,390,430,500,520,590,590,590,2437,0,240,313.31064722814784,14.60263500007386,2176.4711910000187,8638.190398030365
1789904546,100,GET,GET /api/events/{id},25.300000,0.000000,240,280,310,340,400,500,560,570,590,590,590,935,0,250,325.96509668877064,22.819426000069143,2457.589189000032,428.4919786096257
1789904546,100,GET,GET /api/events?city,37.600000,0.000000,240,270,310,340,400,440,520,580,620,620,620,1441,0,240,310.708778219292,20.26550900006896,2086.489680999989,8665.142262317835
1789904546,100,POST,POST /api/auth/login,0.000000,0.000000,0,0,0,0,0,0,0,0,0,0,0,30,0,2700,2581.041040066664,1665.7984360000455,4027.322984999955,414.3
1789904546,100,POST,POST /api/auth/register,0.000000,0.000000,0,0,0,0,0,0,0,0,0,0,0,30,0,3100,2903.5319957666684,1031.5803199999891,3955.050796000023,131.76666666666668
1789904546,100,POST,POST /api/bookings [auth],11.300000,0.000000,300,360,390,410,480,570,650,680,680,680,680,439,0,330,353.7370775763103,125.97149800001262,2122.1652660000245,264.7835990888383
1789904546,100,,Aggregated,159.000000,0.000000,250,290,320,350,410,490,550,590,710,720,720,6154,0,260,350.98697411732206,14.60263500007386,4027.322984999955,6446.65518362041
1789904547,100,GET,/api/events [warmup],0.000000,0.000000,0,0,0,0,0,0,0,0,0,0,0,100,0,750,919.3783923100023,161.67094200000065,2319.9825649999184,43009.1
1789904547,100,DELETE,DELETE /api/bookings/{id} [auth],5.000000,0.000000,370,420,490,550,560,590,880,880,880,880,880,154,0,350,367.8541133116833,160.31469099993956,1400.2631590000192,289.77272727272725
1789904547,100,GET,GET /api/bookings/me [auth],16.200000,0.000000,270,310,330,380,500,540,640,710,720,720,720,604,0,270,299.01987034602627,74.4635590000371,2131.379423999988,2145.791390728477
1789904547,100,GET,GET /api/events,63.000000,0.000000,240,290,310,330,390,430,500,520,590,590,590,2509,0,240,311.78697156795397,14.60263500007386,2176.4711910000187,8638.139497807892
1789904547,100,GET,GET /api/events/{id},25.300000,0.000000,240,280,320,350,420,510,550,570,590,590,590,967,0,250,323.58787465977304,22.819426000069143,2457.589189000032,428.47259565667014
1789904547,100,GET,GET /api/events?city,37.200000,0.000000,240,280,310,340,400,450,540,590,620,620,620,1471,0,240,310.00528688035337,20.26550900006896,2086.489680999989,8665.060503059143
1789904547,100,POST,POST /api/auth/login,0.000000,0.000000,0,0,0,0,0,0,0,0,0,0,0,30,0,2700,2581.041040066664,1665.7984360000455,4027.322984999955,414.3
1789904547,100,POST,POST /api/auth/register,0.000000,0.000000,0,0,0,0,0,0,0,0,0,0,0,30,0,3100,2903.5319957666684,1031.5803199999891,3955.050796000023,131.76666666666668
1789904547,100,POST,POST /api/bookings [auth],10.700000,0.000000,320,360,390,410,480,570,650,660,680,680,680,457,0,330,353.40790430853446,125.97149800001262,2122.1652660000245,264.80306345733044
1789904547,100,,Aggregated,157.400000,0.000000,250,300,330,350,420,500,560,600,720,880,880,6322,0,260,349.00992426051886,14.60263500007386,4027.322984999955,6424.030211958241
1789904548,100,GET,/api/events [warmup],0.000000,0.000000,0,0,0,0,0,0,0,0,0,0,0,100,0,750,919.3783923100023,161.67094200000065,2319.9825649999184,43009.1
1789904548,100,DELETE,DELETE /api/bookings/{id} [auth],4.600000,0.000000,370,420,450,490,560,590,880,880,880,880,880,160,0,350,366.4412019437442,160.31469099993956,1400.2631590000192,289.76875
1789904548,100,GET,GET /api/bookings/me [auth],16.500000,0.000000,280,310,330,400,500,540,640,710,720,720,720,622,0,270,298.9965293938905,74.4635590000371,2131.379423999988,2210.6012861736335
1789904548,100,GET,GET /api/events,64.300000,0.000000,240,290,310,330,390,430,500,520,590,590,590,2581,0,240,309.82983717667446,14.60263500007386,2176.4711910000187,8638.055792328554
1789904548,100,GET,GET /api/events/{id},25.900000,0.000000,250,290,330,350,400,510,560,570,590,590,590,992,0,250,321.47118654334736,22.819426000069143,2457.589189000032,428.52620967741933
1789904548,100,GET,GET /api/events?city,36.000000,0.000000,240,280,320,350,400,460,540,590,620,620,620,1506,0,240,308.2587926308099,20.26550900006896,2086.489680999989,8665.027224435591
1789904548,100,POST,POST /api/auth/login,0.000000,0.000000,0,0,0,0,0,0,0,0,0,0,0,30,0,2700,2581.041040066664,1665.7984360000455,4027.322984999955,414.3
1789904548,100,POST,POST /api/auth/register,0.000000,0.000000,0,0,0,0,0,0,0,0,0,0,0,30,0,3100,2903.5319957666684,1031.5803199999891,3955.050796000023,131.76666666666668
1789904548,100,POST,POST /api/bookings [auth],11.100000,0.000000,310,360,390,410,480,540,650,660,680,680,680,467,0,330,352.76371887580325,125.97149800001262,2122.1652660000245,264.80299785867237
1789904548,100,,Aggregated,158.400000,0.000000,260,300,330,350,420,500,560,600,720,880,880,6488,0,260,346.5829360544086,14.60263500007386,4027.322984999955,6416.732891491985
1789904549,100,GET,/api/events [warmup],0.000000,0.000000,0,0,0,0,0,0,0,0,0,0,0,100,0,750,919.3783923100023,161.67094200000065,2319.9825649999184,43009.1
1789904549,100,DELETE,DELETE /api/bookings/{id} [auth],4.400000,0.000000,360,410,450,490,560,590,880,880,880,880,880,164,0,350,365.5115284634083,160.31469099993956,1400.2631590000192,289.7743902439024
1789904549,100,GET,GET /api/bookings/me [auth],16.700000,0.000000,270,310,330,400,500,540,640,710,720,720,720,640,0,270,298.313081835937,74.4635590000371,2131.379423999988,2269.090625
1789904549,100,GET,GET /api/events,62.700000,0.000000,240,280,310,330,390,430,500,520,590,590,590,2656,0,240,307.859380516565,14.60263500007386,2176.4711910000187,8638.02673192771
1789904549,100,GET,GET /api/events/{id},25.400000,0.000000,240,290,330,340,400,510,560,570,590,590,590,1018,0,250,319.2609469636546,22.819426000069143,2457.589189000032,428.49705304518665
1789904549,100,GET,GET /api/events?city,36.300000,0.000000,240,280,320,340,400,460,540,590,620,620,620,1530,0,240,307.21668497385605,20.26550900006896,2086.489680999989,8664.527450980393
1789904549,100,POST,POST /api/auth/login,0.000000,0.000000,0,0,0,0,0,0,0,0,0,0,0,30,0,2700,2581.041040066664,1665.7984360000455,4027.322984999955,414.3
1789904549,100,POST,POST /api/auth/register,0.000000,0.000000,0,0,0,0,0,0,0,0,0,0,0,30,0,3100,2903.5319957666684,1031.5803199999891,3955.050796000023,131.76666666666668
1789904549,100,POST,POST /api/bookings [auth],11.300000,0.000000,320,360,390,400,480,540,650,660,680,680,680,482,0,330,350.9899203278014,125.97149800001262,2122.1652660000245,264.8070539419087
1789904549,100,,Aggregated,156.800000,0.000000,250,300,330,350,420,490,560,600,720,880,880,6650,0,260,344.24663482977485,14.60263500007386,4027.322984999955,6403.0384962406015
1789904550,100,GET,/api/events [warmup],0.000000,0.000000,0,0,0,0,0,0,0,0,0,0,0,100,0,750,919.3783923100023,161.67094200000065,2319.9825649999184,43009.1
1789904550,100,DELETE,DELETE /api/bookings/{id} [auth],4.500000,0.000000,340,380,430,550,560,590,880,880,880,880,880,169,0,340,363.15910328401844,160.31469099993956,1400.2631590000192,289.7869822485207
1789904550,100,GET,GET /api/bookings/me [auth],15.900000,0.000000,270,310,340,410,500,540,640,710,720,720,720,657,0,270,296.7419580578379,74.4635590000371,2131.379423999988,2324.578386605784
1789904550,100,GET,GET /api/events,64.400000,0.000000,240,280,310,330,390,430,500,520,590,590,590,2729,0,240,304.88384669622457,14.60263500007386,2176.4711910000187,8637.963722975448
1789904550,100,GET,GET /api/events/{id},25.600000,0.000000,240,280,310,340,400,510,550,570,590,590,590,1050,0,240,315.7149452066669,22.819426000069143,2457.589189000032,428.5295238095238
1789904550,100,GET,GET /api/events?city,35.600000,0.000000,240,270,320,340,400,470,540,590,620,620,620,1568,0,240,304.9719571198977,20.26550900006896,2086.489680999989,8664.924107142857
1789904550,100,POST,POST /api/auth/login,0.000000,0.000000,0,0,0,0,0,0,0,0,0,0,0,30,0,2700,2581.041040066664,1665.7984360000455,4027.322984999955,414.3
1789904550,100,POST,POST /api/auth/register,0.000000,0.000000,0,0,0,0,0,0,0,0,0,0,0,30,0,3100,2903.5319957666684,1031.5803199999891,3955.050796000023,131.76666666666668
1789904550,100,POST,POST /api/bookings [auth],12.200000,0.000000,310,360,390,400,480,540,650,660,680,680,680,495,0,320,348.11267347474836,125.97149800001262,2122.1652660000245,264.82626262626263
1789904550,100,,Aggregated,158.200000,0.000000,250,290,330,350,420,490,560,600,720,880,880,6828,0,260,340.7804477797311,14.60263500007386,4027.322984999955,6390.474956063269
1789904551,100,GET,/api/events [warmup],0.000000,0.000000,0,0,0,0,0,0,0,0,0,0,0,100,0,750,919.3783923100023,161.67094200000065,2319.9825649999184,43009.1
1789904551,100,DELETE,DELETE /api/bookings/{id} [auth],4.800000,0.000000,340,370,420,450,560,590,880,880,880,880,880,172,0,340,360.62250138953056,160.31469099993956,1400.2631590000192,289.81976744186045
1789904551,100,GET,GET /api/bookings/me [auth],15.600000,0.000000,280,310,340,400,500,540,640,710,720,720,720,677,0,270,295.36070089512515,74.4635590000371,2131.379423999988,2387.872968980798
1789904551,100,GET,GET /api/events,64.600000,0.000000,240,280,310,330,390,430,500,520,590,590,590,2801,0,240,302.40502230560423,14.60263500007386,2176.4711910000187,8637.890753302392
1789904551,100,GET,GET /api/events/{id},25.300000,0.000000,230,280,310,330,400,510,550,570,590,590,590,1069,0,240,313.6380491721239,22.819426000069143,2457.589189000032,428.5042095416277
1789904551,100,GET,GET /api/events?city,34.500000,0.000000,230,270,310,340,400,470,540,590,620,620,620,1607,0,240,302.4599997958929,20.26550900006896,2086.489680999989,8665.257000622278
1789904551,100,POST,POST /api/auth/login,0.000000,0.000000,0,0,0,0,0,0,0,0,0,0,0,30,0,2700,2581.041040066664,1665.7984360000455,4027.322984999955,414.3
1789904551,100,POST,POST /api/auth/register,0.000000,0.000000,0,0,0,0,0,0,0,0,0,0,0,30,0,3100,2903.5319957666684,1031.5803199999891,3955.050796000023,131.76666666666668
1789904551,100,POST,POST /api/bookings [auth],12.400000,0.000000,300,350,390,400,450,540,650,660,680,680,680,508,0,320,346.3786554035442,125.97149800001262,2122.1652660000245,264.8248031496063
1789904551,100,,Aggregated,157.200000,0.000000,250,290,330,350,420,490,560,600,720,880,880,6994,0,250,337.83105715055837,14.60263500007386,4027.322984999955,6390.639548184158
1789904552,100,GET,/api/events [warmup],0.000000,0.000000,0,0,0,0,0,0,0,0,0,0,0,100,0,750,919.3783923100023,161.67094200000065,2319.9825649999184,43009.1
1789904552,100,DELETE,DELETE /api/bookings/{id} [auth],4.700000,0.000000,330,370,430,490,560,590,880,880,880,880,880,176,0,340,359.94641714204135,160.31469099993956,1400.2631590000192,289.82954545454544
1789904552,100,GET,GET /api/bookings/me [auth],16.300000,0.000000,290,310,330,370,470,530,640,710,720,720,720,691,0,270,295.15594389290857,74.4635590000371,2131.379423999988,2433.6743849493487
1789904552,100,GET,GET /api/events,65.200000,0.000000,230,270,300,320,390,430,500,520,590,590,590,2870,0,240,300.7000424034835,14.60263500007386,2176.4711910000187,8637.845644599303
1789904552,100,GET,GET /api/events/{id},25.400000,0.000000,230,270,310,330,420,510,560,570,590,590,590,1093,0,240,312.3285437063138,22.819426000069143,2457.589189000032,428.48764867337604
1789904552,100,GET,GET /api/events?city,34.500000,0.000000,230,270,300,340,390,460,530,580,620,620,620,1652,0,240,301.04030365980634,20.26550900006896,2086.489680999989,8665.02602905569
1789904552,100,POST,POST /api/auth/login,0.000000,0.000000,0,0,0,0,0,0,0,0,0,0,0,30,0,2700,2581.041040066664,1665.7984360000455,4027.322984999955,414.3
1789904552,100,POST,POST /api/auth/register,0.000000,0.000000,0,0,0,0,0,0,0,0,0,0,0,30,0,3100,2903.5319957666684,1031.5803199999891,3955.050796000023,131.76666666666668
1789904552,100,POST,POST /api/bookings [auth],12.400000,0.000000,300,350,370,390,450,530,650,660,680,680,680,522,0,320,345.03762041954127,125.97149800001262,2122.1652660000245,264.81800766283527
1789904552,100,,Aggregated,158.500000,0.000000,240,290,320,350,410,480,550,590,720,880,880,7164,0,250,335.78877672068734,14.60263500007386,4027.322984999955,6387.7419039642655
1789904553,100,GET,/api/events [warmup],0.000000,0.000000,0,0,0,0,0,0,0,0,0,0,0,100,0,750,919.3783923100023,161.67094200000065,2319.9825649999184,43009.1
1789904553,100,DELETE,DELETE /api/bookings/{id} [auth],4.500000,0.000000,340,370,430,490,560,590,880,880,880,880,880,177,0,340,360.00330316383776,160.31469099993956,1400.2631590000192,289.8305084745763
1789904553,100,GET,GET /api/bookings/me [auth],15.500000,0.000000,280,310,330,360,440,520,640,710,720,720,720,711,0,270,295.01680078762314,74.4635590000371,2131.379423999988,2496.7791842475385
1789904553,100,GET,GET /api/events,66.100000,0.000000,230,270,290,310,370,420,450,480,590,590,590,2927,0,240,299.4717346518611,14.60263500007386,2176.4711910000187,8637.859924837718
1789904553,100,GET,GET /api/events/{id},25.500000,0.000000,230,270,300,320,390,460,520,550,590,590,590,1116,0,240,310.75437640233093,22.819426000069143,2457.589189000032,428.48387096774195
1789904553,100,GET,GET /api/events?city,34.100000,0.000000,230,260,290,310,360,410,470,580,620,620,620,1694,0,240,299.330655161157,20.26550900006896,2086.489680999989,8665.296930342385
1789904553,100,POST,POST /api/auth/login,0.000000,0.000000,0,0,0,0,0,0,0,0,0,0,0,30,0,2700,2581.041040066664,1665.7984360000455,4027.322984999955,414.3
1789904553,100,POST,POST /api/auth/register,0.000000,0.000000,0,0,0,0,0,0,0,0,0,0,0,30,0,3100,2903.5319957666684,1031.5803199999891,3955.050796000023,131.76666666666668
1789904553,100,POST,POST /api/bookings [auth],12.500000,0.000000,300,350,370,390,450,530,650,660,680,680,680,534,0,320,343.8730342378287,125.97149800001262,2122.1652660000245,264.82209737827714
1789904553,100,,Aggregated,158.200000,0.000000,240,280,310,330,390,440,530,590,720,880,880,7319,0,250,333.92574693851714,14.60263500007386,4027.322984999955,6384.128159584643
1789904554,100,GET,/api/events [warmup],0.000000,0.000000,0,0,0,0,0,0,0,0,0,0,0,100,0,750,919.3783923100023,161.67094200000065,2319.9825649999184,43009.1
1789904554,100,DELETE,DELETE /api/bookings/{id} [auth],4.600000,0.000000,320,370,410,420,480,560,880,880,880,880,880,180,0,340,361.4692330333297,160.31469099993956,1400.2631590000192,289.8277777777778
1789904554,100,GET,GET /api/bookings/me [auth],15.700000,0.000000,280,310,320,340,420,490,560,590,710,710,710,724,0,270,296.3083785911605,74.4635590000371,2131.379423999988,2537.4696132596687
1789904554,100,GET,GET /api/events,65.800000,0.000000,230,260,290,300,350,390,440,480,640,640,640,2979,0,240,299.6360523517949,14.60263500007386,2176.4711910000187,8637.842564618999
1789904554,100,GET,GET /api/events/{id},25.300000,0.000000,220,260,290,310,340,400,450,470,550,550,550,1133,0,240,310.3177427625783,22.819426000069143,2457.589189000032,428.45895851721093
1789904554,100,GET,GET /api/events?city,35.100000,0.000000,230,260,290,300,350,380,460,570,620,620,620,1739,0,240,299.36811696434734,20.26550900006896,2086.489680999989,8665.372052903967
1789904554,100,POST,POST /api/auth/login,0.000000,0.000000,0,0,0,0,0,0,0,0,0,0,0,30,0,2700,2581.041040066664,1665.7984360000455,4027.322984999955,414.3
1789904554,100,POST,POST /api/auth/register,0.000000,0.000000,0,0,0,0,0,0,0,0,0,0,0,30,0,3100,2903.5319957666684,1031.5803199999891,3955.050796000023,131.76666666666668
1789904554,100,POST,POST /api/bookings [auth],12.900000,0.000000,310,350,370,390,430,460,540,620,660,660,660,551,0,320,344.60578586206975,125.97149800001262,2122.1652660000245,264.82214156079857
1789904554,100,,Aggregated,159.400000,0.000000,240,280,300,320,370,420,480,540,710,880,880,7466,0,250,333.6125775875979,14.60263500007386,4027.322984999955,6380.815028127511
1789904555,100,GET,/api/events [warmup],0.000000,0.000000,0,0,0,0,0,0,0,0,0,0,0,100,0,750,919.3783923100023,161.67094200000065,2319.9825649999184,43009.1
1789904555,100,DELETE,DELETE /api/bookings/{id} [auth],4.300000,0.000000,330,370,400,410,480,560,880,880,880,880,880,183,0,340,361.08881819671745,160.31469099993956,1400.2631590000192,289.8251366120219
1789904555,100,GET,GET /api/bookings/me [auth],15.900000,0.000000,290,320,330,360,430,500,550,570,590,590,590,747,0,270,297.85712153547576,74.4635590000371,2131.379423999988,2609.409638554217
1789904555,100,GET,GET /api/events,66.500000,0.000000,230,270,290,310,360,410,450,510,640,640,640,3043,0,240,299.23104335819795,14.60263500007386,2176.4711910000187,8637.837002957607
1789904555,100,GET,GET /api/events/{id},24.400000,0.000000,240,270,300,310,340,400,440,450,550,550,550,1157,0,240,309.91522469663045,22.819426000069143,2457.589189000032,428.49006050129645
1789904555,100,GET,GET /api/events?city,34.900000,0.000000,240,270,300,320,360,390,460,510,620,620,620,1780,0,240,299.1330689219102,20.26550900006896,2086.489680999989,8665.680337078651
1789904555,100,POST,POST /api/auth/login,0.000000,0.000000,0,0,0,0,0,0,0,0,0,0,0,30,0,2700,2581.041040066664,1665.7984360000455,4027.322984999955,414.3
1789904555,100,POST,POST /api/auth/register,0.000000,0.000000,0,0,0,0,0,0,0,0,0,0,0,30,0,3100,2903.5319957666684,1031.5803199999891,3955.050796000023,131.76666666666668
1789904555,100,POST,POST /api/bookings [auth],12.800000,0.000000,310,350,380,400,430,460,540,550,660,660,660,559,0,320,345.4346137602866,125.97149800001262,2122.1652660000245,264.8228980322004
1789904555,100,,Aggregated,158.800000,0.000000,250,290,310,330,370,430,500,540,660,880,880,7629,0,260,332.9060618048248,14.60263500007386,4027.322984999955,6380.024511731551
1789904556,100,GET,/api/events [warmup],0.000000,0.000000,0,0,0,0,0,0,0,0,0,0,0,100,0,750,919.3783923100023,161.67094200000065,2319.9825649999184,43009.1
1789904556,100,DELETE,DELETE /api/bookings/{id} [auth],4.300000,0.000000,320,360,370,400,450,460,480,480,480,480,480,191,0,340,359.84885198952645,160.31469099993956,1400.2631590000192,289.81675392670155
1789904556,100,GET,GET /api/bookings/me [auth],16.900000,0.000000,280,310,330,340,420,480,520,570,590,590,590,761,0,270,296.90886029435023,74.4635590000371,2131.379423999988,2649.137976346912
1789904556,100,GET,GET /api/events,67.000000,0.000000,230,270,290,300,350,410,450,510,640,640,640,3099,0,240,298.8792105059684,14.60263500007386,2176.4711910000187,8637.830913197806
1789904556,100,GET,GET /api/events/{id},25.000000,0.000000,240,270,290,310,340,390,440,450,510,510,510,1181,0,240,308.90373239288886,22.819426000069143,2457.589189000032,428.4843353090601
1789904556,100,GET,GET /api/events?city,35.900000,0.000000,240,270,300,310,360,380,440,470,620,620,620,1815,0,240,298.51804051900837,20.26550900006896,2086.489680999989,8665.757575757576
1789904556,100,POST,POST /api/auth/login,0.000000,0.000000,0,0,0,0,0,0,0,0,0,0,0,30,0,2700,2581.041040066664,1665.7984360000455,4027.322984999955,414.3
1789904556,100,POST,POST /api/auth/register,0.000000,0.000000,0,0,0,0,0,0,0,0,0,0,0,30,0,3100,2903.5319957666684,1031.5803199999891,3955.050796000023,131.76666666666668
1789904556,100,POST,POST /api/bookings [auth],12.900000,0.000000,300,350,380,400,430,460,530,550,550,550,550,570,0,320,344.9633916140352,125.97149800001262,2122.1652660000245,264.8298245614035
1789904556,100,,Aggregated,162.000000,0.000000,250,280,310,320,370,420,470,510,620,640,640,7777,0,260,331.8291322870014,14.60263500007386,4027.322984999955,6370.402725986884
1789904557,100,GET,/api/events [warmup],0.000000,0.000000,0,0,0,0,0,0,0,0,0,0,0,100,0,750,919.3783923100023,161.67094200000065,2319.9825649999184,43009.1
1789904557,100,DELETE,DELETE /api/bookings/{id} [auth],3.800000,0.000000,330,370,390,410,450,460,560,560,560,560,560,196,0,350,361.4099730153037,160.31469099993956,1400.2631590000192,289.83673469387753
1789904557,100,GET,GET /api/bookings/me [auth],16.400000,0.000000,290,320,340,370,430,480,520,570,590,590,590,778,0,270,297.8519257776357,74.4635590000371,2131.379423999988,2697.5244215938305
1789904557,100,GET,GET /api/events,67.500000,0.000000,240,270,290,310,360,410,460,510,640,640,640,3162,0,240,298.295729115432,14.60263500007386,2176.4711910000187,8637.810246679317
1789904557,100,GET,GET /api/events/{id},24.700000,0.000000,240,280,310,320,360,400,440,450,510,510,510,1220,0,240,308.54395331803426,22.819426000069143,2457.589189000032,428.44754098360653
1789904557,100,GET,GET /api/events?city,36.700000,0.000000,250,270,300,320,360,390,440,470,510,510,510,1847,0,240,298.0944204959392,20.26550900006896,2086.489680999989,8666.138603140227
1789904557,100,POST,POST /api/auth/login,0.000000,0.000000,0,0,0,0,0,0,0,0,0,0,0,30,0,2700,2581.041040066664,1665.7984360000455,4027.322984999955,414.3
1789904557,100,POST,POST /api/auth/register,0.000000,0.000000,0,0,0,0,0,0,0,0,0,0,0,30,0,3100,2903.5319957666684,1031.5803199999891,3955.050796000023,131.76666666666668
1789904557,100,POST,POST /api/bookings [auth],13.700000,0.000000,300,350,380,400,430,460,550,550,690,690,690,581,0,320,345.3501641462996,125.97149800001262,2122.1652660000245,264.8244406196213
1789904557,100,,Aggregated,162.800000,0.000000,250,290,310,330,380,430,470,510,640,690,690,7944,0,260,331.05535521248856,14.60263500007386,4027.322984999955,6353.02832326284
1789904558,100,GET,/api/events [warmup],0.000000,0.000000,0,0,0,0,0,0,0,0,0,0,0,100,0,750,919.3783923100023,161.67094200000065,2319.9825649999184,43009.1
1789904558,100,DELETE,DELETE /api/bookings/{id} [auth],3.800000,0.000000,330,370,390,400,460,480,560,560,560,560,560,200,0,350,361.17830163499764,160.31469099993956,1400.2631590000192,289.82
1789904558,100,GET,GET /api/bookings/me [auth],16.700000,0.000000,290,320,340,360,430,480,550,590,590,590,590,795,0,270,297.387051245284,74.4635590000371,2131.379423999988,2745.6679245283017
1789904558,100,GET,GET /api/events,66.100000,0.000000,230,260,280,300,350,400,460,510,640,640,640,3236,0,240,296.5620513723721,14.60263500007386,2176.4711910000187,8637.807787391841
1789904558,100,GET,GET /api/events/{id},23.800000,0.000000,240,270,310,320,360,400,450,450,510,510,510,1244,0,240,306.9401489702589,22.819426000069143,2457.589189000032,428.43086816720256
1789904558,100,GET,GET /api/events?city,37.700000,0.000000,240,270,290,310,360,390,440,470,510,510,510,1882,0,240,296.5079177534536,20.26550900006896,2086.489680999989,8666.12592986185
1789904558,100,POST,POST /api/auth/login,0.000000,0.000000,0,0,0,0,0,0,0,0,0,0,0,30,0,2700,2581.041040066664,1665.7984360000455,4027.322984999955,414.3
1789904558,100,POST,POST /api/auth/register,0.000000,0.000000,0,0,0,0,0,0,0,0,0,0,0,30,0,3100,2903.5319957666684,1031.5803199999891,3955.050796000023,131.76666666666668
1789904558,100,POST,POST /api/bookings [auth],13.100000,0.000000,310,350,380,400,430,460,550,550,690,690,690,597,0,320,344.7145528408714,125.97149800001262,2122.1652660000245,264.82077051926296
1789904558,100,,Aggregated,161.200000,0.000000,250,280,310,330,370,430,470,510,640,690,690,8114,0,260,329.11809578395463,14.60263500007386,4027.322984999955,6348.376016761154
1789904559,100,GET,/api/events [warmup],0.000000,0.000000,0,0,0,0,0,0,0,0,0,0,0,100,0,750,919.3783923100023,161.67094200000065,2319.9825649999184,43009.1
1789904559,100,DELETE,DELETE /api/bookings/{id} [auth],4.000000,0.000000,330,370,390,400,460,470,560,560,560,560,560,206,0,350,360.4757728980558,160.31469099993956,1400.2631590000192,289.8252427184466
1789904559,100,GET,GET /api/bookings/me [auth],16.500000,0.000000,280,310,340,360,430,480,550,590,590,590,590,807,0,270,296.10729954646916,74.4635590000371,2131.379423999988,2782.250309789343
1789904559,100,GET,GET /api/events,66.300000,0.000000,230,260,280,300,350,400,450,510,640,640,640,3289,0,240,295.3970748339906,14.60263500007386,2176.4711910000187,8637.840681058073
1789904559,100,GET,GET /api/events/{id},24.100000,0.000000,240,270,310,320,360,400,440,450,510,510,510,1272,0,240,305.30189263129085,22.819426000069143,2457.589189000032,428.4323899371069
1789904559,100,GET,GET /api/events?city,37.000000,0.000000,240,270,300,310,350,390,440,460,510,510,510,1929,0,240,294.90873556246726,20.26550900006896,2086.489680999989,8666.35977190254
1789904559,100,POST,POST /api/auth/login,0.000000,0.000000,0,0,0,0,0,0,0,0,0,0,0,30,0,2700,2581.041040066664,1665.7984360000455,4027.322984999955,414.3
1789904559,100,POST,POST /api/auth/register,0.000000,0.000000,0,0,0,0,0,0,0,0,0,0,0,30,0,3100,2903.5319957666684,1031.5803199999891,3955.050796000023,131.76666666666668
1789904559,100,POST,POST /api/bookings [auth],12.900000,0.000000,300,350,380,400,430,460,550,550,690,690,690,608,0,320,344.0440210904608,125.97149800001262,2122.1652660000245,264.82730263157896
1789904559,100,,Aggregated,160.800000,0.000000,250,280,310,330,370,430,470,510,640,690,690,8271,0,260,327.3672267604894,14.60263500007386,4027.322984999955,6342.10119695321
1789904560,100,GET,/api/events [warmup],0.000000,0.000000,0,0,0,0,0,0,0,0,0,0,0,100,0,750,919.3783923100023,161.67094200000065,2319.9825649999184,43009.1
1789904560,100,DELETE,DELETE /api/bookings/{id} [auth],4.100000,0.000000,350,380,390,410,460,470,560,560,560,560,560,210,0,350,360.3737002238072,160.31469099993956,1400.2631590000192,289.83809523809526
1789904560,100,GET,GET /api/bookings/me [auth],17.200000,0.000000,280,310,330,350,430,480,550,590,590,590,590,826,0,270,294.70148248547287,74.4635590000371,2131.379423999988,2837.727602905569
1789904560,100,GET,GET /api/events,64.700000,0.000000,240,270,290,310,360,410,460,510,650,650,650,3361,0,240,294.3016547009804,14.60263500007386,2176.4711910000187,8637.815531091937
1789904560,100,GET,GET /api/events/{id},25.700000,0.000000,250,290,310,330,370,400,450,450,510,510,510,1295,0,240,304.90651679845695,22.819426000069143,2457.589189000032,428.45019305019304
1789904560,100,GET,GET /api/events?city,36.900000,0.000000,240,270,300,320,350,390,440,460,510,510,510,1960,0,240,293.5408005265303,20.26550900006896,2086.489680999989,8666.134693877551
1789904560,100,POST,POST /api/auth/login,0.000000,0.000000,0,0,0,0,0,0,0,0,0,0,0,30,0,2700,2581.041040066664,1665.7984360000455,4027.322984999955,414.3
1789904560,100,POST,POST /api/auth/register,0.000000,0.000000,0,0,0,0,0,0,0,0,0,0,0,30,0,3100,2903.5319957666684,1031.5803199999891,3955.050796000023,131.76666666666668
1789904560,100,POST,POST /api/bookings [auth],12.400000,0.000000,310,360,390,400,440,460,550,550,690,690,690,622,0,320,343.3588950610927,125.97149800001262,2122.1652660000245,264.8231511254019
1789904560,100,,Aggregated,161.000000,0.000000,250,290,320,330,380,430,470,510,650,690,690,8434,0,250,325.88189878468205,14.60263500007386,4027.322984999955,6338.51150106711
1789904561,100,GET,/api/events [warmup],0.000000,0.000000,0,0,0,0,0,0,0,0,0,0,0,100,0,750,919.3783923100023,161.67094200000065,2319.9825649999184,43009.1
1789904561,100,DELETE,DELETE /api/bookings/{id} [auth],3.900000,0.000000,360,380,390,410,460,470,560,560,560,560,560,214,0,350,359.8826232943901,160.31469099993956,1400.2631590000192,289.83644859813086
1789904561,100,GET,GET /api/bookings/me [auth],17.300000,0.000000,280,320,340,360,430,500,550,590,590,590,590,850,0,270,294.0118942647066,74.4635590000371,2131.379423999988,2907.4411764705883
1789904561,100,GET,GET /api/events,64.800000,0.000000,240,280,290,310,360,410,460,510,650,650,650,3434,0,240,293.3745902460671,14.60263500007386,2176.4711910000187,8637.788875946419
1789904561,100,GET,GET /api/events/{id},25.100000,0.000000,250,300,320,330,380,420,450,480,510,510,510,1320,0,240,304.12031171969835,22.819426000069143,2457.589189000032,428.46060606060604
1789904561,100,GET,GET /api/events?city,38.000000,0.000000,250,280,300,320,350,390,440,480,580,580,580,2000,0,240,292.6144620199999,20.26550900006896,2086.489680999989,8666.541
1789904561,100,POST,POST /api/auth/login,0.000000,0.000000,0,0,0,0,0,0,0,0,0,0,0,30,0,2700,2581.041040066664,1665.7984360000455,4027.322984999955,414.3
1789904561,100,POST,POST /api/auth/register,0.000000,0.000000,0,0,0,0,0,0,0,0,0,0,0,30,0,3100,2903.5319957666684,1031.5803199999891,3955.050796000023,131.76666666666668
1789904561,100,POST,POST /api/bookings [auth],12.800000,0.000000,310,360,380,400,440,460,550,550,690,690,690,633,0,320,343.0259866935227,125.97149800001262,2122.1652660000245,264.82464454976304
1789904561,100,,Aggregated,161.900000,0.000000,260,290,320,340,380,430,480,510,650,690,690,8611,0,250,324.5443676469642,14.60263500007386,4027.322984999955,6338.299036116595
1789904562,100,GET,/api/events [warmup],0.000000,0.000000,0,0,0,0,0,0,0,0,0,0,0,100,0,750,919.3783923100023,161.67094200000065,2319.9825649999184,43009.1
1789904562,100,DELETE,DELETE /api/bookings/{id} [auth],4.100000,0.000000,360,380,390,400,460,470,560,560,560,560,560,217,0,340,358.6486665898594,160.31469099993956,1400.2631590000192,289.83870967741933
1789904562,100,GET,GET /api/bookings/me [auth],16.600000,0.000000,260,310,330,350,430,480,520,590,590,590,590,865,0,260,292.4668524508675,74.4635590000371,2131.379423999988,2947.8971098265897
1789904562,100,GET,GET /api/events,63.100000,0.000000,240,270,290,310,360,410,460,510,650,650,650,3503,0,240,291.12690388923625,14.60263500007386,2176.4711910000187,8637.773337139595
1789904562,100,GET,GET /api/events/{id},25.500000,0.000000,240,290,310,330,370,410,450,480,510,510,510,1349,0,240,301.49919576649535,22.819426000069143,2457.589189000032,428.4796145292809
1789904562,100,GET,GET /api/events?city,39.400000,0.000000,240,270,300,320,350,370,440,480,580,580,580,2035,0,240,290.5206001297298,20.26550900006896,2086.489680999989,8666.28402948403
1789904562,100,POST,POST /api/auth/login,0.000000,0.000000,0,0,0,0,0,0,0,0,0,0,0,30,0,2700,2581.041040066664,1665.7984360000455,4027.322984999955,414.3
1789904562,100,POST,POST /api/auth/register,0.000000,0.000000,0,0,0,0,0,0,0,0,0,0,0,30,0,3100,2903.5319957666684,1031.5803199999891,3955.050796000023,131.76666666666668
1789904562,100,POST,POST /api/bookings [auth],12.700000,0.000000,310,360,380,400,440,460,550,550,690,690,690,649,0,320,340.4346476610168,125.97149800001262,2122.1652660000245,264.8212634822804
1789904562,100,,Aggregated,161.400000,0.000000,250,290,320,330,380,430,480,510,650,690,690,8778,0,250,321.9386062126918,14.60263500007386,4027.322984999955,6331.05650489861
1789904563,100,GET,/api/events [warmup],0.000000,0.000000,0,0,0,0,0,0,0,0,0,0,0,100,0,750,919.3783923100023,161.67094200000065,2319.9825649999184,43009.1
1789904563,100,DELETE,DELETE /api/bookings/{id} [auth],4.200000,0.000000,330,370,390,400,460,470,560,560,560,560,560,223,0,340,358.12313896412365,160.31469099993956,1400.2631590000192,289.8609865470852
1789904563,100,GET,GET /api/bookings/me [auth],17.200000,0.000000,270,310,340,350,440,500,520,590,590,590,590,880,0,270,292.53682293977295,74.4635590000371,2131.379423999988,2990.7363636363634
1789904563,100,GET,GET /api/events,61.900000,0.000000,240,270,290,310,360,420,460,510,650,650,650,3572,0,240,290.1943968485428,14.60263500007386,2176.4711910000187,8637.797032474804
1789904563,100,GET,GET /api/events/{id},24.600000,0.000000,240,290,310,330,370,410,450,480,510,510,510,1375,0,240,300.1117675323654,22.819426000069143,2457.589189000032,428.49963636363634
1789904563,100,GET,GET /api/events?city,38.900000,0.000000,240,270,300,320,350,380,440,480,580,580,580,2075,0,240,289.40287381108465,20.26550900006896,2086.489680999989,8666.118554216868
1789904563,100,POST,POST /api/auth/login,0.000000,0.000000,0,0,0,0,0,0,0,0,0,0,0,30,0,2700,2581.041040066664,1665.7984360000455,4027.322984999955,414.3
1789904563,100,POST,POST /api/auth/register,0.000000,0.000000,0,0,0,0,0,0,0,0,0,0,0,30,0,3100,2903.5319957666684,1031.5803199999891,3955.050796000023,131.76666666666668
1789904563,100,POST,POST /api/bookings [auth],12.600000,0.000000,300,350,380,400,440,460,550,550,690,690,690,663,0,310,339.2680728506783,125.97149800001262,2122.1652660000245,264.82503770739066
1789904563,100,,Aggregated,159.400000,0.000000,250,290,310,330,380,430,480,510,650,690,690,8948,0,250,320.5680214394288,14.60263500007386,4027.322984999955,6327.106839517211
1789904564,100,GET,/api/events [warmup],0.000000,0.000000,0,0,0,0,0,0,0,0,0,0,0,100,0,750,919.3783923100023,161.67094200000065,2319.9825649999184,43009.1
1789904564,100,DELETE,DELETE /api/bookings/{id} [auth],4.200000,0.000000,330,370,390,390,430,460,560,560,560,560,560,227,0,340,357.20772637885347,160.31469099993956,1400.2631590000192,289.86343612334804
1789904564,100,GET,GET /api/bookings/me [auth],17.200000,0.000000,260,300,330,340,430,470,520,550,590,590,590,895,0,270,292.2438955050287,74.4635590000371,2131.379423999988,3030.27374301676
1789904564,100,GET,GET /api/events,63.100000,0.000000,230,260,280,290,340,380,450,480,650,650,650,3638,0,240,288.92488067729386,14.60263500007386,2176.4711910000187,8637.751236943375
1789904564,100,GET,GET /api/events/{id},25.300000,0.000000,240,280,310,320,370,400,440,480,510,510,510,1403,0,240,298.8566238075573,22.819426000069143,2457.589189000032,428.48681397006413
1789904564,100,GET,GET /api/events?city,38.500000,0.000000,230,260,290,300,340,370,440,470,580,580,580,2116,0,240,288.569851409263,20.26550900006896,2086.489680999989,8666.43336483932
1789904564,100,POST,POST /api/auth/login,0.000000,0.000000,0,0,0,0,0,0,0,0,0,0,0,30,0,2700,2581.041040066664,1665.7984360000455,4027.322984999955,414.3
1789904564,100,POST,POST /api/auth/register,0.000000,0.000000,0,0,0,0,0,0,0,0,0,0,0,30,0,3100,2903.5319957666684,1031.5803199999891,3955.050796000023,131.76666666666668
1789904564,100,POST,POST /api/bookings [auth],12.300000,0.000000,290,340,370,390,430,450,480,550,690,690,690,677,0,310,338.7864713264398,122.2444910000604,2122.1652660000245,264.83161004431315
1789904564,100,,Aggregated,160.600000,0.000000,240,280,300,320,370,420,460,500,650,690,690,9116,0,250,319.1636986010324,14.60263500007386,4027.322984999955,6322.724440544098
1789904565,100,GET,/api/events [warmup],0.000000,0.000000,0,0,0,0,0,0,0,0,0,0,0,100,0,750,919.3783923100023,161.67094200000065,2319.9825649999184,43009.1
1789904565,100,DELETE,DELETE /api/bookings/{id} [auth],4.100000,0.000000,330,370,390,390,430,460,560,560,560,560,560,228,0,340,356.7223142763145,160.31469099993956,1400.2631590000192,289.86842105263156
1789904565,100,GET,GET /api/bookings/me [auth],17.600000,0.000000,250,300,330,350,430,470,500,550,590,590,590,918,0,270,293.49964489106833,74.4635590000371,2131.379423999988,3090.2156862745096
1789904565,100,GET,GET /api/events,63.200000,0.000000,220,260,280,290,340,370,430,460,650,650,650,3694,0,240,287.8675773543571,14.60263500007386,2176.4711910000187,8637.730644288034
1789904565,100,GET,GET /api/events/{id},25.700000,0.000000,230,280,300,310,350,400,450,480,510,510,510,1434,0,240,297.2503832977703,22.819426000069143,2457.589189000032,428.46513249651326
1789904565,100,GET,GET /api/events?city,38.500000,0.000000,220,260,280,300,340,370,440,460,580,580,580,2153,0,240,287.48624984022314,20.26550900006896,2086.489680999989,8667.023223409196
1789904565,100,POST,POST /api/auth/login,0.000000,0.000000,0,0,0,0,0,0,0,0,0,0,0,30,0,2700,2581.041040066664,1665.7984360000455,4027.322984999955,414.3
1789904565,100,POST,POST /api/auth/register,0.000000,0.000000,0,0,0,0,0,0,0,0,0,0,0,30,0,3100,2903.5319957666684,1031.5803199999891,3955.050796000023,131.76666666666668
1789904565,100,POST,POST /api/bookings [auth],12.600000,0.000000,280,330,360,380,420,450,480,550,690,690,690,684,0,310,337.7842538143275,122.2444910000604,2122.1652660000245,264.83187134502924
1789904565,100,,Aggregated,161.700000,0.000000,240,270,300,310,360,410,460,480,650,690,690,9271,0,250,317.86027374415016,14.60263500007386,4027.322984999955,6319.020817603279
1789904566,100,GET,/api/events [warmup],0.000000,0.000000,0,0,0,0,0,0,0,0,0,0,0,100,0,750,919.3783923100023,161.67094200000065,2319.9825649999184,43009.1
1789904566,100,DELETE,DELETE /api/bookings/{id} [auth],4.600000,0.000000,330,380,390,420,430,470,560,560,560,560,560,230,0,340,357.51327324347744,160.31469099993956,1400.2631590000192,289.8652173913043
1789904566,100,GET,GET /api/bookings/me [auth],16.900000,0.000000,240,300,330,350,430,470,500,550,590,590,590,941,0,260,291.6275861849107,74.4635590000371,2131.379423999988,3146.696068012752
1789904566,100,GET,GET /api/events,64.400000,0.000000,220,250,270,280,320,370,430,450,650,650,650,3772,0,240,286.51259763441004,14.60263500007386,2176.4711910000187,8637.684252386001
1789904566,100,GET,GET /api/events/{id},26.100000,0.000000,230,270,300,300,350,390,450,480,510,510,510,1462,0,240,295.841950254448,22.819426000069143,2457.589189000032,428.43570451436386
1789904566,100,GET,GET /api/events?city,38.100000,0.000000,220,250,280,290,330,350,400,440,580,580,580,2189,0,240,286.20997115258143,20.26550900006896,2086.489680999989,8667.140246687984
1789904566,100,POST,POST /api/auth/login,0.000000,0.000000,0,0,0,0,0,0,0,0,0,0,0,30,0,2700,2581.041040066664,1665.7984360000455,4027.322984999955,414.3
1789904566,100,POST,POST /api/auth/register,0.000000,0.000000,0,0,0,0,0,0,0,0,0,0,0,30,0,3100,2903.5319957666684,1031.5803199999891,3955.050796000023,131.76666666666668
1789904566,100,POST,POST /api/bookings [auth],12.900000,0.000000,290,340,360,380,420,450,480,540,690,690,690,693,0,310,337.58066918181873,122.2444910000604,2122.1652660000245,264.8253968253968
1789904566,100,,Aggregated,163.000000,0.000000,230,270,290,310,360,400,450,480,650,690,690,9447,0,250,316.1668383504831,14.60263500007386,4027.322984999955,6320.378321160157
1789904567,100,GET,/api/events [warmup],0.000000,0.000000,0,0,0,0,0,0,0,0,0,0,0,100,0,750,919.3783923100023,161.67094200000065,2319.9825649999184,43009.1
1789904567,100,DELETE,DELETE /api/bookings/{id} [auth],4.700000,0.000000,330,370,380,390,430,470,470,470,470,470,470,236,0,340,356.7454407415255,160.31469099993956,1400.2631590000192,289.85593220338984
1789904567,100,GET,GET /api/bookings/me [auth],17.500000,0.000000,230,270,300,320,420,470,500,550,590,590,590,964,0,260,289.29642117116276,74.4635590000371,2131.379423999988,3202.188796680498
1789904567,100,GET,GET /api/events,65.300000,0.000000,210,240,270,280,310,360,410,430,650,650,650,3826,0,240,285.21738560611453,14.60263500007386,2176.4711910000187,8637.663878724516
1789904567,100,GET,GET /api/events/{id},27.000000,0.000000,220,250,280,300,330,380,430,480,510,510,510,1497,0,240,294.00453516633456,22.819426000069143,2457.589189000032,428.4061456245825
1789904567,100,GET,GET /api/events?city,37.400000,0.000000,210,250,270,280,320,350,380,400,580,580,580,2226,0,240,285.0890125053913,20.26550900006896,2086.489680999989,8667.182839173405
1789904567,100,POST,POST /api/auth/login,0.000000,0.000000,0,0,0,0,0,0,0,0,0,0,0,30,0,2700,2581.041040066664,1665.7984360000455,4027.322984999955,414.3
1789904567,100,POST,POST /api/auth/register,0.000000,0.000000,0,0,0,0,0,0,0,0,0,0,0,30,0,3100,2903.5319957666684,1031.5803199999891,3955.050796000023,131.76666666666668
1789904567,100,POST,POST /api/bookings [auth],12.400000,0.000000,280,320,340,370,400,430,470,480,540,540,540,701,0,310,336.8936898758921,122.2444910000604,2122.1652660000245,264.8216833095578
1789904567,100,,Aggregated,164.300000,0.000000,220,260,280,300,340,380,440,480,590,650,650,9610,0,250,314.4314078296584,14.60263500007386,4027.322984999955,6310.137669094693
1789904568,100,GET,/api/events [warmup],0.000000,0.000000,0,0,0,0,0,0,0,0,0,0,0,100,0,750,919.3783923100023,161.67094200000065,2319.9825649999184,43009.1
1789904568,100,DELETE,DELETE /api/bookings/{id} [auth],4.400000,0.000000,320,360,380,390,430,470,470,470,470,470,470,239,0,340,356.05810784100413,160.31469099993956,1400.2631590000192,289.8493723849372
1789904568,100,GET,GET /api/bookings/me [auth],17.200000,0.000000,230,270,300,320,400,450,490,520,550,550,550,985,0,260,288.25061260101563,74.4635590000371,2131.379423999988,3248.700507614213
1789904568,100,GET,GET /api/events,65.400000,0.000000,220,250,270,280,330,370,430,460,650,650,650,3900,0,240,284.66229862743415,14.60263500007386,2176.4711910000187,8637.617435897437
1789904568,100,GET,GET /api/events/{id},27.900000,0.000000,220,250,280,300,340,380,430,480,510,510,510,1527,0,240,292.5468158683712,22.819426000069143,2457.589189000032,428.36869679109367
1789904568,100,GET,GET /api/events?city,36.900000,0.000000,210,250,270,290,320,350,380,400,580,580,580,2262,0,240,284.1275702179492,20.26550900006896,2086.489680999989,8667.272325375774
1789904568,100,POST,POST /api/auth/login,0.000000,0.000000,0,0,0,0,0,0,0,0,0,0,0,30,0,2700,2581.041040066664,1665.7984360000455,4027.322984999955,414.3
1789904568,100,POST,POST /api/auth/register,0.000000,0.000000,0,0,0,0,0,0,0,0,0,0,0,30,0,3100,2903.5319957666684,1031.5803199999891,3955.050796000023,131.76666666666668
1789904568,100,POST,POST /api/bookings [auth],12.400000,0.000000,280,330,370,380,430,450,500,540,580,580,580,718,0,310,337.36676971030704,122.2444910000604,2122.1652660000245,264.8272980501393
1789904568,100,,Aggregated,164.200000,0.000000,220,260,280,300,340,390,450,480,580,650,650,9791,0,250,313.280321566236,14.60263500007386,4027.322984999955,6304.04238586457
1789904569,100,GET,/api/events [warmup],0.000000,0.000000,0,0,0,0,0,0,0,0,0,0,0,100,0,750,919.3783923100023,161.67094200000065,2319.9825649999184,43009.1
1789904569,100,DELETE,DELETE /api/bookings/{id} [auth],4.000000,0.000000,320,330,390,430,440,510,530,530,530,530,530,244,0,340,356.38226759836084,160.31469099993956,1400.2631590000192,289.8524590163934
1789904569,100,GET,GET /api/bookings/me [auth],18.300000,0.000000,230,270,300,320,400,450,490,520,550,550,550,1002,0,260,287.8503133602797,74.4635590000371,2131.379423999988,3288.199600798403
1789904569,100,GET,GET /api/events,67.100000,0.000000,210,240,270,280,320,370,430,460,650,650,650,3962,0,240,283.65863463932186,14.60263500007386,2176.4711910000187,8637.581272084806
1789904569,100,GET,GET /api/events/{id},27.800000,0.000000,220,250,270,280,340,380,460,510,620,620,620,1553,0,240,291.50184853509523,22.819426000069143,2457.589189000032,428.38377334191887
1789904569,100,GET,GET /api/events?city,37.200000,0.000000,210,240,260,280,320,350,380,440,580,580,580,2296,0,240,283.35201390635916,20.26550900006896,2086.489680999989,8667.07142857143
1789904569,100,POST,POST /api/auth/login,0.000000,0.000000,0,0,0,0,0,0,0,0,0,0,0,30,0,2700,2581.041040066664,1665.7984360000455,4027.322984999955,414.3
1789904569,100,POST,POST /api/auth/register,0.000000,0.000000,0,0,0,0,0,0,0,0,0,0,0,30,0,3100,2903.5319957666684,1031.5803199999891,3955.050796000023,131.76666666666668
1789904569,100,POST,POST /api/bookings [auth],12.400000,0.000000,280,330,350,380,430,450,500,540,580,580,580,727,0,310,336.92869369050965,122.2444910000604,2122.1652660000245,264.83493810178817
1789904569,100,,Aggregated,166.800000,0.000000,220,260,280,300,340,400,460,500,620,650,650,9944,0,250,312.14195324266063,14.60263500007386,4027.322984999955,6301.518503620274
1789904570,100,GET,/api/events [warmup],0.000000,0.000000,0,0,0,0,0,0,0,0,0,0,0,100,0,750,919.3783923100023,161.67094200000065,2319.9825649999184,43009.1
1789904570,100,DELETE,DELETE /api/bookings/{id} [auth],4.000000,0.000000,310,330,390,430,440,510,530,530,530,530,530,250,0,340,354.8786709400005,142.95747799997116,1400.2631590000192,289.848
1789904570,100,GET,GET /api/bookings/me [auth],18.700000,0.000000,240,280,300,330,420,450,490,520,550,550,550,1018,0,260,287.7571287711205,74.4635590000371,2131.379423999988,3323.6463654223967
1789904570,100,GET,GET /api/events,66.500000,0.000000,220,250,270,280,320,370,430,450,520,520,520,4023,0,240,283.2103498098418,14.60263500007386,2176.4711910000187,8637.5426298782
1789904570,100,GET,GET /api/events/{id},27.400000,0.000000,220,250,280,290,340,390,500,510,620,620,620,1577,0,240,292.0473626588477,22.819426000069143,2457.589189000032,428.3842739378567
1789904570,100,GET,GET /api/events?city,38.200000,0.000000,220,250,280,290,340,370,400,440,580,580,580,2336,0,240,283.5263996952056,20.26550900006896,2086.489680999989,8666.875856164384
1789904570,100,POST,POST /api/auth/login,0.000000,0.000000,0,0,0,0,0,0,0,0,0,0,0,30,0,2700,2581.041040066664,1665.7984360000455,4027.322984999955,414.3
1789904570,100,POST,POST /api/auth/register,0.000000,0.000000,0,0,0,0,0,0,0,0,0,0,0,30,0,3100,2903.5319957666684,1031.5803199999891,3955.050796000023,131.76666666666668
1789904570,100,POST,POST /api/bookings [auth],11.900000,0.000000,290,340,350,380,420,450,500,540,580,580,580,744,0,310,336.68321146908676,122.2444910000604,2122.1652660000245,264.84005376344084
1789904570,100,,Aggregated,166.700000,0.000000,230,260,290,300,350,400,450,500,580,620,620,10108,0,250,311.71897134438245,14.60263500007386,4027.322984999955,6296.051147605856
1789904571,100,GET,/api/events [warmup],0.000000,0.000000,0,0,0,0,0,0,0,0,0,0,0,100,0,750,919.3783923100023,161.67094200000065,2319.9825649999184,43009.1
1789904571,100,DELETE,DELETE /api/bookings/{id} [auth],3.800000,0.000000,310,330,400,430,440,470,530,530,530,530,530,256,0,340,354.19170111328253,142.95747799997116,1400.2631590000192,289.83203125
1789904571,100,GET,GET /api/bookings/me [auth],18.900000,0.000000,230,270,300,320,420,440,480,520,550,550,550,1031,0,260,286.95182617652847,74.4635590000371,2131.379423999988,3351.2327837051407
1789904571,100,GET,GET /api/events,65.700000,0.000000,220,250,270,280,320,360,430,460,520,520,520,4087,0,240,282.4426586097368,14.60263500007386,2176.4711910000187,8637.538292145828
1789904571,100,GET,GET /api/events/{id},27.900000,0.000000,220,250,270,290,340,380,510,520,620,620,620,1612,0,240,290.36165622766964,22.819426000069143,2457.589189000032,428.3827543424318
1789904571,100,GET,GET /api/events?city,37.300000,0.000000,220,250,270,290,340,370,390,440,520,520,520,2380,0,240,282.18001173151265,20.26550900006896,2086.489680999989,8666.629411764707
1789904571,100,POST,POST /api/auth/login,0.000000,0.000000,0,0,0,0,0,0,0,0,0,0,0,30,0,2700,2581.041040066664,1665.7984360000455,4027.322984999955,414.3
1789904571,100,POST,POST /api/auth/register,0.000000,0.000000,0,0,0,0,0,0,0,0,0,0,0,30,0,3100,2903.5319957666684,1031.5803199999891,3955.050796000023,131.76666666666668
1789904571,100,POST,POST /api/bookings [auth],12.000000,0.000000,280,330,350,380,420,440,500,540,580,580,580,754,0,310,335.8794972175073,122.2444910000604,2122.1652660000245,264.84880636604777
1789904571,100,,Aggregated,165.600000,0.000000,220,260,280,300,350,400,450,500,580,620,620,10280,0,250,310.3349360874532,14.60263500007386,4027.322984999955,6290.375097276265
1789904572,100,GET,/api/events [warmup],0.000000,0.000000,0,0,0,0,0,0,0,0,0,0,0,100,0,750,919.3783923100023,161.67094200000065,2319.9825649999184,43009.1
1789904572,100,DELETE,DELETE /api/bookings/{id} [auth],3.900000,0.000000,310,370,430,430,450,510,550,550,550,550,550,261,0,340,354.6236396475112,142.95747799997116,1400.2631590000192,289.84674329501917
1789904572,100,GET,GET /api/bookings/me [auth],19.500000,0.000000,240,290,310,320,420,450,480,520,550,550,550,1047,0,260,286.7135933199629,74.4635590000371,2131.379423999988,3384.308500477555
1789904572,100,GET,GET /api/events,66.300000,0.000000,220,250,270,290,330,370,430,460,520,520,520,4156,0,240,281.74863130846825,14.60263500007386,2176.4711910000187,8637.512752646775
1789904572,100,GET,GET /api/events/{id},27.700000,0.000000,230,260,280,300,340,380,510,520,620,620,620,1645,0,240,289.6592583039537,22.819426000069143,2457.589189000032,428.3604863221884
1789904572,100,GET,GET /api/events?city,36.700000,0.000000,230,250,280,300,340,370,390,440,520,520,520,2414,0,240,281.5570424685171,20.26550900006896,2086.489680999989,8667.270919635459
1789904572,100,POST,POST /api/auth/login,0.000000,0.000000,0,0,0,0,0,0,0,0,0,0,0,30,0,2700,2581.041040066664,1665.7984360000455,4027.322984999955,414.3
1789904572,100,POST,POST /api/auth/register,0.000000,0.000000,0,0,0,0,0,0,0,0,0,0,0,30,0,3100,2903.5319957666684,1031.5803199999891,3955.050796000023,131.76666666666668
1789904572,100,POST,POST /api/bookings [auth],11.900000,0.000000,290,340,360,390,430,440,500,540,580,580,580,771,0,310,335.27197181323004,122.2444910000604,2122.1652660000245,264.8508430609598
1789904572,100,,Aggregated,166.000000,0.000000,230,270,290,310,350,410,450,500,580,620,620,10454,0,250,309.4347728022783,14.60263500007386,4027.322984999955,6281.371819399273
1789904573,100,GET,/api/events [warmup],0.000000,0.000000,0,0,0,0,0,0,0,0,0,0,0,100,0,750,919.3783923100023,161.67094200000065,2319.9825649999184,43009.1
1789904573,100,DELETE,DELETE /api/bookings/{id} [auth],3.900000,0.000000,320,370,420,430,450,510,550,550,550,550,550,268,0,340,353.9802809738822,142.95747799997116,1400.2631590000192,289.84328358208955
1789904573,100,GET,GET /api/bookings/me [auth],18.900000,0.000000,240,290,310,320,400,430,480,490,550,550,550,1060,0,260,286.5392259754727,74.4635590000371,2131.379423999988,3411.3443396226417
1789904573,100,GET,GET /api/events,66.100000,0.000000,220,260,280,290,330,370,430,460,540,540,540,4220,0,240,281.4628163632688,14.60263500007386,2176.4711910000187,8637.502369668246
1789904573,100,GET,GET /api/events/{id},28.000000,0.000000,230,260,280,300,340,380,510,520,620,620,620,1669,0,240,288.6345530760954,22.819426000069143,2457.589189000032,428.3523067705213
1789904573,100,GET,GET /api/events?city,37.500000,0.000000,230,250,280,300,340,360,390,440,520,520,520,2443,0,240,280.99009223127297,20.26550900006896,2086.489680999989,8667.398280802292
1789904573,100,POST,POST /api/auth/login,0.000000,0.000000,0,0,0,0,0,0,0,0,0,0,0,30,0,2700,2581.041040066664,1665.7984360000455,4027.322984999955,414.3
1789904573,100,POST,POST /api/auth/register,0.000000,0.000000,0,0,0,0,0,0,0,0,0,0,0,30,0,3100,2903.5319957666684,1031.5803199999891,3955.050796000023,131.76666666666668
1789904573,100,POST,POST /api/bookings [auth],12.000000,0.000000,300,340,370,390,430,440,500,540,580,580,580,783,0,310,334.77733459003895,122.2444910000604,2122.1652660000245,264.85312899106003
1789904573,100,,Aggregated,166.400000,0.000000,240,270,290,310,360,410,450,500,580,620,620,10603,0,250,308.70196431038516,14.60263500007386,4027.322984999955,6277.2808639064415
1789904574,100,GET,/api/events [warmup],0.000000,0.000000,0,0,0,0,0,0,0,0,0,0,0,100,0,750,919.3783923100023,161.67094200000065,2319.9825649999184,43009.1
1789904574,100,DELETE,DELETE /api/bookings/{id} [auth],4.200000,0.000000,320,360,420,430,450,510,550,550,550,550,550,271,0,340,352.99077931734496,142.95747799997116,1400.2631590000192,289.85239852398524
1789904574,100,GET,GET /api/bookings/me [auth],18.100000,0.000000,240,280,300,310,390,430,480,480,550,550,550,1077,0,260,285.5264294345413,74.4635590000371,2131.379423999988,3444.4623955431753
1789904574,100,GET,GET /api/events,64.400000,0.000000,230,260,280,300,330,380,440,460,540,540,540,4279,0,240,280.5866895966335,14.60263500007386,2176.4711910000187,8637.456648749709
1789904574,100,GET,GET /api/events/{id},28.800000,0.000000,220,260,280,300,340,390,510,520,620,620,620,1700,0,240,287.3908691870605,22.819426000069143,2457.589189000032,428.34235294117644
1789904574,100,GET,GET /api/events?city,37.700000,0.000000,220,250,280,300,340,370,390,440,540,540,540,2488,0,240,279.96172520297415,20.26550900006896,2086.489680999989,8667.346061093247
1789904574,100,POST,POST /api/auth/login,0.000000,0.000000,0,0,0,0,0,0,0,0,0,0,0,30,0,2700,2581.041040066664,1665.7984360000455,4027.322984999955,414.3
1789904574,100,POST,POST /api/auth/register,0.000000,0.000000,0,0,0,0,0,0,0,0,0,0,0,30,0,3100,2903.5319957666684,1031.5803199999891,3955.050796000023,131.76666666666668
1789904574,100,POST,POST /api/bookings [auth],12.000000,0.000000,290,340,360,390,420,440,540,550,580,580,580,798,0,310,333.7465021203012,122.2444910000604,2122.1652660000245,264.85839598997495
1789904574,100,,Aggregated,165.200000,0.000000,230,270,290,310,360,410,450,510,580,620,620,10773,0,250,307.4089760884631,14.60263500007386,4027.322984999955,6272.078436832823
1789904575,100,GET,/api/events [warmup],0.000000,0.000000,0,0,0,0,0,0,0,0,0,0,0,100,0,750,919.3783923100023,161.67094200000065,2319.9825649999184,43009.1
1789904575,100,DELETE,DELETE /api/bookings/{id} [auth],4.400000,0.000000,320,360,400,420,450,510,550,550,550,550,550,275,0,330,352.16618474181934,142.95747799997116,1400.2631590000192,289.83272727272725
1789904575,100,GET,GET /api/bookings/me [auth],17.900000,0.000000,230,260,290,300,340,390,430,430,430,430,430,1099,0,260,284.4847207679722,74.4635590000371,2131.379423999988,3486.4340309372155
1789904575,100,GET,GET /api/events,64.900000,0.000000,220,260,280,290,330,370,440,460,540,540,540,4350,0,240,279.7090495903436,14.60263500007386,2176.4711910000187,8637.42183908046
1789904575,100,GET,GET /api/events/{id},29.500000,0.000000,230,260,280,290,330,370,510,520,620,620,620,1722,0,240,286.78545597328844,22.819426000069143,2457.589189000032,428.31533101045295
1789904575,100,GET,GET /api/events?city,37.500000,0.000000,220,250,270,290,330,360,390,440,540,540,540,2529,0,240,279.2241867789639,20.26550900006896,2086.489680999989,8667.341241597469
1789904575,100,POST,POST /api/auth/login,0.000000,0.000000,0,0,0,0,0,0,0,0,0,0,0,30,0,2700,2581.041040066664,1665.7984360000455,4027.322984999955,414.3
1789904575,100,POST,POST /api/auth/register,0.000000,0.000000,0,0,0,0,0,0,0,0,0,0,0,30,0,3100,2903.5319957666684,1031.5803199999891,3955.050796000023,131.76666666666668
1789904575,100,POST,POST /api/bookings [auth],11.900000,0.000000,300,340,360,390,420,440,540,550,580,580,580,806,0,310,333.6485877096779,122.2444910000604,2122.1652660000245,264.85732009925556
1789904575,100,,Aggregated,166.100000,0.000000,230,260,290,310,350,390,440,500,580,620,620,10941,0,250,306.33644915419177,14.60263500007386,4027.322984999955,6276.584590074033
1789904576,100,GET,/api/events [warmup],0.000000,0.000000,0,0,0,0,0,0,0,0,0,0,0,100,0,750,919.3783923100023,161.67094200000065,2319.9825649999184,43009.1
1789904576,100,DELETE,DELETE /api/bookings/{id} [auth],4.400000,0.000000,320,350,370,400,450,510,550,550,550,550,550,279,0,330,351.701086336919,142.95747799997116,1400.2631590000192,289.84229390681
1789904576,100,GET,GET /api/bookings/me [auth],17.900000,0.000000,240,260,290,300,340,380,430,430,430,430,430,1122,0,260,283.22823110427936,74.4635590000371,2131.379423999988,3528.4536541889483
1789904576,100,GET,GET /api/events,64.200000,0.000000,220,260,280,290,330,360,430,460,540,540,540,4432,0,240,278.2782828402518,14.60263500007386,2176.4711910000187,8637.35311371841
1789904576,100,GET,GET /api/events/{id},29.300000,0.000000,220,260,280,290,330,370,510,520,620,620,620,1752,0,240,285.53024264440785,22.819426000069143,2457.589189000032,428.3013698630137
1789904576,100,GET,GET /api/events?city,36.100000,0.000000,220,250,270,280,320,360,390,440,540,540,540,2563,0,230,278.0610006453372,20.26550900006896,2086.489680999989,8667.357783847054
1789904576,100,POST,POST /api/auth/login,0.000000,0.000000,0,0,0,0,0,0,0,0,0,0,0,30,0,2700,2581.041040066664,1665.7984360000455,4027.322984999955,414.3
1789904576,100,POST,POST /api/auth/register,0.000000,0.000000,0,0,0,0,0,0,0,0,0,0,0,30,0,3100,2903.5319957666684,1031.5803199999891,3955.050796000023,131.76666666666668
1789904576,100,POST,POST /api/bookings [auth],12.000000,0.000000,290,340,360,390,420,430,500,550,580,580,580,818,0,310,332.8524272163819,122.2444910000604,2122.1652660000245,264.8630806845966
1789904576,100,,Aggregated,163.900000,0.000000,230,260,290,300,350,390,440,500,580,620,620,11126,0,250,304.7729348796524,14.60263500007386,4027.322984999955,6275.329138953802
1789904577,100,GET,/api/events [warmup],0.000000,0.000000,0,0,0,0,0,0,0,0,0,0,0,100,0,750,919.3783923100023,161.67094200000065,2319.9825649999184,43009.1
1789904577,100,DELETE,DELETE /api/bookings/{id} [auth],4.400000,0.000000,320,360,370,400,450,510,550,550,550,550,550,282,0,330,351.3488429007112,142.95747799997116,1400.2631590000192,289.83687943262413
1789904577,100,GET,GET /api/bookings/me [auth],17.700000,0.000000,240,270,290,300,340,390,430,430,430,430,430,1143,0,260,282.4863980909897,74.4635590000371,2131.379423999988,3565.4916885389325
1789904577,100,GET,GET /api/events,63.500000,0.000000,220,260,280,290,330,370,430,460,540,540,540,4500,0,240,277.3771518973325,14.60263500007386,2176.4711910000187,8637.338
1789904577,100,GET,GET /api/events/{id},29.400000,0.000000,230,260,280,300,340,400,510,530,620,620,620,1792,0,240,284.7450841947556,22.819426000069143,2457.589189000032,428.31529017857144
1789904577,100,GET,GET /api/events?city,37.000000,0.000000,220,250,270,280,330,360,390,440,540,540,540,2591,0,230,277.31410554033164,20.26550900006896,2086.489680999989,8667.490544191432
1789904577,100,POST,POST /api/auth/login,0.000000,0.000000,0,0,0,0,0,0,0,0,0,0,0,30,0,2700,2581.041040066664,1665.7984360000455,4027.322984999955,414.3
1789904577,100,POST,POST /api/auth/register,0.000000,0.000000,0,0,0,0,0,0,0,0,0,0,0,30,0,3100,2903.5319957666684,1031.5803199999891,3955.050796000023,131.76666666666668
1789904577,100,POST,POST /api/bookings [auth],12.100000,0.000000,300,350,360,390,420,440,500,550,580,580,580,827,0,310,332.49057692624007,122.2444910000604,2122.1652660000245,264.8645707376058
1789904577,100,,Aggregated,164.100000,0.000000,230,260,290,300,350,400,440,500,580,620,620,11295,0,250,303.70856892518907,14.60263500007386,4027.322984999955,6267.061177512173
1789904579,100,GET,/api/events [warmup],0.000000,0.000000,0,0,0,0,0,0,0,0,0,0,0,100,0,750,919.3783923100023,161.67094200000065,2319.9825649999184,43009.1
1789904579,100,DELETE,DELETE /api/bookings/{id} [auth],4.700000,0.000000,330,360,370,400,420,450,550,550,550,550,550,287,0,330,351.26614770731976,142.95747799997116,1400.2631590000192,289.8362369337979
1789904579,100,GET,GET /api/bookings/me [auth],17.900000,0.000000,240,270,300,310,360,390,440,480,610,610,610,1158,0,260,282.7931107262534,74.4635590000371,2131.379423999988,3591.041450777202
1789904579,100,GET,GET /api/events,64.600000,0.000000,230,260,290,300,340,370,420,440,540,540,540,4573,0,240,277.14679681281325,14.60263500007386,2176.4711910000187,8637.321014651214
1789904579,100,GET,GET /api/events/{id},28.400000,0.000000,240,270,290,300,340,420,480,520,540,540,540,1809,0,240,284.93421280265466,22.819426000069143,2457.589189000032,428.3051409618574
1789904579,100,GET,GET /api/events?city,37.400000,0.000000,220,250,270,290,330,380,400,450,540,540,540,2619,0,230,277.15115384726965,20.26550900006896,2086.489680999989,8667.851851851852
1789904579,100,POST,POST /api/auth/login,0.000000,0.000000,0,0,0,0,0,0,0,0,0,0,0,30,0,2700,2581.041040066664,1665.7984360000455,4027.322984999955,414.3
1789904579,100,POST,POST /api/auth/register,0.000000,0.000000,0,0,0,0,0,0,0,0,0,0,0,30,0,3100,2903.5319957666684,1031.5803199999891,3955.050796000023,131.76666666666668
1789904579,100,POST,POST /api/bookings [auth],12.200000,0.000000,300,350,360,400,420,430,510,550,710,710,710,836,0,310,333.4339933181827,122.2444910000604,2122.1652660000245,264.86483253588517
1789904579,100,,Aggregated,165.200000,0.000000,240,270,300,310,360,400,440,480,610,710,710,11442,0,250,303.4618790459718,14.60263500007386,4027.322984999955,6271.168065023598
1789904580,100,GET,/api/events [warmup],0.000000,0.000000,0,0,0,0,0,0,0,0,0,0,0,100,0,750,919.3783923100023,161.67094200000065,2319.9825649999184,43009.1
1789904580,100,DELETE,DELETE /api/bookings/{id} [auth],4.800000,0.000000,330,360,370,390,420,450,550,550,550,550,550,288,0,330,350.9158294618082,142.95747799997116,1400.2631590000192,289.84027777777777
1789904580,100,GET,GET /api/bookings/me [auth],17.800000,0.000000,230,270,290,300,340,390,470,610,1100,1100,1100,1182,0,260,282.2524110025395,74.4635590000371,2131.379423999988,3630.7275803722505
1789904580,100,GET,GET /api/events,65.600000,0.000000,220,250,270,290,330,370,420,440,540,540,540,4637,0,230,276.1158963396581,14.60263500007386,2176.4711910000187,8637.282294587018
1789904580,100,GET,GET /api/events/{id},29.100000,0.000000,220,250,280,300,330,400,460,520,540,540,540,1835,0,240,284.00593150844816,22.819426000069143,2457.589189000032,428.30735694822886
1789904580,100,GET,GET /api/events?city,37.500000,0.000000,210,240,260,270,320,340,380,400,540,540,540,2669,0,230,275.6581261378792,20.26550900006896,2086.489680999989,8667.683027351068
1789904580,100,POST,POST /api/auth/login,0.000000,0.000000,0,0,0,0,0,0,0,0,0,0,0,30,0,2700,2581.041040066664,1665.7984360000455,4027.322984999955,414.3
1789904580,100,POST,POST /api/auth/register,0.000000,0.000000,0,0,0,0,0,0,0,0,0,0,0,30,0,3100,2903.5319957666684,1031.5803199999891,3955.050796000023,131.76666666666668
1789904580,100,POST,POST /api/bookings [auth],12.400000,0.000000,280,350,360,390,410,440,510,550,710,710,710,849,0,310,332.0932248091882,122.2444910000604,2122.1652660000245,264.8680800942285
1789904580,100,,Aggregated,167.200000,0.000000,230,260,280,300,350,390,440,480,710,1100,1100,11620,0,250,302.09467479914014,14.60263500007386,4027.322984999955,6272.652925989673
1789904581,100,GET,/api/events [warmup],0.000000,0.000000,0,0,0,0,0,0,0,0,0,0,0,100,0,750,919.3783923100023,161.67094200000065,2319.9825649999184,43009.1
1789904581,100,DELETE,DELETE /api/bookings/{id} [auth],4.800000,0.000000,330,360,370,370,420,450,550,550,550,550,550,292,0,330,350.2097547945229,142.95747799997116,1400.2631590000192,289.8493150684931
1789904581,100,GET,GET /api/bookings/me [auth],17.200000,0.000000,240,270,300,310,350,390,470,610,1100,1100,1100,1200,0,260,282.14759469000137,74.4635590000371,2131.379423999988,3659.2858333333334
1789904581,100,GET,GET /api/events,67.300000,0.000000,220,250,270,290,330,360,410,440,540,540,540,4698,0,230,275.6020326428255,14.60263500007386,2176.4711910000187,8637.288633461047
1789904581,100,GET,GET /api/events/{id},28.200000,0.000000,230,270,290,310,340,400,460,480,540,540,540,1870,0,240,283.4622151684508,22.819426000069143,2457.589189000032,428.2994652406417
1789904581,100,GET,GET /api/events?city,35.600000,0.000000,220,240,270,280,320,340,380,400,540,540,540,2711,0,230,275.18731941866463,20.26550900006896,2086.489680999989,8667.472519365549
1789904581,100,POST,POST /api/auth/login,0.000000,0.000000,0,0,0,0,0,0,0,0,0,0,0,30,0,2700,2581.041040066664,1665.7984360000455,4027.322984999955,414.3
1789904581,100,POST,POST /api/auth/register,0.000000,0.000000,0,0,0,0,0,0,0,0,0,0,0,30,0,3100,2903.5319957666684,1031.5803199999891,3955.050796000023,131.76666666666668
1789904581,100,POST,POST /api/bookings [auth],11.800000,0.000000,280,350,360,390,410,430,510,550,710,710,710,863,0,310,331.6121837091549,122.2444910000604,2122.1652660000245,264.8667439165701
1789904581,100,,Aggregated,164.900000,0.000000,230,260,290,300,340,390,430,470,710,1100,1100,11794,0,250,301.3719027929463,14.60263500007386,4027.322984999955,6265.7343564524335
1789904582,100,GET,/api/events [warmup],0.000000,0.000000,0,0,0,0,0,0,0,0,0,0,0,100,0,750,919.3783923100023,161.67094200000065,2319.9825649999184,43009.1
1789904582,100,DELETE,DELETE /api/bookings/{id} [auth],4.300000,0.000000,330,350,360,370,400,420,420,420,420,420,420,294,0,330,350.2650483877579,142.95747799997116,1400.2631590000192,289.8469387755102
1789904582,100,GET,GET /api/bookings/me [auth],17.800000,0.000000,240,270,300,310,350,390,480,610,1100,1100,1100,1211,0,260,282.4263116118923,74.4635590000371,2131.379423999988,3676.7927332782824
1789904582,100,GET,GET /api/events,67.400000,0.000000,220,260,280,290,330,370,410,440,540,540,540,4755,0,240,275.5115528599357,14.60263500007386,2176.4711910000187,8637.267507886436
1789904582,100,GET,GET /api/events/{id},27.900000,0.000000,230,270,290,310,340,420,480,490,540,540,540,1893,0,240,283.418776876388,22.819426000069143,2457.589189000032,428.27786582144745
1789904582,100,GET,GET /api/events?city,37.100000,0.000000,220,240,270,280,310,350,400,440,540,540,540,2747,0,230,274.6130210225701,20.26550900006896,2086.489680999989,8667.710957408082
1789904582,100,POST,POST /api/auth/login,0.000000,0.000000,0,0,0,0,0,0,0,0,0,0,0,30,0,2700,2581.041040066664,1665.7984360000455,4027.322984999955,414.3
1789904582,100,POST,POST /api/auth/register,0.000000,0.000000,0,0,0,0,0,0,0,0,0,0,0,30,0,3100,2903.5319957666684,1031.5803199999891,3955.050796000023,131.76666666666668
1789904582,100,POST,POST /api/bookings [auth],11.900000,0.000000,300,350,360,390,420,480,550,630,710,710,710,878,0,310,331.8583870011397,122.2444910000604,2122.1652660000245,264.875854214123
1789904582,100,,Aggregated,166.400000,0.000000,230,260,290,300,350,400,440,480,710,1100,1100,11938,0,250,301.0365244518352,14.60263500007386,4027.322984999955,6263.930557882392
1789904583,100,GET,/api/events [warmup],0.000000,0.000000,0,0,0,0,0,0,0,0,0,0,0,100,0,750,919.3783923100023,161.67094200000065,2319.9825649999184,43009.1
1789904583,100,DELETE,DELETE /api/bookings/{id} [auth],4.200000,0.000000,330,340,360,370,400,400,500,500,500,500,500,298,0,330,349.8448062583919,142.95747799997116,1400.2631590000192,289.8523489932886
1789904583,100,GET,GET /api/bookings/me [auth],18.000000,0.000000,240,270,300,300,350,400,480,610,1100,1100,1100,1224,0,260,282.13651015604677,74.4635590000371,2131.379423999988,3696.453431372549
1789904583,100,GET,GET /api/events,67.200000,0.000000,220,250,280,290,330,360,420,450,580,580,580,4822,0,240,274.97471867399287,14.60263500007386,2176.4711910000187,8637.242430526752
1789904583,100,GET,GET /api/events/{id},29.100000,0.000000,230,270,290,310,350,430,480,520,580,580,580,1930,0,240,282.3345372927475,22.819426000069143,2457.589189000032,428.2756476683938
1789904583,100,GET,GET /api/events?city,37.300000,0.000000,220,240,270,280,320,370,410,460,540,540,540,2781,0,230,274.12967619273644,20.26550900006896,2086.489680999989,8667.417475728156
1789904583,100,POST,POST /api/auth/login,0.000000,0.000000,0,0,0,0,0,0,0,0,0,0,0,30,0,2700,2581.041040066664,1665.7984360000455,4027.322984999955,414.3
1789904583,100,POST,POST /api/auth/register,0.000000,0.000000,0,0,0,0,0,0,0,0,0,0,0,30,0,3100,2903.5319957666684,1031.5803199999891,3955.050796000023,131.76666666666668
1789904583,100,POST,POST /api/bookings [auth],11.900000,0.000000,290,340,360,390,420,490,550,630,710,710,710,891,0,310,331.3992730067347,122.2444910000604,2122.1652660000245,264.8810325476992
1789904583,100,,Aggregated,167.700000,0.000000,230,260,290,300,350,400,460,490,710,1100,1100,12106,0,250,300.225425670247,14.60263500007386,4027.322984999955,6256.697422765571
1789904584,100,GET,/api/events [warmup],0.000000,0.000000,0,0,0,0,0,0,0,0,0,0,0,100,0,750,919.3783923100023,161.67094200000065,2319.9825649999184,43009.1
1789904584,100,DELETE,DELETE /api/bookings/{id} [auth],3.800000,0.000000,330,340,360,360,390,400,500,500,500,500,500,302,0,330,349.0181247715259,142.95747799997116,1400.2631590000192,289.85099337748346
1789904584,100,GET,GET /api/bookings/me [auth],17.900000,0.000000,240,270,300,300,350,400,480,610,1100,1100,1100,1240,0,260,281.5480087032268,74.4635590000371,2131.379423999988,3720.2620967741937
1789904584,100,GET,GET /api/events,66.800000,0.000000,220,250,280,290,320,360,400,440,580,580,580,4883,0,230,274.3593748906398,14.60263500007386,2176.4711910000187,8637.253942248617
1789904584,100,GET,GET /api/events/{id},28.000000,0.000000,230,270,290,310,340,420,480,520,580,580,580,1967,0,240,281.5859597224212,22.819426000069143,2457.589189000032,428.2826639552618
1789904584,100,GET,GET /api/events?city,36.700000,0.000000,210,240,270,280,310,340,400,440,480,480,480,2813,0,230,273.41245459580534,20.26550900006896,2086.489680999989,8667.724848915748
1789904584,100,POST,POST /api/auth/login,0.000000,0.000000,0,0,0,0,0,0,0,0,0,0,0,30,0,2700,2581.041040066664,1665.7984360000455,4027.322984999955,414.3
1789904584,100,POST,POST /api/auth/register,0.000000,0.000000,0,0,0,0,0,0,0,0,0,0,0,30,0,3100,2903.5319957666684,1031.5803199999891,3955.050796000023,131.76666666666668
1789904584,100,POST,POST /api/bookings [auth],12.400000,0.000000,300,350,360,390,420,480,530,630,710,710,710,906,0,310,330.7032032130248,122.2444910000604,2122.1652660000245,264.88520971302427
1789904584,100,,Aggregated,165.600000,0.000000,230,260,290,300,340,390,450,490,710,1100,1100,12271,0,250,299.3481201232996,14.60263500007386,4027.322984999955,6247.11849075055
1789904585,100,GET,/api/events [warmup],0.000000,0.000000,0,0,0,0,0,0,0,0,0,0,0,100,0,750,919.3783923100023,161.67094200000065,2319.9825649999184,43009.1
1789904585,100,DELETE,DELETE /api/bookings/{id} [auth],3.700000,0.000000,330,350,370,380,400,400,500,500,500,500,500,303,0,330,349.17802991419387,142.95747799997116,1400.2631590000192,289.84818481848185
1789904585,100,GET,GET /api/bookings/me [auth],17.700000,0.000000,250,270,300,310,360,430,480,610,1100,1100,1100,1259,0,260,280.9492710309779,74.4635590000371,2131.379423999988,3747.830023828435
1789904585,100,GET,GET /api/events,66.200000,0.000000,220,250,280,290,330,360,400,440,580,580,580,4956,0,230,273.64745034241207,14.60263500007386,2176.4711910000187,8637.218321226796
1789904585,100,GET,GET /api/events/{id},28.200000,0.000000,230,260,290,310,340,420,480,520,580,580,580,1993,0,240,280.82297444706614,22.819426000069143,2457.589189000032,428.26743602609133
1789904585,100,GET,GET /api/events?city,36.500000,0.000000,210,240,260,280,320,350,400,440,480,480,480,2845,0,230,272.79365323022876,20.26550900006896,2086.489680999989,8667.479086115993
1789904585,100,POST,POST /api/auth/login,0.000000,0.000000,0,0,0,0,0,0,0,0,0,0,0,30,0,2700,2581.041040066664,1665.7984360000455,4027.322984999955,414.3
1789904585,100,POST,POST /api/auth/register,0.000000,0.000000,0,0,0,0,0,0,0,0,0,0,0,30,0,3100,2903.5319957666684,1031.5803199999891,3955.050796000023,131.76666666666668
1789904585,100,POST,POST /api/bookings [auth],12.000000,0.000000,290,340,370,390,420,510,610,630,710,710,710,922,0,310,330.4876521518443,122.2444910000604,2122.1652660000245,264.882863340564
1789904585,100,,Aggregated,164.300000,0.000000,230,260,290,300,350,400,460,490,710,1100,1100,12438,0,250,298.4945824322248,14.60263500007386,4027.322984999955,6245.893632416787
1789904586,100,GET,/api/events [warmup],0.000000,0.000000,0,0,0,0,0,0,0,0,0,0,0,100,0,750,919.3783923100023,161.67094200000065,2319.9825649999184,43009.1
1789904586,100,DELETE,DELETE /api/bookings/{id} [auth],3.400000,0.000000,330,360,370,380,400,400,500,500,500,500,500,306,0,330,348.9130946307213,142.95747799997116,1400.2631590000192,289.84313725490193
1789904586,100,GET,GET /api/bookings/me [auth],18.000000,0.000000,240,280,300,310,380,430,480,610,1100,1100,1100,1278,0,260,280.1846009827862,74.4635590000371,2131.379423999988,3774.3552425665102
1789904586,100,GET,GET /api/events,65.900000,0.000000,230,260,280,300,330,370,420,450,580,580,580,5023,0,230,273.1158503951809,14.60263500007386,2176.4711910000187,8637.218793549671
1789904586,100,GET,GET /api/events/{id},29.700000,0.000000,230,270,300,310,360,430,480,540,610,610,610,2017,0,240,280.55835408428504,22.819426000069143,2457.589189000032,428.2706990580069
1789904586,100,GET,GET /api/events?city,37.000000,0.000000,210,240,270,280,320,350,410,460,540,540,540,2890,0,230,271.8019481217995,20.26550900006896,2086.489680999989,8667.405882352941
1789904586,100,POST,POST /api/auth/login,0.000000,0.000000,0,0,0,0,0,0,0,0,0,0,0,30,0,2700,2581.041040066664,1665.7984360000455,4027.322984999955,414.3
1789904586,100,POST,POST /api/auth/register,0.000000,0.000000,0,0,0,0,0,0,0,0,0,0,0,30,0,3100,2903.5319957666684,1031.5803199999891,3955.050796000023,131.76666666666668
1789904586,100,POST,POST /api/bookings [auth],12.200000,0.000000,280,330,360,380,420,510,610,630,710,710,710,937,0,300,329.21047217289276,122.2444910000604,2122.1652660000245,264.8858057630736
1789904586,100,,Aggregated,166.200000,0.000000,230,270,290,310,350,400,460,510,710,1100,1100,12611,0,240,297.6007704813266,14.60263500007386,4027.322984999955,6246.54531757989
1789904587,100,GET,/api/events [warmup],0.000000,0.000000,0,0,0,0,0,0,0,0,0,0,0,100,0,750,919.3783923100023,161.67094200000065,2319.9825649999184,43009.1
1789904587,100,DELETE,DELETE /api/bookings/{id} [auth],3.200000,0.000000,340,370,370,390,410,450,500,500,500,500,500,311,0,330,348.8634894051471,142.95747799997116,1400.2631590000192,289.85209003215436
1789904587,100,GET,GET /api/bookings/me [auth],18.100000,0.000000,240,280,300,320,370,430,480,610,1100,1100,1100,1296,0,260,279.59548847916716,74.4635590000371,2131.379423999988,3798.891203703704
1789904587,100,GET,GET /api/events,67.500000,0.000000,230,260,290,300,340,380,440,450,580,580,580,5084,0,230,272.7882245741527,14.60263500007386,2176.4711910000187,8637.234461054288
1789904587,100,GET,GET /api/events/{id},29.200000,0.000000,240,280,310,320,370,430,480,520,610,610,610,2046,0,240,280.4976751906172,22.819426000069143,2457.589189000032,428.2639296187683
1789904587,100,GET,GET /api/events?city,35.700000,0.000000,210,250,270,290,320,380,430,460,540,540,540,2928,0,230,271.5861660259565,20.26550900006896,2086.489680999989,8667.19637978142
1789904587,100,POST,POST /api/auth/login,0.000000,0.000000,0,0,0,0,0,0,0,0,0,0,0,30,0,2700,2581.041040066664,1665.7984360000455,4027.322984999955,414.3
1789904587,100,POST,POST /api/auth/register,0.000000,0.000000,0,0,0,0,0,0,0,0,0,0,0,30,0,3100,2903.5319957666684,1031.5803199999891,3955.050796000023,131.76666666666668
1789904587,100,POST,POST /api/bookings [auth],12.400000,0.000000,290,330,370,380,430,490,610,630,710,710,710,951,0,310,329.26985590010537,122.2444910000604,2122.1652660000245,264.8801261829653
1789904587,100,,Aggregated,166.100000,0.000000,230,270,300,310,360,400,460,500,710,1100,1100,12776,0,240,297.15253857545474,14.60263500007386,4027.322984999955,6242.030291170946
1789904588,100,GET,/api/events [warmup],0.000000,0.000000,0,0,0,0,0,0,0,0,0,0,0,100,0,750,919.3783923100023,161.67094200000065,2319.9825649999184,43009.1
1789904588,100,DELETE,DELETE /api/bookings/{id} [auth],3.000000,0.000000,330,360,370,400,430,450,500,500,500,500,500,316,0,330,348.5061412943064,142.95747799997116,1400.2631590000192,289.8512658227848
1789904588,100,GET,GET /api/bookings/me [auth],17.900000,0.000000,240,270,300,310,350,400,450,530,1100,1100,1100,1311,0,260,279.6603002707862,74.4635590000371,2131.379423999988,3818.940503432494
1789904588,100,GET,GET /api/events,67.000000,0.000000,220,250,270,290,330,360,430,450,580,580,580,5164,0,230,271.8702469165362,14.60263500007386,2176.4711910000187,8637.208752904726
1789904588,100,GET,GET /api/events/{id},29.400000,0.000000,230,260,300,310,350,420,480,520,610,610,610,2064,0,240,279.9197600024238,22.819426000069143,2457.589189000032,428.27713178294573
1789904588,100,GET,GET /api/events?city,36.000000,0.000000,210,240,270,280,320,360,410,460,540,540,540,2967,0,230,270.932268988204,20.26550900006896,2086.489680999989,8667.197842938996
1789904588,100,POST,POST /api/auth/login,0.000000,0.000000,0,0,0,0,0,0,0,0,0,0,0,30,0,2700,2581.041040066664,1665.7984360000455,4027.322984999955,414.3
1789904588,100,POST,POST /api/auth/register,0.000000,0.000000,0,0,0,0,0,0,0,0,0,0,0,30,0,3100,2903.5319957666684,1031.5803199999891,3955.050796000023,131.76666666666668
1789904588,100,POST,POST /api/bookings [auth],13.100000,0.000000,280,330,340,370,420,460,570,610,630,630,630,962,0,310,328.8971905041583,122.2444910000604,2122.1652660000245,264.8773388773389
1789904588,100,,Aggregated,166.400000,0.000000,230,260,290,310,340,400,450,490,630,1100,1100,12944,0,240,296.2905673427851,14.60263500007386,4027.322984999955,6247.868819530284
1789904589,100,GET,/api/events [warmup],0.000000,0.000000,0,0,0,0,0,0,0,0,0,0,0,100,0,750,919.3783923100023,161.67094200000065,2319.9825649999184,43009.1
1789904589,100,DELETE,DELETE /api/bookings/{id} [auth],3.200000,0.000000,330,350,370,400,430,450,500,500,500,500,500,318,0,330,348.03870434276985,142.95747799997116,1400.2631590000192,289.8490566037736
1789904589,100,GET,GET /api/bookings/me [auth],17.300000,0.000000,240,270,300,310,350,390,450,490,530,530,530,1331,0,260,278.70326374680764,74.4635590000371,2131.379423999988,3845.204357625845
1789904589,100,GET,GET /api/events,64.800000,0.000000,220,250,270,290,330,350,420,440,580,580,580,5242,0,230,270.876936629148,14.60263500007386,2176.4711910000187,8637.177603967952
1789904589,100,GET,GET /api/events/{id},29.000000,0.000000,230,260,290,310,340,400,470,490,610,610,610,2092,0,240,279.03954541204706,22.819426000069143,2457.589189000032,428.2705544933078
1789904589,100,GET,GET /api/events?city,36.400000,0.000000,210,240,270,280,320,360,410,460,540,540,540,3010,0,230,269.99749658272486,20.26550900006896,2086.489680999989,8666.860797342193
1789904589,100,POST,POST /api/auth/login,0.000000,0.000000,0,0,0,0,0,0,0,0,0,0,0,30,0,2700,2581.041040066664,1665.7984360000455,4027.322984999955,414.3
1789904589,100,POST,POST /api/auth/register,0.000000,0.000000,0,0,0,0,0,0,0,0,0,0,0,30,0,3100,2903.5319957666684,1031.5803199999891,3955.050796000023,131.76666666666668
1789904589,100,POST,POST /api/bookings [auth],13.200000,0.000000,280,320,340,370,420,450,570,610,630,630,630,976,0,300,327.77810454713125,122.2444910000604,2122.1652660000245,264.88012295081967
1789904589,100,,Aggregated,163.900000,0.000000,230,260,290,300,340,390,440,480,610,630,630,13129,0,240,295.10220945220595,14.60263500007386,4027.322984999955,6249.160789092848
1789904590,100,GET,/api/events [warmup],0.000000,0.000000,0,0,0,0,0,0,0,0,0,0,0,100,0,750,919.3783923100023,161.67094200000065,2319.9825649999184,43009.1
1789904590,100,DELETE,DELETE /api/bookings/{id} [auth],3.400000,0.000000,330,350,370,380,430,450,500,500,500,500,500,320,0,330,347.46669021562786,142.95747799997116,1400.2631590000192,289.85
1789904590,100,GET,GET /api/bookings/me [auth],16.600000,0.000000,240,270,290,300,330,390,430,490,530,530,530,1349,0,260,278.31693244773976,74.4635590000371,2131.379423999988,3867.7057079318015
1789904590,100,GET,GET /api/events,65.700000,0.000000,220,250,270,290,330,350,420,450,580,580,580,5311,0,230,270.25327893108505,14.60263500007386,2176.4711910000187,8637.153266804746
1789904590,100,GET,GET /api/events/{id},27.200000,0.000000,230,260,280,300,340,390,480,490,610,610,610,2111,0,240,278.6865110592147,22.819426000069143,2457.589189000032,428.26480341070584
1789904590,100,GET,GET /api/events?city,37.400000,0.000000,210,240,260,270,320,360,410,460,540,540,540,3047,0,230,269.25652932819224,20.26550900006896,2086.489680999989,8667.036429274696
1789904590,100,POST,POST /api/auth/login,0.000000,0.000000,0,0,0,0,0,0,0,0,0,0,0,30,0,2700,2581.041040066664,1665.7984360000455,4027.322984999955,414.3
1789904590,100,POST,POST /api/auth/register,0.000000,0.000000,0,0,0,0,0,0,0,0,0,0,0,30,0,3100,2903.5319957666684,1031.5803199999891,3955.050796000023,131.76666666666668
1789904590,100,POST,POST /api/bookings [auth],13.300000,0.000000,280,310,330,370,410,450,570,610,630,630,630,992,0,300,326.33103763608864,122.2444910000604,2122.1652660000245,264.88004032258067
1789904590,100,,Aggregated,163.600000,0.000000,230,260,280,300,340,390,440,480,610,630,630,13290,0,240,294.2724858159527,14.60263500007386,4027.322984999955,6250.92460496614
1789904591,100,GET,/api/events [warmup],0.000000,0.000000,0,0,0,0,0,0,0,0,0,0,0,100,0,750,919.3783923100023,161.67094200000065,2319.9825649999184,43009.1
1789904591,100,DELETE,DELETE /api/bookings/{id} [auth],3.000000,0.000000,310,350,370,400,430,450,500,500,500,500,500,322,0,330,347.51841562112077,142.95747799997116,1400.2631590000192,289.8478260869565
1789904591,100,GET,GET /api/bookings/me [auth],17.200000,0.000000,240,270,290,300,330,380,430,450,530,530,530,1362,0,260,278.2648038700449,74.4635590000371,2131.379423999988,3883.571953010279
1789904591,100,GET,GET /api/events,66.300000,0.000000,220,240,260,280,330,360,420,450,580,580,580,5372,0,230,269.9238759577425,14.60263500007386,2176.4711910000187,8637.1386820551
1789904591,100,GET,GET /api/events/{id},28.100000,0.000000,230,250,280,290,340,390,440,480,610,610,610,2131,0,240,278.39406946551014,22.819426000069143,2457.589189000032,428.283435007039
1789904591,100,GET,GET /api/events?city,38.900000,0.000000,210,240,260,280,320,360,400,430,540,540,540,3098,0,230,268.6054794154298,20.26550900006896,2086.489680999989,8666.97127178825
1789904591,100,POST,POST /api/auth/login,0.000000,0.000000,0,0,0,0,0,0,0,0,0,0,0,30,0,2700,2581.041040066664,1665.7984360000455,4027.322984999955,414.3
1789904591,100,POST,POST /api/auth/register,0.000000,0.000000,0,0,0,0,0,0,0,0,0,0,0,30,0,3100,2903.5319957666684,1031.5803199999891,3955.050796000023,131.76666666666668
1789904591,100,POST,POST /api/bookings [auth],13.900000,0.000000,270,300,320,340,410,450,530,570,610,610,610,1008,0,300,325.7159855367063,122.2444910000604,2122.1652660000245,264.89186507936506
1789904591,100,,Aggregated,167.400000,0.000000,220,250,280,290,340,380,440,470,610,610,610,13453,0,240,293.69827810399227,14.60263500007386,4027.322984999955,6253.528357987066
1789904592,100,GET,/api/events [warmup],0.000000,0.000000,0,0,0,0,0,0,0,0,0,0,0,100,0,750,919.3783923100023,161.67094200000065,2319.9825649999184,43009.1
1789904592,100,DELETE,DELETE /api/bookings/{id} [auth],3.100000,0.000000,310,360,390,400,430,450,490,490,490,490,490,330,0,330,346.66963143333544,142.95747799997116,1400.2631590000192,289.8424242424242
1789904592,100,GET,GET /api/bookings/me [auth],16.700000,0.000000,240,270,280,290,320,370,400,450,530,530,530,1378,0,260,277.80223538534176,74.4635590000371,2131.379423999988,3902.4963715529752
1789904592,100,GET,GET /api/events,67.000000,0.000000,220,240,260,270,320,350,420,440,480,480,480,5434,0,230,269.4248408781731,14.60263500007386,2176.4711910000187,8637.113728376886
1789904592,100,GET,GET /api/events/{id},27.600000,0.000000,220,250,280,290,330,380,430,440,610,610,610,2156,0,240,277.5836334591845,22.819426000069143,2457.589189000032,428.2764378478664
1789904592,100,GET,GET /api/events?city,37.600000,0.000000,210,240,260,270,310,350,400,420,540,540,540,3144,0,230,267.96335933365197,20.26550900006896,2086.489680999989,8666.729325699745
1789904592,100,POST,POST /api/auth/login,0.000000,0.000000,0,0,0,0,0,0,0,0,0,0,0,30,0,2700,2581.041040066664,1665.7984360000455,4027.322984999955,414.3
1789904592,100,POST,POST /api/auth/register,0.000000,0.000000,0,0,0,0,0,0,0,0,0,0,0,30,0,3100,2903.5319957666684,1031.5803199999891,3955.050796000023,131.76666666666668
1789904592,100,POST,POST /api/bookings [auth],14.200000,0.000000,270,300,320,330,390,440,530,570,610,610,610,1017,0,300,325.29680390363814,122.2444910000604,2122.1652660000245,264.89577187807276
1789904592,100,,Aggregated,166.200000,0.000000,220,250,270,290,330,370,430,450,610,610,610,13619,0,240,292.9375166623841,14.60263500007386,4027.322984999955,6253.441221822454
1789904593,100,GET,/api/events [warmup],0.000000,0.000000,0,0,0,0,0,0,0,0,0,0,0,100,0,750,919.3783923100023,161.67094200000065,2319.9825649999184,43009.1
1789904593,100,DELETE,DELETE /api/bookings/{id} [auth],3.000000,0.000000,290,340,370,400,430,450,490,490,490,490,490,335,0,330,345.577921955226,142.95747799997116,1400.2631590000192,289.85074626865674
1789904593,100,GET,GET /api/bookings/me [auth],16.300000,0.000000,240,270,280,290,320,370,400,450,530,530,530,1399,0,260,276.99125596997914,74.4635590000371,2131.379423999988,3927.0028591851324
1789904593,100,GET,GET /api/events,66.900000,0.000000,220,240,260,270,320,350,420,440,480,480,480,5505,0,230,268.90089166648363,14.60263500007386,2176.4711910000187,8637.075022706631
1789904593,100,GET,GET /api/events/{id},26.200000,0.000000,220,250,270,290,340,390,440,480,610,610,610,2183,0,240,277.1625761369685,22.819426000069143,2457.589189000032,428.27989005955106
1789904593,100,GET,GET /api/events?city,38.500000,0.000000,210,240,260,270,310,350,400,430,540,540,540,3180,0,230,267.4426278172962,20.26550900006896,2086.489680999989,8666.711006289308
1789904593,100,POST,POST /api/auth/login,0.000000,0.000000,0,0,0,0,0,0,0,0,0,0,0,30,0,2700,2581.041040066664,1665.7984360000455,4027.322984999955,414.3
1789904593,100,POST,POST /api/auth/register,0.000000,0.000000,0,0,0,0,0,0,0,0,0,0,0,30,0,3100,2903.5319957666684,1031.5803199999891,3955.050796000023,131.76666666666668
1789904593,100,POST,POST /api/bookings [auth],14.500000,0.000000,270,300,320,340,380,440,530,570,610,610,610,1030,0,300,324.84103906504834,122.2444910000604,2122.1652660000245,264.90776699029124
1789904593,100,,Aggregated,165.400000,0.000000,220,250,270,290,330,380,440,460,610,610,610,13792,0,240,292.20950843170016,14.60263500007386,4027.322984999955,6251.6892401392115
1789904594,100,GET,/api/events [warmup],0.000000,0.000000,0,0,0,0,0,0,0,0,0,0,0,100,0,750,919.3783923100023,161.67094200000065,2319.9825649999184,43009.1
1789904594,100,DELETE,DELETE /api/bookings/{id} [auth],3.500000,0.000000,290,340,370,390,430,450,490,490,490,490,490,336,0,330,345.645676747026,142.95747799997116,1400.2631590000192,289.8541666666667
1789904594,100,GET,GET /api/bookings/me [auth],16.800000,0.000000,240,280,290,300,320,370,400,450,530,530,530,1418,0,260,277.0962312397748,74.4635590000371,2131.379423999988,3948.2023977433005
1789904594,100,GET,GET /api/events,67.400000,0.000000,220,240,260,270,320,350,420,440,480,480,480,5560,0,230,268.5020161046748,14.60263500007386,2176.4711910000187,8637.07464028777
1789904594,100,GET,GET /api/events/{id},26.300000,0.000000,220,250,270,280,340,390,440,480,610,610,610,2208,0,240,276.6557495557074,22.819426000069143,2457.589189000032,428.27807971014494
1789904594,100,GET,GET /api/events?city,39.000000,0.000000,210,240,260,270,310,350,400,430,540,540,540,3231,0,230,266.769163325287,20.26550900006896,2086.489680999989,8666.602909316001
1789904594,100,POST,POST /api/auth/login,0.000000,0.000000,0,0,0,0,0,0,0,0,0,0,0,30,0,2700,2581.041040066664,1665.7984360000455,4027.322984999955,414.3
1789904594,100,POST,POST /api/auth/register,0.000000,0.000000,0,0,0,0,0,0,0,0,0,0,0,30,0,3100,2903.5319957666684,1031.5803199999891,3955.050796000023,131.76666666666668
1789904594,100,POST,POST /api/bookings [auth],13.800000,0.000000,270,290,320,330,380,440,450,460,530,530,530,1040,0,300,324.46056335288466,122.2444910000604,2122.1652660000245,264.9221153846154
1789904594,100,,Aggregated,166.800000,0.000000,220,250,270,290,330,370,430,450,540,610,610,13953,0,240,291.5954770116113,14.60263500007386,4027.322984999955,6253.731813946822
1789904595,100,GET,/api/events [warmup],0.000000,0.000000,0,0,0,0,0,0,0,0,0,0,0,100,0,750,919.3783923100023,161.67094200000065,2319.9825649999184,43009.1
1789904595,100,DELETE,DELETE /api/bookings/{id} [auth],3.500000,0.000000,290,320,370,390,430,450,490,490,490,490,490,344,0,330,343.95139887790845,142.95747799997116,1400.2631590000192,289.875
1789904595,100,GET,GET /api/bookings/me [auth],17.400000,0.000000,240,270,290,300,320,360,400,450,530,530,530,1430,0,260,276.623298685315,74.4635590000371,2131.379423999988,3961.711188811189
1789904595,100,GET,GET /api/events,67.800000,0.000000,210,240,250,270,310,350,420,460,470,470,470,5613,0,230,267.84413023534506,14.60263500007386,2176.4711910000187,8637.077498663815
1789904595,100,GET,GET /api/events/{id},24.900000,0.000000,220,250,270,280,330,370,390,440,490,490,490,2235,0,240,275.79267338076176,22.819426000069143,2457.589189000032,428.26532438478745
1789904595,100,GET,GET /api/events?city,39.600000,0.000000,210,240,260,270,310,350,400,430,480,480,480,3277,0,230,265.8548239060122,20.26550900006896,2086.489680999989,8666.822703692402
1789904595,100,POST,POST /api/auth/login,0.000000,0.000000,0,0,0,0,0,0,0,0,0,0,0,30,0,2700,2581.041040066664,1665.7984360000455,4027.322984999955,414.3
1789904595,100,POST,POST /api/auth/register,0.000000,0.000000,0,0,0,0,0,0,0,0,0,0,0,30,0,3100,2903.5319957666684,1031.5803199999891,3955.050796000023,131.76666666666668
1789904595,100,POST,POST /api/bookings [auth],13.800000,0.000000,270,310,320,340,390,440,450,460,530,530,530,1056,0,300,323.74889885606075,122.2444910000604,2122.1652660000245,264.9431818181818
1789904595,100,,Aggregated,167.000000,0.000000,220,250,270,280,330,370,430,450,530,530,530,14115,0,240,290.7018385964586,14.60263500007386,4027.322984999955,6248.693092454835
1789904596,100,GET,/api/events [warmup],0.000000,0.000000,0,0,0,0,0,0,0,0,0,0,0,100,0,750,919.3783923100023,161.67094200000065,2319.9825649999184,43009.1
1789904596,100,DELETE,DELETE /api/bookings/{id} [auth],3.400000,0.000000,290,310,370,390,430,440,490,490,490,490,490,347,0,330,344.2065089250738,142.95747799997116,1400.2631590000192,289.87896253602304
1789904596,100,GET,GET /api/bookings/me [auth],17.600000,0.000000,240,270,290,300,320,350,400,450,530,530,530,1446,0,260,276.15563914522875,74.4635590000371,2131.379423999988,3979.1777316735825
1789904596,100,GET,GET /api/events,67.800000,0.000000,210,240,260,270,310,350,420,460,680,680,680,5697,0,230,267.56415077514345,14.60263500007386,2176.4711910000187,8637.07793575566
1789904596,100,GET,GET /api/events/{id},23.600000,0.000000,210,240,260,270,310,360,390,440,600,600,600,2255,0,230,275.21211611751784,22.819426000069143,2457.589189000032,428.2620842572062
1789904596,100,GET,GET /api/events?city,41.500000,0.000000,210,240,260,270,310,340,390,420,510,510,510,3313,0,230,265.5769467047998,20.26550900006896,2086.489680999989,8666.831874434049
1789904596,100,POST,POST /api/auth/login,0.000000,0.000000,0,0,0,0,0,0,0,0,0,0,0,30,0,2700,2581.041040066664,1665.7984360000455,4027.322984999955,414.3
1789904596,100,POST,POST /api/auth/register,0.000000,0.000000,0,0,0,0,0,0,0,0,0,0,0,30,0,3100,2903.5319957666684,1031.5803199999891,3955.050796000023,131.76666666666668
1789904596,100,POST,POST /api/bookings [auth],13.400000,0.000000,270,300,310,320,380,440,450,500,530,530,530,1067,0,300,323.48299534020646,122.2444910000604,2122.1652660000245,264.9493908153702
1789904596,100,,Aggregated,167.300000,0.000000,220,250,270,280,320,370,430,450,600,680,680,14285,0,240,290.17604566881425,14.60263500007386,4027.322984999955,6254.032201610081
1789904597,100,GET,/api/events [warmup],0.000000,0.000000,0,0,0,0,0,0,0,0,0,0,0,100,0,750,919.3783923100023,161.67094200000065,2319.9825649999184,43009.1
1789904597,100,DELETE,DELETE /api/bookings/{id} [auth],4.000000,0.000000,280,310,330,390,400,440,490,490,490,490,490,351,0,330,343.13930561538626,142.95747799997116,1400.2631590000192,289.8917378917379
1789904597,100,GET,GET /api/bookings/me [auth],17.000000,0.000000,240,260,280,290,320,340,370,400,440,440,440,1460,0,260,275.4743067054803,74.4635590000371,2131.379423999988,3994.0835616438358
1789904597,100,GET,GET /api/events,65.700000,0.000000,210,240,250,270,310,350,420,460,680,680,680,5758,0,230,266.8490740989915,14.60263500007386,2176.4711910000187,8637.072941993747
1789904597,100,GET,GET /api/events/{id},24.000000,0.000000,210,240,250,260,300,360,390,440,600,600,600,2286,0,230,274.14392380665043,22.819426000069143,2457.589189000032,428.2729658792651
1789904597,100,GET,GET /api/events?city,43.100000,0.000000,210,230,250,270,310,340,390,420,510,510,510,3360,0,230,264.49584546130995,20.26550900006896,2086.489680999989,8666.578273809524
1789904597,100,POST,POST /api/auth/login,0.000000,0.000000,0,0,0,0,0,0,0,0,0,0,0,30,0,2700,2581.041040066664,1665.7984360000455,4027.322984999955,414.3
1789904597,100,POST,POST /api/auth/register,0.000000,0.000000,0,0,0,0,0,0,0,0,0,0,0,30,0,3100,2903.5319957666684,1031.5803199999891,3955.050796000023,131.76666666666668
1789904597,100,POST,POST /api/bookings [auth],13.000000,0.000000,260,290,310,320,380,440,450,500,530,530,530,1081,0,300,323.0369167419059,122.2444910000604,2122.1652660000245,264.95837187789084
1789904597,100,,Aggregated,166.800000,0.000000,220,240,270,280,320,360,420,450,600,680,680,14456,0,240,289.1690883092839,14.60263500007386,4027.322984999955,6251.23319037078
1789904598,100,GET,/api/events [warmup],0.000000,0.000000,0,0,0,0,0,0,0,0,0,0,0,100,0,750,919.3783923100023,161.67094200000065,2319.9825649999184,43009.1
1789904598,100,DELETE,DELETE /api/bookings/{id} [auth],4.200000,0.000000,280,320,370,390,420,440,490,490,490,490,490,355,0,330,343.1494164591566,142.95747799997116,1400.2631590000192,289.912676056338
1789904598,100,GET,GET /api/bookings/me [auth],16.600000,0.000000,240,270,290,290,320,350,380,400,440,440,440,1476,0,260,275.3794414681581,74.4635590000371,2131.379423999988,4010.5663956639564
1789904598,100,GET,GET /api/events,67.000000,0.000000,220,240,260,280,320,360,440,470,680,680,680,5824,0,230,266.58485532778036,14.60263500007386,2176.4711910000187,8637.052541208792
1789904598,100,GET,GET /api/events/{id},23.600000,0.000000,210,240,260,270,310,370,390,450,600,600,600,2311,0,230,273.7564332120306,22.819426000069143,2457.589189000032,428.26958026828214
1789904598,100,GET,GET /api/events?city,41.900000,0.000000,210,240,260,270,310,340,400,430,510,510,510,3403,0,230,264.13087972142284,20.26550900006896,2086.489680999989,8666.256244490156
1789904598,100,POST,POST /api/auth/login,0.000000,0.000000,0,0,0,0,0,0,0,0,0,0,0,30,0,2700,2581.041040066664,1665.7984360000455,4027.322984999955,414.3
1789904598,100,POST,POST /api/auth/register,0.000000,0.000000,0,0,0,0,0,0,0,0,0,0,0,30,0,3100,2903.5319957666684,1031.5803199999891,3955.050796000023,131.76666666666668
1789904598,100,POST,POST /api/bookings [auth],12.900000,0.000000,270,300,320,350,420,440,450,500,530,530,530,1095,0,300,323.06694098630163,122.2444910000604,2122.1652660000245,264.96712328767126
1789904598,100,,Aggregated,166.200000,0.000000,220,250,270,280,330,380,430,450,600,680,680,14624,0,240,288.7438544454325,14.60263500007386,4027.322984999955,6250.898591356674
1789904599,100,GET,/api/events [warmup],0.000000,0.000000,0,0,0,0,0,0,0,0,0,0,0,100,0,750,919.3783923100023,161.67094200000065,2319.9825649999184,43009.1
1789904599,100,DELETE,DELETE /api/bookings/{id} [auth],4.000000,0.000000,280,310,350,390,400,430,490,490,490,490,490,360,0,330,342.26967697222335,142.95747799997116,1400.2631590000192,289.9166666666667
1789904599,100,GET,GET /api/bookings/me [auth],16.400000,0.000000,240,270,280,300,320,350,380,380,440,440,440,1490,0,250,274.9166696375849,74.4635590000371,2131.379423999988,4025.0107382550336
1789904599,100,GET,GET /api/events,67.600000,0.000000,210,240,260,270,320,360,440,470,680,680,680,5888,0,230,265.9379675782935,14.60263500007386,2176.4711910000187,8637.03175951087
1789904599,100,GET,GET /api/events/{id},24.200000,0.000000,210,230,250,270,300,360,390,450,600,600,600,2336,0,230,272.9398398745731,22.819426000069143,2457.589189000032,428.267551369863
1789904599,100,GET,GET /api/events?city,42.900000,0.000000,210,240,260,270,310,340,400,430,510,510,510,3437,0,230,263.6288133628168,20.26550900006896,2086.489680999989,8666.331102705848
1789904599,100,POST,POST /api/auth/login,0.000000,0.000000,0,0,0,0,0,0,0,0,0,0,0,30,0,2700,2581.041040066664,1665.7984360000455,4027.322984999955,414.3
1789904599,100,POST,POST /api/auth/register,0.000000,0.000000,0,0,0,0,0,0,0,0,0,0,0,30,0,3100,2903.5319957666684,1031.5803199999891,3955.050796000023,131.76666666666668
1789904599,100,POST,POST /api/bookings [auth],13.000000,0.000000,270,300,320,360,420,440,450,500,530,530,530,1106,0,300,322.37735380108535,122.2444910000604,2122.1652660000245,264.9792043399638
1789904599,100,,Aggregated,168.100000,0.000000,220,250,270,280,330,380,430,460,600,680,680,14777,0,240,287.9738617889971,14.60263500007386,4027.322984999955,6249.8105840157
1789904600,100,GET,/api/events [warmup],0.000000,0.000000,0,0,0,0,0,0,0,0,0,0,0,100,0,750,919.3783923100023,161.67094200000065,2319.9825649999184,43009.1
1789904600,100,DELETE,DELETE /api/bookings/{id} [auth],3.900000,0.000000,280,310,370,390,420,440,490,490,490,490,490,365,0,330,341.76118982465886,142.95747799997116,1400.2631590000192,289.92328767123286
1789904600,100,GET,GET /api/bookings/me [auth],16.500000,0.000000,240,270,280,300,330,350,380,440,490,490,490,1509,0,250,274.8715406885365,74.4635590000371,2131.379423999988,4044.1318754141816
1789904600,100,GET,GET /api/events,65.900000,0.000000,210,240,260,280,320,370,440,500,680,680,680,5961,0,230,265.63208812682325,14.60263500007386,2176.4711910000187,8637.017446737125
1789904600,100,GET,GET /api/events/{id},24.300000,0.000000,210,230,250,260,300,360,410,450,600,600,600,2375,0,230,272.1023929882119,22.819426000069143,2457.589189000032,428.2795789473684
1789904600,100,GET,GET /api/events?city,43.600000,0.000000,210,240,250,270,310,350,410,440,510,510,510,3475,0,230,263.1907152650364,20.26550900006896,2086.489680999989,8666.256115107914
1789904600,100,POST,POST /api/auth/login,0.000000,0.000000,0,0,0,0,0,0,0,0,0,0,0,30,0,2700,2581.041040066664,1665.7984360000455,4027.322984999955,414.3
1789904600,100,POST,POST /api/auth/register,0.000000,0.000000,0,0,0,0,0,0,0,0,0,0,0,30,0,3100,2903.5319957666684,1031.5803199999891,3955.050796000023,131.76666666666668
1789904600,100,POST,POST /api/bookings [auth],13.500000,0.000000,280,310,330,360,420,440,450,500,520,520,520,1124,0,300,321.9242717713524,122.2444910000604,2122.1652660000245,265.0026690391459
1789904600,100,,Aggregated,167.700000,0.000000,220,250,270,280,330,380,440,470,610,680,680,14969,0,240,287.4010085629638,14.60263500007386,4027.322984999955,6242.316587614403
1789904601,100,GET,/api/events [warmup],0.000000,0.000000,0,0,0,0,0,0,0,0,0,0,0,100,0,750,919.3783923100023,161.67094200000065,2319.9825649999184,43009.1
1789904601,100,DELETE,DELETE /api/bookings/{id} [auth],4.300000,0.000000,280,310,350,390,400,430,470,470,470,470,470,368,0,330,341.07574483967505,142.95747799997116,1400.2631590000192,289.9320652173913
1789904601,100,GET,GET /api/bookings/me [auth],16.000000,0.000000,230,250,280,300,330,350,370,380,490,490,490,1529,0,250,273.87624264813707,74.4635590000371,2131.379423999988,4063.4977109221713
1789904601,100,GET,GET /api/events,65.000000,0.000000,210,240,250,270,310,360,440,490,680,680,680,6036,0,230,264.6372522851217,14.60263500007386,2176.4711910000187,8636.997183565276
1789904601,100,GET,GET /api/events/{id},24.400000,0.000000,210,230,250,260,300,350,390,450,600,600,600,2414,0,230,270.83692212841885,22.819426000069143,2457.589189000032,428.25476387738195
1789904601,100,GET,GET /api/events?city,42.800000,0.000000,200,230,250,270,310,340,390,440,510,510,510,3505,0,230,262.5333307007137,20.26550900006896,2086.489680999989,8666.241369472182
1789904601,100,POST,POST /api/auth/login,0.000000,0.000000,0,0,0,0,0,0,0,0,0,0,0,30,0,2700,2581.041040066664,1665.7984360000455,4027.322984999955,414.3
1789904601,100,POST,POST /api/auth/register,0.000000,0.000000,0,0,0,0,0,0,0,0,0,0,0,30,0,3100,2903.5319957666684,1031.5803199999891,3955.050796000023,131.76666666666668
1789904601,100,POST,POST /api/bookings [auth],13.100000,0.000000,280,310,330,360,420,440,450,500,520,520,520,1133,0,300,321.36958844483667,122.2444910000604,2122.1652660000245,265.0105913503972
1789904601,100,,Aggregated,165.600000,0.000000,220,240,270,280,330,370,430,460,610,680,680,15145,0,240,286.3116231126446,14.60263500007386,4027.322984999955,6238.311654011225
1789904602,100,GET,/api/events [warmup],0.000000,0.000000,0,0,0,0,0,0,0,0,0,0,0,100,0,750,919.3783923100023,161.67094200000065,2319.9825649999184,43009.1
1789904602,100,DELETE,DELETE /api/bookings/{id} [auth],4.500000,0.000000,280,310,320,350,390,420,470,470,470,470,470,374,0,330,340.2238981737978,142.95747799997116,1400.2631590000192,289.9385026737968
1789904602,100,GET,GET /api/bookings/me [auth],15.900000,0.000000,230,250,280,300,330,350,370,380,490,490,490,1550,0,250,273.1701462658073,74.4635590000371,2131.379423999988,4083.4806451612903
1789904602,100,GET,GET /api/events,64.200000,0.000000,210,230,250,270,310,360,440,500,680,680,680,6099,0,230,264.126344818494,14.60263500007386,2176.4711910000187,8636.974258075094
1789904602,100,GET,GET /api/events/{id},25.100000,0.000000,210,230,250,260,300,350,410,490,600,600,600,2444,0,230,270.34636471031234,22.819426000069143,2457.589189000032,428.2418166939444
1789904602,100,GET,GET /api/events?city,42.900000,0.000000,210,240,250,270,310,350,410,440,620,620,620,3553,0,230,262.13817677230554,20.26550900006896,2086.489680999989,8666.370954123277
1789904602,100,POST,POST /api/auth/login,0.000000,0.000000,0,0,0,0,0,0,0,0,0,0,0,30,0,2700,2581.041040066664,1665.7984360000455,4027.322984999955,414.3
1789904602,100,POST,POST /api/auth/register,0.000000,0.000000,0,0,0,0,0,0,0,0,0,0,0,30,0,3100,2903.5319957666684,1031.5803199999891,3955.050796000023,131.76666666666668
1789904602,100,POST,POST /api/bookings [auth],13.000000,0.000000,280,310,330,360,410,440,450,500,520,520,520,1143,0,300,321.16175718897625,122.2444910000604,2122.1652660000245,265.0148731408574
1789904602,100,,Aggregated,165.600000,0.000000,220,240,260,280,330,370,430,490,620,680,680,15323,0,240,285.6640617290353,14.60263500007386,4027.322984999955,6237.236898779613
1789904603,100,GET,/api/events [warmup],0.000000,0.000000,0,0,0,0,0,0,0,0,0,0,0,100,0,750,919.3783923100023,161.67094200000065,2319.9825649999184,43009.1
1789904603,100,DELETE,DELETE /api/bookings/{id} [auth],4.600000,0.000000,280,320,330,360,400,430,530,530,530,530,530,377,0,330,340.56707632626126,142.95747799997116,1400.2631590000192,289.9522546419098
1789904603,100,GET,GET /api/bookings/me [auth],16.400000,0.000000,230,250,260,280,330,350,380,490,580,580,580,1567,0,250,272.90505853541845,74.4635590000371,2131.379423999988,4099.019783024888
1789904603,100,GET,GET /api/events,65.700000,0.000000,200,230,250,260,310,360,430,490,680,680,680,6170,0,230,263.5370097487835,14.60263500007386,2176.4711910000187,8636.97925445705
1789904603,100,GET,GET /api/events/{id},28.100000,0.000000,200,230,250,260,300,350,400,450,600,600,600,2466,0,230,269.8771983592878,22.819426000069143,2457.589189000032,428.2457420924574
1789904603,100,GET,GET /api/events?city,40.300000,0.000000,200,230,250,260,300,340,410,440,620,620,620,3601,0,230,261.35536099389105,20.26550900006896,2086.489680999989,8666.129963898917
1789904603,100,POST,POST /api/auth/login,0.000000,0.000000,0,0,0,0,0,0,0,0,0,0,0,30,0,2700,2581.041040066664,1665.7984360000455,4027.322984999955,414.3
1789904603,100,POST,POST /api/auth/register,0.000000,0.000000,0,0,0,0,0,0,0,0,0,0,0,30,0,3100,2903.5319957666684,1031.5803199999891,3955.050796000023,131.76666666666668
1789904603,100,POST,POST /api/bookings [auth],12.400000,0.000000,280,300,330,350,400,430,450,500,520,520,520,1156,0,300,320.6039284558824,122.2444910000604,2122.1652660000245,265.02249134948096
1789904603,100,,Aggregated,167.500000,0.000000,210,240,260,270,320,370,430,490,620,680,680,15497,0,240,284.94614198515893,14.60263500007386,4027.322984999955,6240.503581338324
1789904604,100,GET,/api/events [warmup],0.000000,0.000000,0,0,0,0,0,0,0,0,0,0,0,100,0,750,919.3783923100023,161.67094200000065,2319.9825649999184,43009.1
1789904604,100,DELETE,DELETE /api/bookings/{id} [auth],4.400000,0.000000,290,330,390,390,440,530,590,590,590,590,590,382,0,330,340.87540185602205,142.95747799997116,1400.2631590000192,289.9738219895288
1789904604,100,GET,GET /api/bookings/me [auth],17.000000,0.000000,230,250,270,290,350,490,540,580,630,630,630,1581,0,250,273.56409138583217,74.4635590000371,2131.379423999988,4111.786843769766
1789904604,100,GET,GET /api/events,66.200000,0.000000,210,240,260,280,340,420,490,510,680,680,680,6210,0,230,264.00648868212477,14.60263500007386,2176.4711910000187,8636.992592592593
1789904604,100,GET,GET /api/events/{id},28.400000,0.000000,210,240,260,270,360,460,540,580,690,690,690,2492,0,230,271.03112978130144,22.819426000069143,2457.589189000032,428.2343499197432
1789904604,100,GET,GET /api/events?city,40.900000,0.000000,210,250,270,280,350,420,460,510,620,620,620,3636,0,230,262.21854489548997,20.26550900006896,2086.489680999989,8666.096534653465
1789904604,100,POST,POST /api/auth/login,0.000000,0.000000,0,0,0,0,0,0,0,0,0,0,0,30,0,2700,2581.041040066664,1665.7984360000455,4027.322984999955,414.3
1789904604,100,POST,POST /api/auth/register,0.000000,0.000000,0,0,0,0,0,0,0,0,0,0,0,30,0,3100,2903.5319957666684,1031.5803199999891,3955.050796000023,131.76666666666668
1789904604,100,POST,POST /api/bookings [auth],12.600000,0.000000,290,320,350,380,430,530,560,570,600,600,600,1169,0,300,321.7301369546621,122.2444910000604,2122.1652660000245,265.03250641573993
1789904604,100,,Aggregated,169.500000,0.000000,220,250,270,300,370,440,510,560,680,690,690,15630,0,240,285.57986511625126,14.60263500007386,4027.322984999955,6234.896417146513
1789904605,100,GET,/api/events [warmup],0.000000,0.000000,0,0,0,0,0,0,0,0,0,0,0,100,0,750,919.3783923100023,161.67094200000065,2319.9825649999184,43009.1
1789904605,100,DELETE,DELETE /api/bookings/{id} [auth],4.400000,0.000000,290,330,360,390,440,530,590,590,590,590,590,387,0,330,340.8342752454796,142.95747799997116,1400.2631590000192,289.98191214470285
1789904605,100,GET,GET /api/bookings/me [auth],16.800000,0.000000,230,250,270,290,350,490,540,580,630,630,630,1595,0,250,273.5694105993732,74.4635590000371,2131.379423999988,4124.374294670846
1789904605,100,GET,GET /api/events,66.300000,0.000000,210,230,250,270,320,410,470,510,610,610,610,6266,0,230,263.6372710504301,14.60263500007386,2176.4711910000187,8636.96074050431
1789904605,100,GET,GET /api/events/{id},28.500000,0.000000,220,240,260,270,350,450,520,560,690,690,690,2516,0,230,270.81047989109834,22.819426000069143,2457.589189000032,428.2380763116057
1789904605,100,GET,GET /api/events?city,41.300000,0.000000,210,240,260,280,350,410,460,490,620,620,620,3677,0,230,261.94720594316044,20.26550900006896,2086.489680999989,8666.28338319282
1789904605,100,POST,POST /api/auth/login,0.000000,0.000000,0,0,0,0,0,0,0,0,0,0,0,30,0,2700,2581.041040066664,1665.7984360000455,4027.322984999955,414.3
1789904605,100,POST,POST /api/auth/register,0.000000,0.000000,0,0,0,0,0,0,0,0,0,0,0,30,0,3100,2903.5319957666684,1031.5803199999891,3955.050796000023,131.76666666666668
1789904605,100,POST,POST /api/bookings [auth],12.600000,0.000000,290,320,340,360,420,530,560,570,600,600,600,1180,0,300,321.3830866677968,122.2444910000604,2122.1652660000245,265.03983050847455
1789904605,100,,Aggregated,169.900000,0.000000,220,250,270,290,350,430,500,560,630,690,690,15781,0,240,285.18112483752674,14.60263500007386,4027.322984999955,6234.282111399784
1789904606,100,GET,/api/events [warmup],0.000000,0.000000,0,0,0,0,0,0,0,0,0,0,0,100,0,750,919.3783923100023,161.67094200000065,2319.9825649999184,43009.1
1789904606,100,DELETE,DELETE /api/bookings/{id} [auth],4.400000,0.000000,320,340,360,390,440,530,590,590,590,590,590,391,0,330,340.41070577749514,142.95747799997116,1400.2631590000192,289.98721227621485
1789904606,100,GET,GET /api/bookings/me [auth],16.100000,0.000000,230,260,280,310,360,490,540,580,630,630,630,1610,0,250,273.330267898758,74.4635590000371,2131.379423999988,4137.409937888198
1789904606,100,GET,GET /api/events,64.200000,0.000000,210,240,260,270,320,420,480,510,610,610,610,6333,0,230,263.39822360871545,14.60263500007386,2176.4711910000187,8636.953102794883
1789904606,100,GET,GET /api/events/{id},28.500000,0.000000,220,250,280,290,360,460,520,560,690,690,690,2541,0,230,270.6639188673764,22.819426000069143,2457.589189000032,428.22983077528534
1789904606,100,GET,GET /api/events?city,40.300000,0.000000,220,250,270,290,360,410,460,490,620,620,620,3722,0,230,261.8010606491137,20.26550900006896,2086.489680999989,8666.149650725416
1789904606,100,POST,POST /api/auth/login,0.000000,0.000000,0,0,0,0,0,0,0,0,0,0,0,30,0,2700,2581.041040066664,1665.7984360000455,4027.322984999955,414.3
1789904606,100,POST,POST /api/auth/register,0.000000,0.000000,0,0,0,0,0,0,0,0,0,0,0,30,0,3100,2903.5319957666684,1031.5803199999891,3955.050796000023,131.76666666666668
1789904606,100,POST,POST /api/bookings [auth],12.600000,0.000000,290,320,350,370,430,530,560,570,600,600,600,1195,0,300,321.3508934033472,122.2444910000604,2122.1652660000245,265.0476987447699
1789904606,100,,Aggregated,166.100000,0.000000,230,260,280,300,360,430,510,560,630,690,690,15952,0,240,284.85037493047963,14.60263500007386,4027.322984999955,6234.328234704112
1789904607,100,GET,/api/events [warmup],0.000000,0.000000,0,0,0,0,0,0,0,0,0,0,0,100,0,750,919.3783923100023,161.67094200000065,2319.9825649999184,43009.1
1789904607,100,DELETE,DELETE /api/bookings/{id} [auth],4.300000,0.000000,300,330,340,360,400,470,590,590,590,590,590,401,0,330,339.39186766583725,142.95747799997116,1400.2631590000192,289.99750623441395
1789904607,100,GET,GET /api/bookings/me [auth],16.400000,0.000000,230,250,280,310,350,490,570,580,630,630,630,1624,0,250,272.87699021798073,74.4635590000371,2131.379423999988,4149.508004926109
1789904607,100,GET,GET /api/events,64.700000,0.000000,210,240,260,270,320,410,470,510,610,610,610,6398,0,230,263.2005512755542,14.60263500007386,2176.4711910000187,8636.965301656768
1789904607,100,GET,GET /api/events/{id},28.000000,0.000000,220,250,280,290,370,460,520,560,690,690,690,2567,0,230,270.4490682173757,22.819426000069143,2457.589189000032,428.22555512271134
1789904607,100,GET,GET /api/events?city,39.200000,0.000000,220,250,270,290,370,420,460,530,620,620,620,3760,0,230,261.48411170053214,20.26550900006896,2086.489680999989,8665.963563829788
1789904607,100,POST,POST /api/auth/login,0.000000,0.000000,0,0,0,0,0,0,0,0,0,0,0,30,0,2700,2581.041040066664,1665.7984360000455,4027.322984999955,414.3
1789904607,100,POST,POST /api/auth/register,0.000000,0.000000,0,0,0,0,0,0,0,0,0,0,0,30,0,3100,2903.5319957666684,1031.5803199999891,3955.050796000023,131.76666666666668
1789904607,100,POST,POST /api/bookings [auth],12.600000,0.000000,290,320,340,350,400,530,560,570,600,600,600,1208,0,300,321.06940137168857,122.2444910000604,2122.1652660000245,265.0587748344371
1789904607,100,,Aggregated,165.200000,0.000000,220,250,280,300,360,430,510,560,630,690,690,16118,0,240,284.46180564462185,14.60263500007386,4027.322984999955,6231.241779377094
1789904608,100,GET,/api/events [warmup],0.000000,0.000000,0,0,0,0,0,0,0,0,0,0,0,100,0,750,919.3783923100023,161.67094200000065,2319.9825649999184,43009.1
1789904608,100,DELETE,DELETE /api/bookings/{id} [auth],4.300000,0.000000,300,330,340,360,400,470,590,590,590,590,590,407,0,320,338.46700436855207,142.95747799997116,1400.2631590000192,290.014742014742
1789904608,100,GET,GET /api/bookings/me [auth],16.500000,0.000000,240,260,290,310,360,490,540,580,630,630,630,1648,0,250,272.7288218707527,74.4635590000371,2131.379423999988,4170.0139563106795
1789904608,100,GET,GET /api/events,63.100000,0.000000,220,250,270,290,340,420,480,510,610,610,610,6475,0,230,262.900944995984,14.60263500007386,2176.4711910000187,8636.970656370657
1789904608,100,GET,GET /api/events/{id},28.500000,0.000000,230,260,280,300,380,460,520,560,690,690,690,2593,0,230,270.1605733378342,22.819426000069143,2457.589189000032,428.22869263401464
1789904608,100,GET,GET /api/events?city,40.200000,0.000000,220,250,270,290,370,420,470,530,620,620,620,3793,0,230,261.15675017690506,20.26550900006896,2086.489680999989,8665.987345109412
1789904608,100,POST,POST /api/auth/login,0.000000,0.000000,0,0,0,0,0,0,0,0,0,0,0,30,0,2700,2581.041040066664,1665.7984360000455,4027.322984999955,414.3
1789904608,100,POST,POST /api/auth/register,0.000000,0.000000,0,0,0,0,0,0,0,0,0,0,0,30,0,3100,2903.5319957666684,1031.5803199999891,3955.050796000023,131.76666666666668
1789904608,100,POST,POST /api/bookings [auth],12.300000,0.000000,300,330,350,360,420,530,560,570,600,600,600,1214,0,300,320.9540512800657,122.2444910000604,2122.1652660000245,265.0634266886326
1789904608,100,,Aggregated,164.900000,0.000000,230,260,290,310,370,440,510,560,630,690,690,16290,0,240,284.0211145927573,14.60263500007386,4027.322984999955,6232.914057704113
1789904609,100,GET,/api/events [warmup],0.000000,0.000000,0,0,0,0,0,0,0,0,0,0,0,100,0,750,919.3783923100023,161.67094200000065,2319.9825649999184,43009.1
1789904609,100,DELETE,DELETE /api/bookings/{id} [auth],4.800000,0.000000,300,330,340,360,400,460,590,590,590,590,590,412,0,320,338.4576972354385,142.95747799997116,1400.2631590000192,290.02912621359224
1789904609,100,GET,GET /api/bookings/me [auth],16.100000,0.000000,230,260,280,300,350,440,540,580,630,630,630,1661,0,250,272.3013390806746,74.4635590000371,2131.379423999988,4180.794701986755
1789904609,100,GET,GET /api/events,63.200000,0.000000,220,250,270,280,330,410,470,510,580,580,580,6523,0,230,262.76376756201074,14.60263500007386,2176.4711910000187,8636.973018549746
1789904609,100,GET,GET /api/events/{id},27.800000,0.000000,230,260,290,300,370,470,540,580,690,690,690,2620,0,230,269.9858211377879,22.819426000069143,2457.589189000032,428.2301526717557
1789904609,100,GET,GET /api/events?city,39.700000,0.000000,220,250,270,290,370,420,480,530,620,620,620,3847,0,230,260.67930309799874,20.26550900006896,2086.489680999989,8665.574213672991
1789904609,100,POST,POST /api/auth/login,0.000000,0.000000,0,0,0,0,0,0,0,0,0,0,0,30,0,2700,2581.041040066664,1665.7984360000455,4027.322984999955,414.3
1789904609,100,POST,POST /api/auth/register,0.000000,0.000000,0,0,0,0,0,0,0,0,0,0,0,30,0,3100,2903.5319957666684,1031.5803199999891,3955.050796000023,131.76666666666668
1789904609,100,POST,POST /api/bookings [auth],12.800000,0.000000,300,320,340,360,400,530,560,570,600,600,600,1231,0,300,320.32676440942316,122.2444910000604,2122.1652660000245,265.0731112916328
1789904609,100,,Aggregated,164.400000,0.000000,230,260,290,300,360,440,510,550,630,690,690,16454,0,240,283.62334745192754,14.60263500007386,4027.322984999955,6229.779445727483
1789904610,100,GET,/api/events [warmup],0.000000,0.000000,0,0,0,0,0,0,0,0,0,0,0,100,0,750,919.3783923100023,161.67094200000065,2319.9825649999184,43009.1
1789904610,100,DELETE,DELETE /api/bookings/{id} [auth],5.100000,0.000000,300,330,340,360,400,460,590,590,590,590,590,414,0,320,337.95583792753774,142.95747799997116,1400.2631590000192,290.0338164251208
1789904610,100,GET,GET /api/bookings/me [auth],17.100000,0.000000,240,260,290,310,360,440,570,580,630,630,630,1673,0,250,271.97613016437583,74.4635590000371,2131.379423999988,4190.587567244471
1789904610,100,GET,GET /api/events,65.000000,0.000000,230,260,280,290,340,420,470,510,580,580,580,6583,0,230,262.54093305164747,14.60263500007386,2176.4711910000187,8636.969618714871
1789904610,100,GET,GET /api/events/{id},27.700000,0.000000,240,270,290,310,400,500,540,580,690,690,690,2648,0,230,269.56995907326467,22.819426000069143,2457.589189000032,428.2216767371601
1789904610,100,GET,GET /api/events?city,38.400000,0.000000,230,260,280,290,360,410,480,530,620,620,620,3885,0,230,260.4497667441444,20.26550900006896,2086.489680999989,8665.601544401545
1789904610,100,POST,POST /api/auth/login,0.000000,0.000000,0,0,0,0,0,0,0,0,0,0,0,30,0,2700,2581.041040066664,1665.7984360000455,4027.322984999955,414.3
1789904610,100,POST,POST /api/auth/register,0.000000,0.000000,0,0,0,0,0,0,0,0,0,0,0,30,0,3100,2903.5319957666684,1031.5803199999891,3955.050796000023,131.76666666666668
1789904610,100,POST,POST /api/bookings [auth],11.800000,0.000000,300,330,340,350,400,530,560,570,600,600,600,1245,0,300,319.9629581991967,122.2444910000604,2122.1652660000245,265.0859437751004
1789904610,100,,Aggregated,165.100000,0.000000,240,270,290,310,370,440,510,560,630,690,690,16608,0,240,283.22099311398216,14.60263500007386,4027.322984999955,6228.035585260116
1789904611,100,GET,/api/events [warmup],0.000000,0.000000,0,0,0,0,0,0,0,0,0,0,0,100,0,750,919.3783923100023,161.67094200000065,2319.9825649999184,43009.1
1789904611,100,DELETE,DELETE /api/bookings/{id} [auth],5.100000,0.000000,320,340,360,390,460,530,590,590,590,590,590,423,0,320,338.6497157895996,142.95747799997116,1400.2631590000192,290.0567375886525
1789904611,100,GET,GET /api/bookings/me [auth],16.800000,0.000000,250,270,300,310,370,490,570,580,630,630,630,1690,0,250,271.9660232159768,74.4635590000371,2131.379423999988,4204.2775147929
1789904611,100,GET,GET /api/events,63.100000,0.000000,230,260,290,300,350,420,490,510,640,640,640,6655,0,230,262.52498759969893,14.60263500007386,2176.4711910000187,8636.966491359879
1789904611,100,GET,GET /api/events/{id},27.800000,0.000000,240,280,300,330,400,470,540,580,690,690,690,2668,0,230,269.38667369752795,22.819426000069143,2457.589189000032,428.21889055472263
1789904611,100,GET,GET /api/events?city,39.900000,0.000000,230,260,280,300,370,410,470,490,560,560,560,3928,0,230,260.4084272836052,20.26550900006896,2086.489680999989,8665.745672097759
1789904611,100,POST,POST /api/auth/login,0.000000,0.000000,0,0,0,0,0,0,0,0,0,0,0,30,0,2700,2581.041040066664,1665.7984360000455,4027.322984999955,414.3
1789904611,100,POST,POST /api/auth/register,0.000000,0.000000,0,0,0,0,0,0,0,0,0,0,0,30,0,3100,2903.5319957666684,1031.5803199999891,3955.050796000023,131.76666666666668
1789904611,100,POST,POST /api/bookings [auth],12.400000,0.000000,300,330,350,360,420,550,570,570,600,600,600,1259,0,300,319.94368281413796,122.2444910000604,2122.1652660000245,265.09531374106433
1789904611,100,,Aggregated,165.100000,0.000000,240,280,300,320,380,450,520,560,640,690,690,16783,0,240,283.07616494393267,14.60263500007386,4027.322984999955,6228.8934636239055
1789904612,100,GET,/api/events [warmup],0.000000,0.000000,0,0,0,0,0,0,0,0,0,0,0,100,0,750,919.3783923100023,161.67094200000065,2319.9825649999184,43009.1
1789904612,100,DELETE,DELETE /api/bookings/{id} [auth],5.000000,0.000000,310,340,360,380,440,520,550,590,590,590,590,430,0,320,337.88401222558315,142.95747799997116,1400.2631590000192,290.06976744186045
1789904612,100,GET,GET /api/bookings/me [auth],16.400000,0.000000,240,280,300,310,370,490,540,570,630,630,630,1706,0,250,271.534751290153,74.4635590000371,2131.379423999988,4216.981828839391
1789904612,100,GET,GET /api/events,62.300000,0.000000,240,270,290,300,360,430,500,510,640,640,640,6711,0,230,262.1283539038886,14.60263500007386,2176.4711910000187,8636.940843391447
1789904612,100,GET,GET /api/events/{id},28.100000,0.000000,240,280,300,330,410,470,540,580,690,690,690,2689,0,230,269.2493759903327,22.819426000069143,2457.589189000032,428.22350316102643
1789904612,100,GET,GET /api/events?city,40.400000,0.000000,230,270,290,300,370,420,470,490,560,560,560,3973,0,230,260.1310524973574,20.26550900006896,2086.489680999989,8665.607853007803
1789904612,100,POST,POST /api/auth/login,0.000000,0.000000,0,0,0,0,0,0,0,0,0,0,0,30,0,2700,2581.041040066664,1665.7984360000455,4027.322984999955,414.3
1789904612,100,POST,POST /api/auth/register,0.000000,0.000000,0,0,0,0,0,0,0,0,0,0,0,30,0,3100,2903.5319957666684,1031.5803199999891,3955.050796000023,131.76666666666668
1789904612,100,POST,POST /api/bookings [auth],12.400000,0.000000,300,330,350,360,420,550,570,570,600,600,600,1270,0,300,319.5008890409446,122.2444910000604,2122.1652660000245,265.1047244094488
1789904612,100,,Aggregated,164.600000,0.000000,240,280,300,320,380,450,520,560,640,690,690,16939,0,240,282.6273804241705,14.60263500007386,4027.322984999955,6229.136253615916
1789904613,100,GET,/api/events [warmup],0.000000,0.000000,0,0,0,0,0,0,0,0,0,0,0,100,0,750,919.3783923100023,161.67094200000065,2319.9825649999184,43009.1
1789904613,100,DELETE,DELETE /api/bookings/{id} [auth],5.400000,0.000000,320,340,360,390,460,500,520,550,550,550,550,439,0,320,338.60465114351007,142.95747799997116,1400.2631590000192,290.07744874715263
1789904613,100,GET,GET /api/bookings/me [auth],16.000000,0.000000,250,280,300,310,350,390,440,520,630,630,630,1717,0,250,271.5256110099016,74.4635590000371,2131.379423999988,4225.554455445545
1789904613,100,GET,GET /api/events,61.800000,0.000000,230,260,280,300,330,390,460,510,640,640,640,6784,0,230,261.9167179069864,14.60263500007386,2176.4711910000187,8636.912293632075
1789904613,100,GET,GET /api/events/{id},24.600000,0.000000,240,270,290,300,360,410,480,510,690,690,690,2707,0,230,269.194581652015,22.819426000069143,2457.589189000032,428.2175840413742
1789904613,100,GET,GET /api/events?city,42.200000,0.000000,230,260,280,290,340,380,450,470,550,550,550,4017,0,230,259.8396786609411,20.26550900006896,2086.489680999989,8665.72218073189
1789904613,100,POST,POST /api/auth/login,0.000000,0.000000,0,0,0,0,0,0,0,0,0,0,0,30,0,2700,2581.041040066664,1665.7984360000455,4027.322984999955,414.3
1789904613,100,POST,POST /api/auth/register,0.000000,0.000000,0,0,0,0,0,0,0,0,0,0,0,30,0,3100,2903.5319957666684,1031.5803199999891,3955.050796000023,131.76666666666668
1789904613,100,POST,POST /api/bookings [auth],12.300000,0.000000,300,320,350,360,390,420,480,530,570,570,570,1285,0,300,319.36483720389083,122.2444910000604,2122.1652660000245,265.1112840466926
1789904613,100,,Aggregated,162.300000,0.000000,240,270,290,310,360,400,460,510,640,690,690,17109,0,240,282.36860705260506,14.60263500007386,4027.322984999955,6230.801624875797
1789904614,100,GET,/api/events [warmup],0.000000,0.000000,0,0,0,0,0,0,0,0,0,0,0,100,0,750,919.3783923100023,161.67094200000065,2319.9825649999184,43009.1
1789904614,100,DELETE,DELETE /api/bookings/{id} [auth],5.600000,0.000000,320,340,360,390,460,500,520,550,550,550,550,443,0,330,339.10051372912136,142.95747799997116,1400.2631590000192,290.08352144469524
1789904614,100,GET,GET /api/bookings/me [auth],15.500000,0.000000,250,280,300,310,360,390,440,460,520,520,520,1729,0,250,271.61331460208254,74.4635590000371,2131.379423999988,4234.908039329092
1789904614,100,GET,GET /api/events,61.200000,0.000000,240,260,290,300,340,390,460,510,640,640,640,6845,0,230,261.89815285390733,14.60263500007386,2176.4711910000187,8636.915558802046
1789904614,100,GET,GET /api/events/{id},24.500000,0.000000,240,280,290,310,360,410,470,500,620,620,620,2733,0,230,269.19866000951515,22.819426000069143,2457.589189000032,428.2217343578485
1789904614,100,GET,GET /api/events?city,42.200000,0.000000,230,260,280,290,340,370,430,470,550,550,550,4058,0,230,259.7613161325777,20.26550900006896,2086.489680999989,8665.675455889601
1789904614,100,POST,POST /api/auth/login,0.000000,0.000000,0,0,0,0,0,0,0,0,0,0,0,30,0,2700,2581.041040066664,1665.7984360000455,4027.322984999955,414.3
1789904614,100,POST,POST /api/auth/register,0.000000,0.000000,0,0,0,0,0,0,0,0,0,0,0,30,0,3100,2903.5319957666684,1031.5803199999891,3955.050796000023,131.76666666666668
1789904614,100,POST,POST /api/bookings [auth],12.600000,0.000000,300,340,360,370,420,430,480,530,570,570,570,1301,0,300,319.7564515257491,122.2444910000604,2122.1652660000245,265.1275941583397
1789904614,100,,Aggregated,161.600000,0.000000,240,280,300,310,360,410,460,510,620,640,640,17269,0,240,282.2886870824609,14.60263500007386,4027.322984999955,6228.977589900978
1789904615,100,GET,/api/events [warmup],0.000000,0.000000,0,0,0,0,0,0,0,0,0,0,0,100,0,750,919.3783923100023,161.67094200000065,2319.9825649999184,43009.1
1789904615,100,DELETE,DELETE /api/bookings/{id} [auth],6.000000,0.000000,330,350,370,400,460,500,520,550,550,550,550,446,0,330,339.27203108071944,142.95747799997116,1400.2631590000192,290.08744394618833
1789904615,100,GET,GET /api/bookings/me [auth],14.900000,0.000000,250,280,300,310,360,400,440,460,520,520,520,1749,0,250,271.67828645797636,74.4635590000371,2131.379423999988,4250.066323613493
1789904615,100,GET,GET /api/events,61.000000,0.000000,240,270,290,300,340,380,450,510,640,640,640,6908,0,230,261.63250323060134,14.60263500007386,2176.4711910000187,8636.903590040532
1789904615,100,GET,GET /api/events/{id},24.200000,0.000000,240,280,310,330,370,410,450,480,620,620,620,2756,0,230,269.27083254644594,22.819426000069143,2457.589189000032,428.2307692307692
1789904615,100,GET,GET /api/events?city,41.900000,0.000000,230,260,280,290,340,370,430,470,550,550,550,4102,0,230,259.3094799670893,20.26550900006896,2086.489680999989,8665.711604095563
1789904615,100,POST,POST /api/auth/login,0.000000,0.000000,0,0,0,0,0,0,0,0,0,0,0,30,0,2700,2581.041040066664,1665.7984360000455,4027.322984999955,414.3
1789904615,100,POST,POST /api/auth/register,0.000000,0.000000,0,0,0,0,0,0,0,0,0,0,0,30,0,3100,2903.5319957666684,1031.5803199999891,3955.050796000023,131.76666666666668
1789904615,100,POST,POST /api/bookings [auth],12.700000,0.000000,300,340,360,360,420,430,480,530,570,570,570,1312,0,300,319.35363157393266,122.2444910000604,2122.1652660000245,265.1387195121951
1789904615,100,,Aggregated,160.700000,0.000000,240,280,300,310,360,410,460,510,620,640,640,17433,0,240,281.94245840922486,14.60263500007386,4027.322984999955,6230.63052830838
1789904616,100,GET,/api/events [warmup],0.000000,0.000000,0,0,0,0,0,0,0,0,0,0,0,100,0,750,919.3783923100023,161.67094200000065,2319.9825649999184,43009.1
1789904616,100,DELETE,DELETE /api/bookings/{id} [auth],6.300000,0.000000,320,360,400,410,460,500,520,550,550,550,550,451,0,330,339.23131778714145,142.95747799997116,1400.2631590000192,290.09977827051
1789904616,100,GET,GET /api/bookings/me [auth],14.600000,0.000000,250,280,300,320,360,400,460,520,560,560,560,1763,0,250,271.5366434730576,74.4635590000371,2131.379423999988,4260.474758933636
1789904616,100,GET,GET /api/events,63.100000,0.000000,230,260,290,300,340,380,450,510,640,640,640,6957,0,230,261.3446991549511,14.60263500007386,2176.4711910000187,8636.901681759378
1789904616,100,GET,GET /api/events/{id},23.600000,0.000000,230,280,300,320,360,390,420,480,620,620,620,2790,0,230,268.55039951828144,22.819426000069143,2457.589189000032,428.22903225806454
1789904616,100,GET,GET /api/events?city,41.900000,0.000000,220,250,280,290,330,370,430,460,510,510,510,4140,0,230,258.8032902263285,20.26550900006896,2086.489680999989,8665.48574879227
1789904616,100,POST,POST /api/auth/login,0.000000,0.000000,0,0,0,0,0,0,0,0,0,0,0,30,0,2700,2581.041040066664,1665.7984360000455,4027.322984999955,414.3
1789904616,100,POST,POST /api/auth/register,0.000000,0.000000,0,0,0,0,0,0,0,0,0,0,0,30,0,3100,2903.5319957666684,1031.5803199999891,3955.050796000023,131.76666666666668
1789904616,100,POST,POST /api/bookings [auth],13.100000,0.000000,290,330,360,370,420,440,480,530,570,570,570,1325,0,300,318.99995523849014,122.2444910000604,2122.1652660000245,265.14490566037733
1789904616,100,,Aggregated,162.600000,0.000000,240,270,300,310,360,410,460,510,620,640,640,17586,0,240,281.45904162265526,14.60263500007386,4027.322984999955,6224.693278744456
1789904617,100,GET,/api/events [warmup],0.000000,0.000000,0,0,0,0,0,0,0,0,0,0,0,100,0,750,919.3783923100023,161.67094200000065,2319.9825649999184,43009.1
1789904617,100,DELETE,DELETE /api/bookings/{id} [auth],6.000000,0.000000,340,370,410,420,460,500,550,550,550,550,550,455,0,330,338.9438630593423,142.95747799997116,1400.2631590000192,290.10769230769233
1789904617,100,GET,GET /api/bookings/me [auth],15.100000,0.000000,240,280,300,320,370,420,470,520,560,560,560,1783,0,250,271.3754307666858,74.4635590000371,2131.379423999988,4275.049915872126
1789904617,100,GET,GET /api/events,63.300000,0.000000,230,260,280,300,350,380,410,510,640,640,640,7028,0,230,261.1221685876487,14.60263500007386,2176.4711910000187,8636.917757541263
1789904617,100,GET,GET /api/events/{id},23.300000,0.000000,230,270,290,320,350,380,420,480,620,620,620,2822,0,230,268.30339825443116,22.819426000069143,2457.589189000032,428.22714386959603
1789904617,100,GET,GET /api/events?city,42.400000,0.000000,220,250,280,290,330,370,430,460,510,510,510,4183,0,230,258.5475011534786,20.26550900006896,2086.489680999989,8665.769543389912
1789904617,100,POST,POST /api/auth/login,0.000000,0.000000,0,0,0,0,0,0,0,0,0,0,0,30,0,2700,2581.041040066664,1665.7984360000455,4027.322984999955,414.3
1789904617,100,POST,POST /api/auth/register,0.000000,0.000000,0,0,0,0,0,0,0,0,0,0,0,30,0,3100,2903.5319957666684,1031.5803199999891,3955.050796000023,131.76666666666668
1789904617,100,POST,POST /api/bookings [auth],13.000000,0.000000,290,320,360,370,420,470,510,530,570,570,570,1338,0,300,319.08685812854986,122.2444910000604,2122.1652660000245,265.1539611360239
1789904617,100,,Aggregated,163.100000,0.000000,240,270,300,310,360,410,460,510,620,640,640,17769,0,240,281.1254479860439,14.60263500007386,4027.322984999955,6223.429005571501
1789904618,100,GET,/api/events [warmup],0.000000,0.000000,0,0,0,0,0,0,0,0,0,0,0,100,0,750,919.3783923100023,161.67094200000065,2319.9825649999184,43009.1
1789904618,100,DELETE,DELETE /api/bookings/{id} [auth],6.100000,0.000000,340,360,400,420,460,500,550,550,550,550,550,461,0,320,338.2122719045567,142.95747799997116,1400.2631590000192,290.12798264642083
1789904618,100,GET,GET /api/bookings/me [auth],15.200000,0.000000,250,280,300,320,370,420,490,520,560,560,560,1799,0,250,271.2913763407452,74.4635590000371,2131.379423999988,4286.4608115619785
1789904618,100,GET,GET /api/events,62.600000,0.000000,230,260,290,300,350,390,440,550,640,640,640,7090,0,230,261.09891416008384,14.60263500007386,2176.4711910000187,8636.897743300424
1789904618,100,GET,GET /api/events/{id},24.900000,0.000000,240,280,310,320,370,410,480,510,560,560,560,2844,0,230,268.71578521835613,22.819426000069143,2457.589189000032,428.21554149085796
1789904618,100,GET,GET /api/events?city,42.800000,0.000000,220,260,280,290,340,370,420,460,470,470,470,4221,0,230,258.3403689322437,20.26550900006896,2086.489680999989,8665.477848850984
1789904618,100,POST,POST /api/auth/login,0.000000,0.000000,0,0,0,0,0,0,0,0,0,0,0,30,0,2700,2581.041040066664,1665.7984360000455,4027.322984999955,414.3
1789904618,100,POST,POST /api/auth/register,0.000000,0.000000,0,0,0,0,0,0,0,0,0,0,0,30,0,3100,2903.5319957666684,1031.5803199999891,3955.050796000023,131.76666666666668
1789904618,100,POST,POST /api/bookings [auth],13.300000,0.000000,300,350,370,380,430,480,530,550,570,570,570,1351,0,300,319.4001251058473,122.2444910000604,2122.1652660000245,265.1635825314582
1789904618,100,,Aggregated,164.900000,0.000000,240,280,300,320,370,410,470,510,570,640,640,17926,0,240,281.03466108044285,14.60263500007386,4027.322984999955,6222.86355015062
1789904619,100,GET,/api/events [warmup],0.000000,0.000000,0,0,0,0,0,0,0,0,0,0,0,100,0,750,919.3783923100023,161.67094200000065,2319.9825649999184,43009.1
1789904619,100,DELETE,DELETE /api/bookings/{id} [auth],5.500000,0.000000,340,360,410,420,460,500,550,550,550,550,550,464,0,320,338.20395957112197,142.95747799997116,1400.2631590000192,290.13793103448273
1789904619,100,GET,GET /api/bookings/me [auth],15.800000,0.000000,250,290,310,320,380,420,490,520,560,560,560,1821,0,250,270.9119106842398,74.4635590000371,2131.379423999988,4301.750686436024
1789904619,100,GET,GET /api/events,62.600000,0.000000,230,260,280,300,350,390,440,550,640,640,640,7152,0,230,260.6494455391491,14.60263500007386,2176.4711910000187,8636.910514541387
1789904619,100,GET,GET /api/events/{id},24.600000,0.000000,250,280,310,320,370,410,480,510,560,560,560,2867,0,230,268.3507798866428,22.819426000069143,2457.589189000032,428.224276246948
1789904619,100,GET,GET /api/events?city,41.700000,0.000000,220,260,280,290,340,370,430,460,570,570,570,4268,0,230,257.9557310025776,20.26550900006896,2086.489680999989,8665.42244611059
1789904619,100,POST,POST /api/auth/login,0.000000,0.000000,0,0,0,0,0,0,0,0,0,0,0,30,0,2700,2581.041040066664,1665.7984360000455,4027.322984999955,414.3
1789904619,100,POST,POST /api/auth/register,0.000000,0.000000,0,0,0,0,0,0,0,0,0,0,0,30,0,3100,2903.5319957666684,1031.5803199999891,3955.050796000023,131.76666666666668
1789904619,100,POST,POST /api/bookings [auth],12.800000,0.000000,300,340,370,380,430,480,530,550,570,570,570,1366,0,300,319.0437452994141,122.2444910000604,2122.1652660000245,265.1771595900439
1789904619,100,,Aggregated,163.000000,0.000000,240,280,300,320,370,410,470,520,570,640,640,18098,0,240,280.5297598260593,14.60263500007386,4027.322984999955,6223.370648690463
1789904620,100,GET,/api/events [warmup],0.000000,0.000000,0,0,0,0,0,0,0,0,0,0,0,100,0,750,919.3783923100023,161.67094200000065,2319.9825649999184,43009.1
1789904620,100,DELETE,DELETE /api/bookings/{id} [auth],5.300000,0.000000,320,350,400,420,440,460,500,500,500,500,500,466,0,320,337.89881880257644,142.95747799997116,1400.2631590000192,290.14592274678114
1789904620,100,GET,GET /api/bookings/me [auth],15.000000,0.000000,250,290,310,330,380,420,480,490,560,560,560,1829,0,250,270.9834502618921,74.4635590000371,2131.379423999988,4307.373974849645
1789904620,100,GET,GET /api/events,60.600000,0.000000,220,250,280,290,340,380,410,490,570,570,570,7211,0,230,260.20384053765,14.60263500007386,2176.4711910000187,8636.900152544724
1789904620,100,GET,GET /api/events/{id},25.500000,0.000000,240,280,300,320,370,410,490,510,560,560,560,2891,0,230,268.0093786025614,22.819426000069143,2457.589189000032,428.2137668626773
1789904620,100,GET,GET /api/events?city,42.400000,0.000000,210,250,270,290,330,370,420,460,570,570,570,4297,0,230,257.66515032487825,20.26550900006896,2086.489680999989,8665.403304631138
1789904620,100,POST,POST /api/auth/login,0.000000,0.000000,0,0,0,0,0,0,0,0,0,0,0,30,0,2700,2581.041040066664,1665.7984360000455,4027.322984999955,414.3
1789904620,100,POST,POST /api/auth/register,0.000000,0.000000,0,0,0,0,0,0,0,0,0,0,0,30,0,3100,2903.5319957666684,1031.5803199999891,3955.050796000023,131.76666666666668
1789904620,100,POST,POST /api/bookings [auth],13.400000,0.000000,290,340,360,380,420,470,490,510,550,550,550,1377,0,300,318.6962012607114,122.2444910000604,2122.1652660000245,265.17937545388526
1789904620,100,,Aggregated,162.200000,0.000000,230,270,290,310,360,410,470,500,570,570,570,18231,0,240,280.1130732343822,14.60263500007386,4027.322984999955,6222.902199550216
1789904621,100,GET,/api/events [warmup],0.000000,0.000000,0,0,0,0,0,0,0,0,0,0,0,100,0,750,919.3783923100023,161.67094200000065,2319.9825649999184,43009.1
1789904621,100,DELETE,DELETE /api/bookings/{id} [auth],5.200000,0.000000,320,350,400,420,460,500,670,670,670,670,670,472,0,320,338.11744011017083,142.95747799997116,1400.2631590000192,290.15466101694915
1789904621,100,GET,GET /api/bookings/me [auth],15.300000,0.000000,250,300,330,360,400,440,560,590,640,640,640,1845,0,250,271.48917318699216,74.4635590000371,2131.379423999988,4318.260162601626
1789904621,100,GET,GET /api/events,62.500000,0.000000,220,260,280,300,350,390,440,510,570,570,570,7283,0,230,260.0555242044479,14.60263500007386,2176.4711910000187,8636.88480021969
1789904621,100,GET,GET /api/events/{id},24.800000,0.000000,240,280,310,320,380,420,510,510,590,590,590,2926,0,230,268.0182062624761,22.819426000069143,2457.589189000032,428.19924812030075
1789904621,100,GET,GET /api/events?city,41.900000,0.000000,220,260,270,290,340,390,430,480,570,570,570,4338,0,230,257.6379767355929,20.26550900006896,2086.489680999989,8665.39672660212
1789904621,100,POST,POST /api/auth/login,0.000000,0.000000,0,0,0,0,0,0,0,0,0,0,0,30,0,2700,2581.041040066664,1665.7984360000455,4027.322984999955,414.3
1789904621,100,POST,POST /api/auth/register,0.000000,0.000000,0,0,0,0,0,0,0,0,0,0,0,30,0,3100,2903.5319957666684,1031.5803199999891,3955.050796000023,131.76666666666668
1789904621,100,POST,POST /api/bookings [auth],13.300000,0.000000,300,350,380,410,470,510,560,580,750,750,750,1395,0,300,319.321075189964,122.2444910000604,2122.1652660000245,265.18924731182796
1789904621,100,,Aggregated,163.000000,0.000000,240,270,300,320,380,420,490,550,670,750,750,18419,0,240,280.0508216429787,14.60263500007386,4027.322984999955,6218.427059015147
1789904622,100,GET,/api/events [warmup],0.000000,0.000000,0,0,0,0,0,0,0,0,0,0,0,100,0,750,919.3783923100023,161.67094200000065,2319.9825649999184,43009.1
1789904622,100,DELETE,DELETE /api/bookings/{id} [auth],5.100000,0.000000,320,350,360,400,440,460,670,670,670,670,670,474,0,320,337.98210451476916,142.95747799997116,1400.2631590000192,290.15611814345993
1789904622,100,GET,GET /api/bookings/me [auth],15.600000,0.000000,250,290,320,340,400,440,560,590,640,640,640,1863,0,250,271.4640821207734,74.4635590000371,2131.379423999988,4330.378421900161
1789904622,100,GET,GET /api/events,63.100000,0.000000,220,250,270,290,350,380,430,500,570,570,570,7363,0,230,259.68589510824313,14.60263500007386,2176.4711910000187,8636.876544886594
1789904622,100,GET,GET /api/events/{id},24.400000,0.000000,240,280,310,320,370,410,510,510,590,590,590,2946,0,230,267.79662391072793,22.819426000069143,2457.589189000032,428.1995926680244
1789904622,100,GET,GET /api/events?city,41.400000,0.000000,210,250,270,290,330,370,410,480,570,570,570,4374,0,230,257.3988487283954,20.26550900006896,2086.489680999989,8665.24531321445
1789904622,100,POST,POST /api/auth/login,0.000000,0.000000,0,0,0,0,0,0,0,0,0,0,0,30,0,2700,2581.041040066664,1665.7984360000455,4027.322984999955,414.3
1789904622,100,POST,POST /api/auth/register,0.000000,0.000000,0,0,0,0,0,0,0,0,0,0,0,30,0,3100,2903.5319957666684,1031.5803199999891,3955.050796000023,131.76666666666668
1789904622,100,POST,POST /api/bookings [auth],13.000000,0.000000,290,340,370,390,470,510,560,580,750,750,750,1410,0,300,318.68504661205657,122.2444910000604,2122.1652660000245,265.2014184397163
1789904622,100,,Aggregated,162.600000,0.000000,230,270,290,310,370,410,490,550,670,750,750,18590,0,240,279.64608459499874,14.60263500007386,4027.322984999955,6221.239160839161
1789904623,100,GET,/api/events [warmup],0.000000,0.000000,0,0,0,0,0,0,0,0,0,0,0,100,0,750,919.3783923100023,161.67094200000065,2319.9825649999184,43009.1
1789904623,100,DELETE,DELETE /api/bookings/{id} [auth],4.600000,0.000000,300,330,350,370,420,440,670,670,670,670,670,478,0,320,337.31328297489654,142.95747799997116,1400.2631590000192,290.1610878661088
1789904623,100,GET,GET /api/bookings/me [auth],15.700000,0.000000,250,280,320,340,390,420,490,590,640,640,640,1888,0,250,270.94885819173743,74.4635590000371,2131.379423999988,4346.498940677966
1789904623,100,GET,GET /api/events,62.300000,0.000000,220,250,270,280,330,380,440,500,570,570,570,7429,0,230,259.29941486296866,14.60263500007386,2176.4711910000187,8636.878180104994
1789904623,100,GET,GET /api/events/{id},26.100000,0.000000,230,270,300,310,360,410,510,510,590,590,590,2977,0,230,267.35885466644453,22.819426000069143,2457.589189000032,428.1958347329526
1789904623,100,GET,GET /api/events?city,41.400000,0.000000,210,250,270,290,330,370,430,480,570,570,570,4415,0,230,257.08576316783757,20.26550900006896,2086.489680999989,8665.109852774633
1789904623,100,POST,POST /api/auth/login,0.000000,0.000000,0,0,0,0,0,0,0,0,0,0,0,30,0,2700,2581.041040066664,1665.7984360000455,4027.322984999955,414.3
1789904623,100,POST,POST /api/auth/register,0.000000,0.000000,0,0,0,0,0,0,0,0,0,0,0,30,0,3100,2903.5319957666684,1031.5803199999891,3955.050796000023,131.76666666666668
1789904623,100,POST,POST /api/bookings [auth],13.800000,0.000000,270,330,350,370,470,510,560,580,750,750,750,1419,0,300,318.3754677399576,122.2444910000604,2122.1652660000245,265.20507399577167
1789904623,100,,Aggregated,163.900000,0.000000,230,260,290,310,360,410,490,550,670,750,750,18766,0,240,279.1395779762347,14.60263500007386,4027.322984999955,6220.455717787488
1789904624,100,GET,/api/events [warmup],0.000000,0.000000,0,0,0,0,0,0,0,0,0,0,0,100,0,750,919.3783923100023,161.67094200000065,2319.9825649999184,43009.1
1789904624,100,DELETE,DELETE /api/bookings/{id} [auth],4.500000,0.000000,300,320,350,370,440,460,670,670,670,670,670,479,0,320,337.5692010855962,142.95747799997116,1400.2631590000192,290.1670146137787
1789904624,100,GET,GET /api/bookings/me [auth],15.500000,0.000000,250,310,330,350,390,440,490,590,640,640,640,1903,0,250,271.3537328239624,74.4635590000371,2131.379423999988,4356.038885969522
1789904624,100,GET,GET /api/events,63.900000,0.000000,220,250,280,290,350,390,470,520,590,590,590,7487,0,230,259.5900139293434,14.60263500007386,2176.4711910000187,8636.894750901563
1789904624,100,GET,GET /api/events/{id},25.700000,0.000000,240,280,310,320,370,410,510,510,590,590,590,2999,0,230,267.5365425591883,22.819426000069143,2457.589189000032,428.1980660220073
1789904624,100,GET,GET /api/events?city,39.900000,0.000000,210,260,290,300,330,380,440,480,570,570,570,4457,0,230,257.19380682836066,20.26550900006896,2086.489680999989,8664.83598833296
1789904624,100,POST,POST /api/auth/login,0.000000,0.000000,0,0,0,0,0,0,0,0,0,0,0,30,0,2700,2581.041040066664,1665.7984360000455,4027.322984999955,414.3
1789904624,100,POST,POST /api/auth/register,0.000000,0.000000,0,0,0,0,0,0,0,0,0,0,0,30,0,3100,2903.5319957666684,1031.5803199999891,3955.050796000023,131.76666666666668
1789904624,100,POST,POST /api/bookings [auth],13.600000,0.000000,290,340,370,380,470,540,580,580,750,750,750,1434,0,300,318.8559510913527,122.2444910000604,2122.1652660000245,265.2112970711297
1789904624,100,,Aggregated,163.100000,0.000000,230,270,300,310,370,420,490,560,670,750,750,18919,0,240,279.2960297855605,14.60263500007386,4027.322984999955,6220.937047412654
1789904625,100,GET,/api/events [warmup],0.000000,0.000000,0,0,0,0,0,0,0,0,0,0,0,100,0,750,919.3783923100023,161.67094200000065,2319.9825649999184,43009.1
1789904625,100,DELETE,DELETE /api/bookings/{id} [auth],4.000000,0.000000,280,320,330,350,440,460,670,670,670,670,670,480,0,320,337.4405353812512,142.95747799997116,1400.2631590000192,290.17291666666665
1789904625,100,GET,GET /api/bookings/me [auth],16.600000,0.000000,250,310,330,340,390,440,490,590,640,640,640,1923,0,250,271.31343744461805,74.4635590000371,2131.379423999988,4368.58086323453
1789904625,100,GET,GET /api/events,63.700000,0.000000,230,260,280,290,340,380,450,490,590,590,590,7554,0,230,259.4214528039441,14.60263500007386,2176.4711910000187,8636.875827376225
1789904625,100,GET,GET /api/events/{id},26.900000,0.000000,250,280,300,310,370,420,510,510,590,590,590,3029,0,230,267.315760921098,22.819426000069143,2457.589189000032,428.1990756025091
1789904625,100,GET,GET /api/events?city,39.100000,0.000000,220,270,290,300,350,400,470,550,760,760,760,4496,0,230,257.19302051023203,20.26550900006896,2086.489680999989,8664.736877224199
1789904625,100,POST,POST /api/auth/login,0.000000,0.000000,0,0,0,0,0,0,0,0,0,0,0,30,0,2700,2581.041040066664,1665.7984360000455,4027.322984999955,414.3
1789904625,100,POST,POST /api/auth/register,0.000000,0.000000,0,0,0,0,0,0,0,0,0,0,0,30,0,3100,2903.5319957666684,1031.5803199999891,3955.050796000023,131.76666666666668
1789904625,100,POST,POST /api/bookings [auth],13.300000,0.000000,290,340,370,380,470,540,580,580,750,750,750,1444,0,300,318.5268381565094,122.2444910000604,2122.1652660000245,265.2195290858726
1789904625,100,,Aggregated,163.600000,0.000000,240,270,300,310,370,420,490,550,750,760,760,19086,0,240,279.04452982909044,14.60263500007386,4027.322984999955,6221.155035104265
1789904626,100,GET,/api/events [warmup],0.000000,0.000000,0,0,0,0,0,0,0,0,0,0,0,100,0,750,919.3783923100023,161.67094200000065,2319.9825649999184,43009.1
1789904626,100,DELETE,DELETE /api/bookings/{id} [auth],3.500000,0.000000,290,320,350,350,460,570,670,670,670,670,670,481,0,320,337.92489582328625,142.95747799997116,1400.2631590000192,290.1746361746362
1789904626,100,GET,GET /api/bookings/me [auth],17.500000,0.000000,250,310,330,350,390,450,540,590,640,640,640,1939,0,250,271.5824654497166,74.4635590000371,2131.379423999988,4378.161423414131
1789904626,100,GET,GET /api/events,63.700000,0.000000,230,260,280,300,360,410,460,500,590,590,590,7620,0,230,259.6098492255897,14.60263500007386,2176.4711910000187,8636.864435695537
1789904626,100,GET,GET /api/events/{id},26.900000,0.000000,250,280,310,320,390,490,510,560,590,590,590,3042,0,230,267.61260846219784,22.819426000069143,2457.589189000032,428.20381328073637
1789904626,100,GET,GET /api/events?city,39.200000,0.000000,220,270,290,300,360,410,470,550,760,760,760,4522,0,230,257.3226640855822,20.26550900006896,2086.489680999989,8664.733082706767
1789904626,100,POST,POST /api/auth/login,0.000000,0.000000,0,0,0,0,0,0,0,0,0,0,0,30,0,2700,2581.041040066664,1665.7984360000455,4027.322984999955,414.3
1789904626,100,POST,POST /api/auth/register,0.000000,0.000000,0,0,0,0,0,0,0,0,0,0,0,30,0,3100,2903.5319957666684,1031.5803199999891,3955.050796000023,131.76666666666668
1789904626,100,POST,POST /api/bookings [auth],12.900000,0.000000,290,350,370,390,490,550,580,580,750,750,750,1453,0,300,319.0749567646246,122.2444910000604,2122.1652660000245,265.22849277357193
1789904626,100,,Aggregated,163.700000,0.000000,240,280,300,320,380,430,520,560,750,760,760,19217,0,240,279.18764171926,14.60263500007386,4027.322984999955,6225.161263464641
1789904627,100,GET,/api/events [warmup],0.000000,0.000000,0,0,0,0,0,0,0,0,0,0,0,100,0,750,919.3783923100023,161.67094200000065,2319.9825649999184,43009.1
1789904627,100,DELETE,DELETE /api/bookings/{id} [auth],3.300000,0.000000,300,330,350,370,460,570,670,670,670,670,670,484,0,320,337.5306422768608,142.95747799997116,1400.2631590000192,290.1797520661157
1789904627,100,GET,GET /api/bookings/me [auth],17.200000,0.000000,260,310,340,360,390,480,550,640,680,680,680,1956,0,250,271.6717111083849,74.4635590000371,2131.379423999988,4388.3026584867075
1789904627,100,GET,GET /api/events,64.400000,0.000000,220,260,280,300,350,410,450,490,590,590,590,7687,0,230,259.25618134577775,14.60263500007386,2176.4711910000187,8636.867828801873
1789904627,100,GET,GET /api/events/{id},27.500000,0.000000,240,280,300,320,390,490,510,530,590,590,590,3062,0,230,267.47638079033504,22.819426000069143,2457.589189000032,428.2050947093403
1789904627,100,GET,GET /api/events?city,38.700000,0.000000,220,270,290,300,370,420,470,570,760,760,760,4570,0,230,257.16336367527407,20.26550900006896,2086.489680999989,8664.734573304158
1789904627,100,POST,POST /api/auth/login,0.000000,0.000000,0,0,0,0,0,0,0,0,0,0,0,30,0,2700,2581.041040066664,1665.7984360000455,4027.322984999955,414.3
1789904627,100,POST,POST /api/auth/register,0.000000,0.000000,0,0,0,0,0,0,0,0,0,0,0,30,0,3100,2903.5319957666684,1031.5803199999891,3955.050796000023,131.76666666666668
1789904627,100,POST,POST /api/bookings [auth],13.200000,0.000000,290,350,370,380,490,540,580,580,750,750,750,1469,0,300,318.8265718897205,122.2444910000604,2122.1652660000245,265.2348536419333
1789904627,100,,Aggregated,164.300000,0.000000,240,270,300,320,380,440,510,570,750,760,760,19388,0,240,278.8703052497947,14.60263500007386,4027.322984999955,6227.124664741077
1789904628,100,GET,/api/events [warmup],0.000000,0.000000,0,0,0,0,0,0,0,0,0,0,0,100,0,750,919.3783923100023,161.67094200000065,2319.9825649999184,43009.1
1789904628,100,DELETE,DELETE /api/bookings/{id} [auth],2.900000,0.000000,290,310,360,370,460,570,670,670,670,670,670,487,0,320,337.10593411088433,142.95747799997116,1400.2631590000192,290.1930184804928
1789904628,100,GET,GET /api/bookings/me [auth],17.200000,0.000000,260,310,340,360,400,450,550,640,680,680,680,1977,0,250,271.6618619721805,74.4635590000371,2131.379423999988,4400.599898836621
1789904628,100,GET,GET /api/events,64.600000,0.000000,230,260,280,300,360,410,450,490,590,590,590,7753,0,230,259.086588043982,14.60263500007386,2176.4711910000187,8636.847800851283
1789904628,100,GET,GET /api/events/{id},25.000000,0.000000,240,270,300,310,370,430,510,530,590,590,590,3086,0,230,267.139231794558,22.819426000069143,2457.589189000032,428.199935191186
1789904628,100,GET,GET /api/events?city,37.400000,0.000000,220,260,290,300,360,410,470,550,760,760,760,4617,0,230,256.8381120970332,20.26550900006896,2086.489680999989,8664.762833008446
1789904628,100,POST,POST /api/auth/login,0.000000,0.000000,0,0,0,0,0,0,0,0,0,0,0,30,0,2700,2581.041040066664,1665.7984360000455,4027.322984999955,414.3
1789904628,100,POST,POST /api/auth/register,0.000000,0.000000,0,0,0,0,0,0,0,0,0,0,0,30,0,3100,2903.5319957666684,1031.5803199999891,3955.050796000023,131.76666666666668
1789904628,100,POST,POST /api/bookings [auth],12.700000,0.000000,300,340,370,390,500,540,580,580,750,750,750,1482,0,300,318.73076358906866,122.2444910000604,2122.1652660000245,265.24426450742243
1789904628,100,,Aggregated,159.800000,0.000000,230,270,300,320,380,430,510,560,750,760,760,19562,0,240,278.5498242997148,14.60263500007386,4027.322984999955,6228.392291176771
1789904629,100,GET,/api/events [warmup],0.000000,0.000000,0,0,0,0,0,0,0,0,0,0,0,100,0,750,919.3783923100023,161.67094200000065,2319.9825649999184,43009.1
1789904629,100,DELETE,DELETE /api/bookings/{id} [auth],2.900000,0.000000,300,330,340,350,460,570,670,670,670,670,670,491,0,320,336.8500939287182,142.95747799997116,1400.2631590000192,290.1955193482688
1789904629,100,GET,GET /api/bookings/me [auth],17.400000,0.000000,260,310,330,360,400,450,550,640,680,680,680,1989,0,250,271.5495120336858,74.4635590000371,2131.379423999988,4407.346907993967
1789904629,100,GET,GET /api/events,66.000000,0.000000,230,260,280,300,360,410,460,490,590,590,590,7807,0,230,258.817494319584,14.60263500007386,2176.4711910000187,8636.849878314333
1789904629,100,GET,GET /api/events/{id},24.600000,0.000000,240,270,300,310,370,430,510,530,590,590,590,3121,0,230,266.6020541499539,22.819426000069143,2457.589189000032,428.19384812560077
1789904629,100,GET,GET /api/events?city,38.300000,0.000000,230,260,290,300,360,410,470,550,760,760,760,4659,0,230,256.45802489804726,20.26550900006896,2086.489680999989,8664.70916505688
1789904629,100,POST,POST /api/auth/login,0.000000,0.000000,0,0,0,0,0,0,0,0,0,0,0,30,0,2700,2581.041040066664,1665.7984360000455,4027.322984999955,414.3
1789904629,100,POST,POST /api/auth/register,0.000000,0.000000,0,0,0,0,0,0,0,0,0,0,0,30,0,3100,2903.5319957666684,1031.5803199999891,3955.050796000023,131.76666666666668
1789904629,100,POST,POST /api/bookings [auth],12.800000,0.000000,300,350,380,400,500,540,580,580,750,750,750,1494,0,300,318.6041534149933,122.2444910000604,2122.1652660000245,265.25033467202144
1789904629,100,,Aggregated,162.000000,0.000000,240,270,300,320,380,440,510,560,750,760,760,19721,0,240,278.15354891826087,14.60263500007386,4027.322984999955,6224.60498960499
1789904630,100,GET,/api/events [warmup],0.000000,0.000000,0,0,0,0,0,0,0,0,0,0,0,100,0,750,919.3783923100023,161.67094200000065,2319.9825649999184,43009.1
1789904630,100,DELETE,DELETE /api/bookings/{id} [auth],2.700000,0.000000,290,320,330,340,360,460,570,570,570,570,570,500,0,320,336.0923475120011,142.95747799997116,1400.2631590000192,290.212
1789904630,100,GET,GET /api/bookings/me [auth],17.200000,0.000000,260,300,320,340,390,440,520,550,680,680,680,2011,0,250,271.4873701780213,74.4635590000371,2131.379423999988,4419.757334659374
1789904630,100,GET,GET /api/events,66.100000,0.000000,230,250,280,300,350,400,440,480,590,590,590,7871,0,230,258.5756299787819,14.60263500007386,2176.4711910000187,8636.812222081056
1789904630,100,GET,GET /api/events/{id},24.100000,0.000000,230,260,290,300,340,410,490,500,590,590,590,3148,0,230,266.1823294676005,22.819426000069143,2457.589189000032,428.19186785260484
1789904630,100,GET,GET /api/events?city,39.100000,0.000000,220,260,280,290,350,390,440,470,760,760,760,4705,0,230,256.0281324607868,20.26550900006896,2086.489680999989,8664.650797024442
1789904630,100,POST,POST /api/auth/login,0.000000,0.000000,0,0,0,0,0,0,0,0,0,0,0,30,0,2700,2581.041040066664,1665.7984360000455,4027.322984999955,414.3
1789904630,100,POST,POST /api/auth/register,0.000000,0.000000,0,0,0,0,0,0,0,0,0,0,0,30,0,3100,2903.5319957666684,1031.5803199999891,3955.050796000023,131.76666666666668
1789904630,100,POST,POST /api/bookings [auth],13.300000,0.000000,290,330,350,380,430,520,570,580,580,580,580,1505,0,300,318.3543780358805,122.2444910000604,2122.1652660000245,265.2578073089701
1789904630,100,,Aggregated,162.500000,0.000000,230,270,290,310,360,410,480,520,680,760,760,19900,0,240,277.7592343914084,14.60263500007386,4027.322984999955,6223.377989949749
1789904631,100,GET,/api/events [warmup],0.000000,0.000000,0,0,0,0,0,0,0,0,0,0,0,100,0,750,919.3783923100023,161.67094200000065,2319.9825649999184,43009.1
1789904631,100,DELETE,DELETE /api/bookings/{id} [auth],2.700000,0.000000,290,320,340,350,400,460,570,570,570,570,570,503,0,320,335.9302631471182,142.95747799997116,1400.2631590000192,290.2166998011928
1789904631,100,GET,GET /api/bookings/me [auth],17.500000,0.000000,250,300,320,340,390,450,540,630,680,680,680,2026,0,250,271.26598938351464,74.4635590000371,2131.379423999988,4428.0898321816385
1789904631,100,GET,GET /api/events,64.300000,0.000000,230,260,280,300,350,410,450,480,590,590,590,7933,0,230,258.3156919919313,14.60263500007386,2176.4711910000187,8636.82062271524
1789904631,100,GET,GET /api/events/{id},25.300000,0.000000,240,270,290,310,350,410,490,500,590,590,590,3178,0,230,265.8822823288251,22.819426000069143,2457.589189000032,428.204845814978
1789904631,100,GET,GET /api/events?city,39.300000,0.000000,220,250,280,300,350,390,440,470,760,760,760,4747,0,230,255.50041094543965,20.26550900006896,2086.489680999989,8664.731409311144
1789904631,100,POST,POST /api/auth/login,0.000000,0.000000,0,0,0,0,0,0,0,0,0,0,0,30,0,2700,2581.041040066664,1665.7984360000455,4027.322984999955,414.3
1789904631,100,POST,POST /api/auth/register,0.000000,0.000000,0,0,0,0,0,0,0,0,0,0,0,30,0,3100,2903.5319957666684,1031.5803199999891,3955.050796000023,131.76666666666668
1789904631,100,POST,POST /api/bookings [auth],12.700000,0.000000,290,330,360,380,440,520,570,580,580,580,580,1513,0,300,318.13535585525455,122.2444910000604,2122.1652660000245,265.2630535360212
1789904631,100,,Aggregated,161.800000,0.000000,230,270,300,310,360,410,480,520,680,760,760,20060,0,240,277.33920085443816,14.60263500007386,4027.322984999955,6223.5362412761715
1789904632,100,GET,/api/events [warmup],0.000000,0.000000,0,0,0,0,0,0,0,0,0,0,0,100,0,750,919.3783923100023,161.67094200000065,2319.9825649999184,43009.1
1789904632,100,DELETE,DELETE /api/bookings/{id} [auth],3.200000,0.000000,310,330,350,390,420,500,570,570,570,570,570,512,0,320,336.1472874785169,142.95747799997116,1400.2631590000192,290.23046875
1789904632,100,GET,GET /api/bookings/me [auth],17.400000,0.000000,260,310,330,360,400,500,550,630,680,680,680,2040,0,250,271.7225316049022,74.4635590000371,2131.379423999988,4435.661274509804
1789904632,100,GET,GET /api/events,64.900000,0.000000,230,260,290,300,350,410,450,480,590,590,590,7989,0,230,257.9697544876693,14.60263500007386,2176.4711910000187,8636.815120791087
1789904632,100,GET,GET /api/events/{id},25.100000,0.000000,240,270,290,310,350,420,500,530,590,590,590,3211,0,230,265.7326340090334,22.819426000069143,2457.589189000032,428.20211772033633
1789904632,100,GET,GET /api/events?city,39.800000,0.000000,220,260,270,290,350,390,450,480,760,760,760,4785,0,230,255.35524503490103,20.26550900006896,2086.489680999989,8664.83092998955
1789904632,100,POST,POST /api/auth/login,0.000000,0.000000,0,0,0,0,0,0,0,0,0,0,0,30,0,2700,2581.041040066664,1665.7984360000455,4027.322984999955,414.3
1789904632,100,POST,POST /api/auth/register,0.000000,0.000000,0,0,0,0,0,0,0,0,0,0,0,30,0,3100,2903.5319957666684,1031.5803199999891,3955.050796000023,131.76666666666668
1789904632,100,POST,POST /api/bookings [auth],12.800000,0.000000,300,330,360,380,440,520,580,580,710,710,710,1527,0,300,317.9856650733465,122.2444910000604,2122.1652660000245,265.2711198428291
1789904632,100,,Aggregated,163.200000,0.000000,230,270,300,320,370,420,500,540,710,760,760,20224,0,240,277.1223902508421,14.60263500007386,4027.322984999955,6218.126829509493
1789904633,100,GET,/api/events [warmup],0.000000,0.000000,0,0,0,0,0,0,0,0,0,0,0,100,0,750,919.3783923100023,161.67094200000065,2319.9825649999184,43009.1
1789904633,100,DELETE,DELETE /api/bookings/{id} [auth],3.400000,0.000000,320,340,350,390,430,500,570,570,570,570,570,516,0,320,335.8161744670557,142.95747799997116,1400.2631590000192,290.2403100775194
1789904633,100,GET,GET /api/bookings/me [auth],18.100000,0.000000,270,310,330,360,440,500,620,630,680,680,680,2048,0,250,271.8165148842774,74.4635590000371,2131.379423999988,4440.0947265625
1789904633,100,GET,GET /api/events,64.300000,0.000000,230,260,290,300,350,410,440,480,520,520,520,8046,0,230,258.04439612900705,14.60263500007386,2176.4711910000187,8636.821029082774
1789904633,100,GET,GET /api/events/{id},24.900000,0.000000,240,270,290,300,350,420,500,530,590,590,590,3232,0,230,265.5818896212892,22.819426000069143,2457.589189000032,428.2029702970297
1789904633,100,GET,GET /api/events?city,40.200000,0.000000,220,250,280,300,350,400,450,480,760,760,760,4824,0,230,255.3735206716421,20.26550900006896,2086.489680999989,8664.970771144279
1789904633,100,POST,POST /api/auth/login,0.000000,0.000000,0,0,0,0,0,0,0,0,0,0,0,30,0,2700,2581.041040066664,1665.7984360000455,4027.322984999955,414.3
1789904633,100,POST,POST /api/auth/register,0.000000,0.000000,0,0,0,0,0,0,0,0,0,0,0,30,0,3100,2903.5319957666684,1031.5803199999891,3955.050796000023,131.76666666666668
1789904633,100,POST,POST /api/bookings [auth],11.800000,0.000000,300,330,360,380,450,520,580,580,710,710,710,1536,0,300,317.99220497916673,122.2444910000604,2122.1652660000245,265.2760416666667
1789904633,100,,Aggregated,162.700000,0.000000,240,270,300,320,370,430,500,540,710,760,760,20362,0,240,277.05432511010855,14.60263500007386,4027.322984999955,6219.5986150672825
1789904634,100,GET,/api/events [warmup],0.000000,0.000000,0,0,0,0,0,0,0,0,0,0,0,100,0,750,919.3783923100023,161.67094200000065,2319.9825649999184,43009.1
1789904634,100,DELETE,DELETE /api/bookings/{id} [auth],3.500000,0.000000,320,340,390,400,450,530,570,570,570,570,570,522,0,320,336.62729235440713,142.95747799997116,1400.2631590000192,290.2567049808429
1789904634,100,GET,GET /api/bookings/me [auth],17.800000,0.000000,260,310,350,360,440,510,570,630,680,680,680,2067,0,250,272.450182276246,74.4635590000371,2131.379423999988,4450.386550556362
1789904634,100,GET,GET /api/events,63.300000,0.000000,230,260,290,310,360,410,440,490,790,790,790,8113,0,230,258.2167536505598,14.60263500007386,2176.4711910000187,8636.81067422655
1789904634,100,GET,GET /api/events/{id},26.600000,0.000000,230,260,300,320,410,490,540,590,830,830,830,3257,0,230,266.32940321338856,22.819426000069143,2457.589189000032,428.19465766042373
1789904634,100,GET,GET /api/events?city,40.300000,0.000000,220,240,270,290,350,400,450,500,650,650,650,4857,0,230,255.52558146963173,20.26550900006896,2086.489680999989,8664.861848877908
1789904634,100,POST,POST /api/auth/login,0.000000,0.000000,0,0,0,0,0,0,0,0,0,0,0,30,0,2700,2581.041040066664,1665.7984360000455,4027.322984999955,414.3
1789904634,100,POST,POST /api/auth/register,0.000000,0.000000,0,0,0,0,0,0,0,0,0,0,0,30,0,3100,2903.5319957666684,1031.5803199999891,3955.050796000023,131.76666666666668
1789904634,100,POST,POST /api/bookings [auth],11.900000,0.000000,310,350,380,410,540,580,600,600,710,710,710,1550,0,300,319.3368598593548,122.2444910000604,2122.1652660000245,265.2851612903226
1789904634,100,,Aggregated,163.400000,0.000000,230,270,310,320,390,440,540,590,790,830,830,20526,0,240,277.3923937587953,14.60263500007386,4027.322984999955,6217.93120919809
1789904635,100,GET,/api/events [warmup],0.000000,0.000000,0,0,0,0,0,0,0,0,0,0,0,100,0,750,919.3783923100023,161.67094200000065,2319.9825649999184,43009.1
1789904635,100,DELETE,DELETE /api/bookings/{id} [auth],3.800000,0.000000,320,340,390,400,450,530,570,570,570,570,570,526,0,320,336.3407893954383,142.95747799997116,1400.2631590000192,290.2623574144487
1789904635,100,GET,GET /api/bookings/me [auth],16.600000,0.000000,260,300,330,360,440,510,570,630,680,680,680,2089,0,250,272.0167932647203,74.4635590000371,2131.379423999988,4462.023456199138
1789904635,100,GET,GET /api/events,61.600000,0.000000,230,260,280,300,370,410,440,490,790,790,790,8178,0,230,257.86069515847294,14.60263500007386,2176.4711910000187,8636.827219369039
1789904635,100,GET,GET /api/events/{id},25.500000,0.000000,240,260,290,320,410,490,530,590,830,830,830,3294,0,230,265.76346525926147,22.819426000069143,2457.589189000032,428.1863995142684
1789904635,100,GET,GET /api/events?city,41.400000,0.000000,220,250,270,290,350,400,450,500,650,650,650,4895,0,230,255.3183360886621,20.26550900006896,2086.489680999989,8664.831460674157
1789904635,100,POST,POST /api/auth/login,0.000000,0.000000,0,0,0,0,0,0,0,0,0,0,0,30,0,2700,2581.041040066664,1665.7984360000455,4027.322984999955,414.3
1789904635,100,POST,POST /api/auth/register,0.000000,0.000000,0,0,0,0,0,0,0,0,0,0,0,30,0,3100,2903.5319957666684,1031.5803199999891,3955.050796000023,131.76666666666668
1789904635,100,POST,POST /api/bookings [auth],12.000000,0.000000,310,350,370,390,520,580,600,600,710,710,710,1562,0,300,319.06282033610756,122.2444910000604,2122.1652660000245,265.2880921895006
1789904635,100,,Aggregated,160.900000,0.000000,240,270,300,320,390,440,530,590,790,830,830,20704,0,240,276.951428069312,14.60263500007386,4027.322984999955,6214.368527820711
1789904636,100,GET,/api/events [warmup],0.000000,0.000000,0,0,0,0,0,0,0,0,0,0,0,100,0,750,919.3783923100023,161.67094200000065,2319.9825649999184,43009.1
1789904636,100,DELETE,DELETE /api/bookings/{id} [auth],4.300000,0.000000,310,330,360,390,430,500,560,560,560,560,560,529,0,320,335.9517473081295,142.95747799997116,1400.2631590000192,290.2703213610586
1789904636,100,GET,GET /api/bookings/me [auth],16.300000,0.000000,250,290,310,330,420,490,560,620,630,630,630,2110,0,250,271.610629695261,74.4635590000371,2131.379423999988,4473.036492890995
1789904636,100,GET,GET /api/events,62.700000,0.000000,220,250,270,290,340,390,420,480,790,790,790,8249,0,230,257.54612922632924,14.60263500007386,2176.4711910000187,8636.815129106559
1789904636,100,GET,GET /api/events/{id},25.700000,0.000000,230,250,270,290,350,430,530,540,830,830,830,3321,0,230,265.31726368533793,22.819426000069143,2457.589189000032,428.1857874134297
1789904636,100,GET,GET /api/events?city,40.400000,0.000000,220,240,260,280,330,380,420,450,650,650,650,4933,0,230,254.9893853950945,20.26550900006896,2086.489680999989,8665.05939590513
1789904636,100,POST,POST /api/auth/login,0.000000,0.000000,0,0,0,0,0,0,0,0,0,0,0,30,0,2700,2581.041040066664,1665.7984360000455,4027.322984999955,414.3
1789904636,100,POST,POST /api/auth/register,0.000000,0.000000,0,0,0,0,0,0,0,0,0,0,0,30,0,3100,2903.5319957666684,1031.5803199999891,3955.050796000023,131.76666666666668
1789904636,100,POST,POST /api/bookings [auth],12.200000,0.000000,290,320,350,370,440,570,600,600,710,710,710,1574,0,300,318.56976026937724,122.2444910000604,2122.1652660000245,265.29288437102923
1789904636,100,,Aggregated,161.600000,0.000000,230,260,290,310,360,420,500,560,790,830,830,20876,0,240,276.4993306569284,14.60263500007386,4027.322984999955,6214.713259245066
1789904637,100,GET,/api/events [warmup],0.000000,0.000000,0,0,0,0,0,0,0,0,0,0,0,100,0,750,919.3783923100023,161.67094200000065,2319.9825649999184,43009.1
1789904637,100,DELETE,DELETE /api/bookings/{id} [auth],4.500000,0.000000,310,340,390,400,450,500,530,560,560,560,560,537,0,320,335.8255094078224,142.95747799997116,1400.2631590000192,290.2849162011173
1789904637,100,GET,GET /api/bookings/me [auth],16.700000,0.000000,260,300,320,330,410,490,560,620,630,630,630,2125,0,250,271.698675166118,74.4635590000371,2131.379423999988,4480.681411764705
1789904637,100,GET,GET /api/events,62.300000,0.000000,230,250,270,300,350,400,440,490,790,790,790,8311,0,230,257.5543528155442,14.60263500007386,2176.4711910000187,8636.812898568163
1789904637,100,GET,GET /api/events/{id},26.100000,0.000000,230,260,280,300,350,460,530,590,830,830,830,3344,0,230,265.31599860676056,22.819426000069143,2457.589189000032,428.1833133971292
1789904637,100,GET,GET /api/events?city,40.500000,0.000000,220,250,270,290,340,380,420,450,650,650,650,4976,0,230,254.89294986836848,20.26550900006896,2086.489680999989,8664.99256430868
1789904637,100,POST,POST /api/auth/login,0.000000,0.000000,0,0,0,0,0,0,0,0,0,0,0,30,0,2700,2581.041040066664,1665.7984360000455,4027.322984999955,414.3
1789904637,100,POST,POST /api/auth/register,0.000000,0.000000,0,0,0,0,0,0,0,0,0,0,0,30,0,3100,2903.5319957666684,1031.5803199999891,3955.050796000023,131.76666666666668
1789904637,100,POST,POST /api/bookings [auth],11.900000,0.000000,290,330,360,370,450,570,600,600,710,710,710,1582,0,300,318.5140609658659,122.2444910000604,2122.1652660000245,265.29393173198486
1789904637,100,,Aggregated,162.000000,0.000000,230,270,290,310,370,420,510,570,790,830,830,21035,0,240,276.4041122971255,14.60263500007386,4027.322984999955,6215.532113144759
1789904638,100,GET,/api/events [warmup],0.000000,0.000000,0,0,0,0,0,0,0,0,0,0,0,100,0,750,919.3783923100023,161.67094200000065,2319.9825649999184,43009.1
1789904638,100,DELETE,DELETE /api/bookings/{id} [auth],4.800000,0.000000,320,360,390,400,450,500,530,560,560,560,560,544,0,320,336.1181269485308,142.95747799997116,1400.2631590000192,290.28860294117646
1789904638,100,GET,GET /api/bookings/me [auth],16.800000,0.000000,270,300,330,350,420,490,620,630,630,630,630,2135,0,250,271.94283252693253,74.4635590000371,2131.379423999988,4485.795784543326
1789904638,100,GET,GET /api/events,62.600000,0.000000,230,260,290,300,360,400,440,540,790,790,790,8377,0,230,257.77855775504213,14.60263500007386,2176.4711910000187,8636.81174644861
1789904638,100,GET,GET /api/events/{id},27.800000,0.000000,240,270,300,320,400,470,540,590,830,830,830,3361,0,230,265.44226708717866,22.819426000069143,2457.589189000032,428.1752454626599
1789904638,100,GET,GET /api/events?city,41.000000,0.000000,230,260,290,310,350,400,440,500,650,650,650,5015,0,230,255.3017507519442,20.26550900006896,2086.489680999989,8664.906480558326
1789904638,100,POST,POST /api/auth/login,0.000000,0.000000,0,0,0,0,0,0,0,0,0,0,0,30,0,2700,2581.041040066664,1665.7984360000455,4027.322984999955,414.3
1789904638,100,POST,POST /api/auth/register,0.000000,0.000000,0,0,0,0,0,0,0,0,0,0,0,30,0,3100,2903.5319957666684,1031.5803199999891,3955.050796000023,131.76666666666668
1789904638,100,POST,POST /api/bookings [auth],12.100000,0.000000,310,360,370,410,500,570,600,600,710,710,710,1597,0,300,319.1909120482153,122.2444910000604,2122.1652660000245,265.29993738259236
1789904638,100,,Aggregated,165.100000,0.000000,240,280,310,320,380,430,530,590,790,830,830,21189,0,240,276.6326793792552,14.60263500007386,4027.322984999955,6216.44447590731
1789904639,100,GET,/api/events [warmup],0.000000,0.000000,0,0,0,0,0,0,0,0,0,0,0,100,0,750,919.3783923100023,161.67094200000065,2319.9825649999184,43009.1
1789904639,100,DELETE,DELETE /api/bookings/{id} [auth],5.100000,0.000000,320,360,400,400,450,500,530,560,560,560,560,548,0,320,336.02567337043956,142.95747799997116,1400.2631590000192,290.29014598540147
1789904639,100,GET,GET /api/bookings/me [auth],17.100000,0.000000,270,300,320,330,420,490,620,630,630,630,630,2148,0,250,271.83689339338974,74.4635590000371,2131.379423999988,4492.377094972067
1789904639,100,GET,GET /api/events,61.900000,0.000000,230,270,290,300,350,400,440,540,790,790,790,8442,0,230,257.5703563206574,14.60263500007386,2176.4711910000187,8636.814498933902
1789904639,100,GET,GET /api/events/{id},27.600000,0.000000,240,270,290,320,380,460,530,590,830,830,830,3389,0,230,265.29122795249566,22.819426000069143,2457.589189000032,428.1785187370906
1789904639,100,GET,GET /api/events?city,40.700000,0.000000,230,260,300,310,350,400,440,500,650,650,650,5053,0,230,255.28811465386903,20.26550900006896,2086.489680999989,8664.784088660203
1789904639,100,POST,POST /api/auth/login,0.000000,0.000000,0,0,0,0,0,0,0,0,0,0,0,30,0,2700,2581.041040066664,1665.7984360000455,4027.322984999955,414.3
1789904639,100,POST,POST /api/auth/register,0.000000,0.000000,0,0,0,0,0,0,0,0,0,0,0,30,0,3100,2903.5319957666684,1031.5803199999891,3955.050796000023,131.76666666666668
1789904639,100,POST,POST /api/bookings [auth],11.700000,0.000000,310,350,370,390,480,560,600,600,710,710,710,1615,0,300,319.1344539764708,122.2444910000604,2122.1652660000245,265.3077399380805
1789904639,100,,Aggregated,164.100000,0.000000,240,280,310,320,370,420,530,590,790,830,830,21355,0,240,276.440021186141,14.60263500007386,4027.322984999955,6214.0345586513695
1789904640,100,GET,/api/events [warmup],0.000000,0.000000,0,0,0,0,0,0,0,0,0,0,0,100,0,750,919.3783923100023,161.67094200000065,2319.9825649999184,43009.1
1789904640,100,DELETE,DELETE /api/bookings/{id} [auth],5.600000,0.000000,320,370,400,410,480,500,560,560,560,560,560,550,0,320,335.5793776090924,142.95747799997116,1400.2631590000192,290.2927272727273
1789904640,100,GET,GET /api/bookings/me [auth],16.200000,0.000000,270,300,330,350,420,490,570,620,630,630,630,2162,0,250,271.59921665633726,74.4635590000371,2131.379423999988,4499.071692876966
1789904640,100,GET,GET /api/events,62.500000,0.000000,230,270,290,310,350,400,440,570,790,790,790,8505,0,230,257.24799316237386,14.60263500007386,2176.4711910000187,8636.811405055849
1789904640,100,GET,GET /api/events/{id},27.400000,0.000000,240,280,300,320,390,470,540,590,830,830,830,3415,0,230,265.0023700360197,22.819426000069143,2457.589189000032,428.18038067349926
1789904640,100,GET,GET /api/events?city,39.800000,0.000000,240,270,300,310,350,400,450,500,650,650,650,5088,0,230,254.98603814445778,20.26550900006896,2086.489680999989,8664.85161163522
1789904640,100,POST,POST /api/auth/login,0.000000,0.000000,0,0,0,0,0,0,0,0,0,0,0,30,0,2700,2581.041040066664,1665.7984360000455,4027.322984999955,414.3
1789904640,100,POST,POST /api/auth/register,0.000000,0.000000,0,0,0,0,0,0,0,0,0,0,0,30,0,3100,2903.5319957666684,1031.5803199999891,3955.050796000023,131.76666666666668
1789904640,100,POST,POST /api/bookings [auth],11.400000,0.000000,310,350,370,390,480,560,600,600,710,710,710,1626,0,300,318.7495389157443,122.2444910000604,2122.1652660000245,265.3154981549815
1789904640,100,,Aggregated,162.900000,0.000000,250,280,310,330,380,430,540,590,790,830,830,21506,0,240,276.05199396805716,14.60263500007386,4027.322984999955,6214.099832604855
1789904641,100,GET,/api/events [warmup],0.000000,0.000000,0,0,0,0,0,0,0,0,0,0,0,100,0,750,919.3783923100023,161.67094200000065,2319.9825649999184,43009.1
1789904641,100,DELETE,DELETE /api/bookings/{id} [auth],5.700000,0.000000,320,360,390,400,480,490,560,560,560,560,560,557,0,320,335.5026041041304,142.95747799997116,1400.2631590000192,290.29622980251344
1789904641,100,GET,GET /api/bookings/me [auth],15.400000,0.000000,260,290,320,330,380,450,560,570,630,630,630,2177,0,250,271.49331495682185,74.4635590000371,2131.379423999988,4506.4271933853925
1789904641,100,GET,GET /api/events,63.200000,0.000000,230,270,290,300,350,400,440,540,790,790,790,8582,0,230,257.0283858807961,14.60263500007386,2176.4711910000187,8636.82206944768
1789904641,100,GET,GET /api/events/{id},26.700000,0.000000,230,270,290,310,380,460,540,590,830,830,830,3448,0,230,264.50761341444536,22.819426000069143,2457.589189000032,428.1876450116009
1789904641,100,GET,GET /api/events?city,38.800000,0.000000,240,270,300,310,350,410,450,540,650,650,650,5121,0,230,254.89540232044564,20.26550900006896,2086.489680999989,8665.014645577035
1789904641,100,POST,POST /api/auth/login,0.000000,0.000000,0,0,0,0,0,0,0,0,0,0,0,30,0,2700,2581.041040066664,1665.7984360000455,4027.322984999955,414.3
1789904641,100,POST,POST /api/auth/register,0.000000,0.000000,0,0,0,0,0,0,0,0,0,0,0,30,0,3100,2903.5319957666684,1031.5803199999891,3955.050796000023,131.76666666666668
1789904641,100,POST,POST /api/bookings [auth],11.400000,0.000000,320,350,370,390,500,570,600,600,890,890,890,1642,0,300,319.22996089951306,122.2444910000604,2122.1652660000245,265.326431181486
1789904641,100,,Aggregated,161.200000,0.000000,240,280,300,320,380,430,530,590,830,890,890,21687,0,240,275.8208021955568,14.60263500007386,4027.322984999955,6210.92281090054
1789904642,100,GET,/api/events [warmup],0.000000,0.000000,0,0,0,0,0,0,0,0,0,0,0,100,0,750,919.3783923100023,161.67094200000065,2319.9825649999184,43009.1
1789904642,100,DELETE,DELETE /api/bookings/{id} [auth],5.300000,0.000000,340,370,400,430,490,540,620,620,620,620,620,565,0,320,336.4587990106202,142.95747799997116,1400.2631590000192,290.3132743362832
1789904642,100,GET,GET /api/bookings/me [auth],15.800000,0.000000,270,290,320,350,420,470,570,570,630,630,630,2195,0,250,271.8411309097954,74.4635590000371,2131.379423999988,4515.248291571754
1789904642,100,GET,GET /api/events,63.800000,0.000000,240,270,290,310,360,400,460,540,790,790,790,8647,0,230,257.09831193662455,14.60263500007386,2176.4711910000187,8636.8355499017
1789904642,100,GET,GET /api/events/{id},27.100000,0.000000,240,270,290,320,380,460,540,590,830,830,830,3473,0,230,264.3717200345544,22.819426000069143,2457.589189000032,428.18859775410306
1789904642,100,GET,GET /api/events?city,39.200000,0.000000,240,270,300,320,370,410,460,540,650,650,650,5155,0,230,254.83640464015548,20.26550900006896,2086.489680999989,8664.89000969932
1789904642,100,POST,POST /api/auth/login,0.000000,0.000000,0,0,0,0,0,0,0,0,0,0,0,30,0,2700,2581.041040066664,1665.7984360000455,4027.322984999955,414.3
1789904642,100,POST,POST /api/auth/register,0.000000,0.000000,0,0,0,0,0,0,0,0,0,0,0,30,0,3100,2903.5319957666684,1031.5803199999891,3955.050796000023,131.76666666666668
1789904642,100,POST,POST /api/bookings [auth],12.200000,0.000000,320,350,380,400,500,570,600,600,890,890,890,1651,0,300,319.2044786620233,122.2444910000604,2122.1652660000245,265.3313143549364
1789904642,100,,Aggregated,163.400000,0.000000,250,280,310,330,390,440,540,590,830,890,890,21846,0,240,275.8054509420968,14.60263500007386,4027.322984999955,6210.183786505539
1789904643,100,GET,/api/events [warmup],0.000000,0.000000,0,0,0,0,0,0,0,0,0,0,0,100,0,750,919.3783923100023,161.67094200000065,2319.9825649999184,43009.1
1789904643,100,DELETE,DELETE /api/bookings/{id} [auth],5.400000,0.000000,320,360,370,400,480,490,620,620,620,620,620,566,0,320,336.2060401590112,142.95747799997116,1400.2631590000192,290.3144876325088
1789904643,100,GET,GET /api/bookings/me [auth],14.700000,0.000000,260,290,300,320,370,430,470,570,630,630,630,2215,0,250,271.61657639232556,74.4635590000371,2131.379423999988,4524.883972911964
1789904643,100,GET,GET /api/events,64.300000,0.000000,220,260,280,300,340,380,440,490,590,590,590,8711,0,230,256.76750851509496,14.60263500007386,2176.4711910000187,8636.844334749168
1789904643,100,GET,GET /api/events/{id},26.800000,0.000000,220,260,280,290,340,380,450,510,590,590,590,3508,0,230,263.84414296893027,22.819426000069143,2457.589189000032,428.1830102622577
1789904643,100,GET,GET /api/events?city,37.600000,0.000000,230,260,280,300,350,400,460,510,630,630,630,5190,0,230,254.65793138208113,20.26550900006896,2086.489680999989,8664.999421965318
1789904643,100,POST,POST /api/auth/login,0.000000,0.000000,0,0,0,0,0,0,0,0,0,0,0,30,0,2700,2581.041040066664,1665.7984360000455,4027.322984999955,414.3
1789904643,100,POST,POST /api/auth/register,0.000000,0.000000,0,0,0,0,0,0,0,0,0,0,0,30,0,3100,2903.5319957666684,1031.5803199999891,3955.050796000023,131.76666666666668
1789904643,100,POST,POST /api/bookings [auth],12.600000,0.000000,300,340,370,380,430,490,540,570,890,890,890,1663,0,300,319.09522510583315,122.2444910000604,2122.1652660000245,265.3331328923632
1789904643,100,,Aggregated,161.400000,0.000000,240,270,300,310,360,410,480,540,630,890,890,22013,0,240,275.42794753913796,14.60263500007386,4027.322984999955,6207.8971971107985
1789904644,100,GET,/api/events [warmup],0.000000,0.000000,0,0,0,0,0,0,0,0,0,0,0,100,0,750,919.3783923100023,161.67094200000065,2319.9825649999184,43009.1
1789904644,100,DELETE,DELETE /api/bookings/{id} [auth],5.300000,0.000000,320,360,390,400,480,490,620,620,620,620,620,568,0,320,335.83686792077515,142.95747799997116,1400.2631590000192,290.3151408450704
1789904644,100,GET,GET /api/bookings/me [auth],14.600000,0.000000,270,290,310,340,380,440,530,570,630,630,630,2231,0,250,271.7900767911255,74.4635590000371,2131.379423999988,4532.460331689826
1789904644,100,GET,GET /api/events,64.200000,0.000000,230,260,290,300,350,390,440,490,590,590,590,8785,0,230,256.62254828400563,14.60263500007386,2176.4711910000187,8636.84985771201
1789904644,100,GET,GET /api/events/{id},25.600000,0.000000,230,260,280,290,340,380,450,510,590,590,590,3533,0,230,263.5755081055782,22.819426000069143,2457.589189000032,428.1783187093122
1789904644,100,GET,GET /api/events?city,37.300000,0.000000,240,270,290,300,350,400,460,510,630,630,630,5220,0,230,254.54927435517274,20.26550900006896,2086.489680999989,8664.994061302683
1789904644,100,POST,POST /api/auth/login,0.000000,0.000000,0,0,0,0,0,0,0,0,0,0,0,30,0,2700,2581.041040066664,1665.7984360000455,4027.322984999955,414.3
1789904644,100,POST,POST /api/auth/register,0.000000,0.000000,0,0,0,0,0,0,0,0,0,0,0,30,0,3100,2903.5319957666684,1031.5803199999891,3955.050796000023,131.76666666666668
1789904644,100,POST,POST /api/bookings [auth],12.600000,0.000000,310,340,370,380,430,490,540,570,890,890,890,1679,0,300,318.869304735557,122.2444910000604,2122.1652660000245,265.34187016081
1789904644,100,,Aggregated,159.600000,0.000000,240,280,300,320,360,410,490,540,630,890,890,22176,0,240,275.22385300338385,14.60263500007386,4027.322984999955,6207.538239538239
1789904645,100,GET,/api/events [warmup],0.000000,0.000000,0,0,0,0,0,0,0,0,0,0,0,100,0,750,919.3783923100023,161.67094200000065,2319.9825649999184,43009.1
1789904645,100,DELETE,DELETE /api/bookings/{id} [auth],5.000000,0.000000,320,360,370,400,480,490,620,620,620,620,620,573,0,320,335.66928805584706,142.95747799997116,1400.2631590000192,290.32111692844677
1789904645,100,GET,GET /api/bookings/me [auth],15.800000,0.000000,270,300,320,340,410,450,530,570,630,630,630,2251,0,250,271.8126862794317,74.4635590000371,2131.379423999988,4541.598844957796
1789904645,100,GET,GET /api/events,66.500000,0.000000,240,270,290,300,350,390,440,490,590,590,590,8854,0,230,256.5307720046299,14.60263500007386,2176.4711910000187,8636.856110232664
1789904645,100,GET,GET /api/events/{id},26.500000,0.000000,230,270,290,320,370,400,500,510,590,590,590,3557,0,230,263.78518084818876,22.819426000069143,2457.589189000032,428.1709305594602
1789904645,100,GET,GET /api/events?city,36.000000,0.000000,240,270,290,300,350,410,460,510,630,630,630,5256,0,230,254.55321980840975,20.26550900006896,2086.489680999989,8665.140220700152
1789904645,100,POST,POST /api/auth/login,0.000000,0.000000,0,0,0,0,0,0,0,0,0,0,0,30,0,2700,2581.041040066664,1665.7984360000455,4027.322984999955,414.3
1789904645,100,POST,POST /api/auth/register,0.000000,0.000000,0,0,0,0,0,0,0,0,0,0,0,30,0,3100,2903.5319957666684,1031.5803199999891,3955.050796000023,131.76666666666668
1789904645,100,POST,POST /api/bookings [auth],12.300000,0.000000,310,350,370,380,450,490,540,570,890,890,890,1687,0,300,318.73242255246004,122.2444910000604,2122.1652660000245,265.3455838767042
1789904645,100,,Aggregated,162.100000,0.000000,250,280,300,320,370,420,490,540,630,890,890,22338,0,240,275.13226577769,14.60263500007386,4027.322984999955,6208.797922822097
1789904646,100,GET,/api/events [warmup],0.000000,0.000000,0,0,0,0,0,0,0,0,0,0,0,100,0,750,919.3783923100023,161.67094200000065,2319.9825649999184,43009.1
1789904646,100,DELETE,DELETE /api/bookings/{id} [auth],4.500000,0.000000,320,350,370,390,430,490,620,620,620,620,620,576,0,320,335.4193826232647,142.95747799997116,1400.2631590000192,290.3229166666667
1789904646,100,GET,GET /api/bookings/me [auth],16.600000,0.000000,260,290,320,340,400,450,530,570,630,630,630,2266,0,250,271.69575774933827,74.4635590000371,2131.379423999988,4548.455869373345
1789904646,100,GET,GET /api/events,66.200000,0.000000,230,270,290,300,340,380,440,490,590,590,590,8906,0,230,256.3856950677064,14.60263500007386,2176.4711910000187,8636.844599146643
1789904646,100,GET,GET /api/events/{id},27.400000,0.000000,230,270,290,320,370,400,490,500,540,540,540,3582,0,230,263.6469674450049,22.819426000069143,2457.589189000032,428.1722501395868
1789904646,100,GET,GET /api/events?city,36.300000,0.000000,240,270,290,300,350,410,460,510,630,630,630,5294,0,230,254.47925822270525,20.26550900006896,2086.489680999989,8665.192482055158
1789904646,100,POST,POST /api/auth/login,0.000000,0.000000,0,0,0,0,0,0,0,0,0,0,0,30,0,2700,2581.041040066664,1665.7984360000455,4027.322984999955,414.3
1789904646,100,POST,POST /api/auth/register,0.000000,0.000000,0,0,0,0,0,0,0,0,0,0,0,30,0,3100,2903.5319957666684,1031.5803199999891,3955.050796000023,131.76666666666668
1789904646,100,POST,POST /api/bookings [auth],12.800000,0.000000,320,350,370,390,460,500,570,570,890,890,890,1699,0,300,318.83372769217186,122.2444910000604,2122.1652660000245,265.34844025897587
1789904646,100,,Aggregated,163.800000,0.000000,240,280,300,320,370,420,490,540,630,890,890,22483,0,240,274.9635420450134,14.60263500007386,4027.322984999955,6207.76257616866
1789904647,100,GET,/api/events [warmup],0.000000,0.000000,0,0,0,0,0,0,0,0,0,0,0,100,0,750,919.3783923100023,161.67094200000065,2319.9825649999184,43009.1
1789904647,100,DELETE,DELETE /api/bookings/{id} [auth],4.700000,0.000000,310,350,360,390,440,540,620,620,620,620,620,579,0,320,335.3117672141631,142.95747799997116,1400.2631590000192,290.3264248704663
1789904647,100,GET,GET /api/bookings/me [auth],15.900000,0.000000,260,290,320,340,380,450,510,570,630,630,630,2287,0,250,271.51906228115445,74.4635590000371,2131.379423999988,4557.806733712287
1789904647,100,GET,GET /api/events,67.200000,0.000000,230,260,280,300,330,370,430,490,590,590,590,8981,0,230,256.2220669757258,14.60263500007386,2176.4711910000187,8636.851130163679
1789904647,100,GET,GET /api/events/{id},26.200000,0.000000,220,270,290,320,360,410,470,500,540,540,540,3613,0,230,263.55370819097925,22.819426000069143,2457.589189000032,428.17187932466095
1789904647,100,GET,GET /api/events?city,35.700000,0.000000,230,260,280,300,350,400,460,490,630,630,630,5331,0,230,254.21361039298475,20.26550900006896,2086.489680999989,8665.227912211592
1789904647,100,POST,POST /api/auth/login,0.000000,0.000000,0,0,0,0,0,0,0,0,0,0,0,30,0,2700,2581.041040066664,1665.7984360000455,4027.322984999955,414.3
1789904647,100,POST,POST /api/auth/register,0.000000,0.000000,0,0,0,0,0,0,0,0,0,0,0,30,0,3100,2903.5319957666684,1031.5803199999891,3955.050796000023,131.76666666666668
1789904647,100,POST,POST /api/bookings [auth],12.700000,0.000000,310,350,370,380,450,500,570,570,890,890,890,1713,0,300,318.95675606771766,122.2444910000604,2122.1652660000245,265.3578517221249
1789904647,100,,Aggregated,162.400000,0.000000,240,270,300,320,360,420,490,530,630,890,890,22664,0,240,274.73174418955335,14.60263500007386,4027.322984999955,6206.871161313095
1789904648,100,GET,/api/events [warmup],0.000000,0.000000,0,0,0,0,0,0,0,0,0,0,0,100,0,750,919.3783923100023,161.67094200000065,2319.9825649999184,43009.1
1789904648,100,DELETE,DELETE /api/bookings/{id} [auth],4.800000,0.000000,300,320,360,390,440,540,620,620,620,620,620,582,0,320,334.93271478178775,142.95747799997116,1400.2631590000192,290.32817869415805
1789904648,100,GET,GET /api/bookings/me [auth],16.000000,0.000000,250,280,300,320,370,430,500,530,570,570,570,2313,0,250,270.7672272753999,74.4635590000371,2131.379423999988,4569.07868568958
1789904648,100,GET,GET /api/events,67.400000,0.000000,220,250,280,290,330,360,430,490,590,590,590,9049,0,230,255.78942887037167,14.60263500007386,2176.4711910000187,8636.855564150736
1789904648,100,GET,GET /api/events/{id},25.900000,0.000000,210,260,280,300,350,400,470,500,540,540,540,3653,0,230,262.9648620615957,22.819426000069143,2457.589189000032,428.1798521762935
1789904648,100,GET,GET /api/events?city,35.700000,0.000000,220,250,270,290,340,380,420,480,630,630,630,5369,0,230,253.87892065226325,20.26550900006896,2086.489680999989,8665.037437139132
1789904648,100,POST,POST /api/auth/login,0.000000,0.000000,0,0,0,0,0,0,0,0,0,0,0,30,0,2700,2581.041040066664,1665.7984360000455,4027.322984999955,414.3
1789904648,100,POST,POST /api/auth/register,0.000000,0.000000,0,0,0,0,0,0,0,0,0,0,0,30,0,3100,2903.5319957666684,1031.5803199999891,3955.050796000023,131.76666666666668
1789904648,100,POST,POST /api/bookings [auth],12.400000,0.000000,310,350,370,380,430,500,570,570,890,890,890,1723,0,300,318.7219177608824,122.2444910000604,2122.1652660000245,265.3586767266396
1789904648,100,,Aggregated,162.200000,0.000000,230,270,290,310,350,400,470,510,630,890,890,22849,0,240,274.199021368114,14.60263500007386,4027.322984999955,6203.920871810583
1789904649,100,GET,/api/events [warmup],0.000000,0.000000,0,0,0,0,0,0,0,0,0,0,0,100,0,750,919.3783923100023,161.67094200000065,2319.9825649999184,43009.1
1789904649,100,DELETE,DELETE /api/bookings/{id} [auth],4.400000,0.000000,310,350,360,370,490,540,620,620,620,620,620,587,0,320,335.21738588586135,142.95747799997116,1400.2631590000192,290.3390119250426
1789904649,100,GET,GET /api/bookings/me [auth],15.500000,0.000000,240,280,300,320,380,440,500,530,570,570,570,2327,0,250,270.75435698796736,74.4635590000371,2131.379423999988,4575.0442629995705
1789904649,100,GET,GET /api/events,66.200000,0.000000,220,250,270,290,320,360,430,490,540,540,540,9108,0,230,255.48363815458853,14.60263500007386,2176.4711910000187,8636.85101010101
1789904649,100,GET,GET /api/events/{id},27.200000,0.000000,220,250,270,290,350,390,460,490,500,500,500,3680,0,230,262.67248168831753,22.819426000069143,2457.589189000032,428.1788043478261
1789904649,100,GET,GET /api/events?city,35.500000,0.000000,220,250,270,280,330,370,420,480,630,630,630,5417,0,230,253.51264529813568,20.26550900006896,2086.489680999989,8665.060734724017
1789904649,100,POST,POST /api/auth/login,0.000000,0.000000,0,0,0,0,0,0,0,0,0,0,0,30,0,2700,2581.041040066664,1665.7984360000455,4027.322984999955,414.3
1789904649,100,POST,POST /api/auth/register,0.000000,0.000000,0,0,0,0,0,0,0,0,0,0,0,30,0,3100,2903.5319957666684,1031.5803199999891,3955.050796000023,131.76666666666668
1789904649,100,POST,POST /api/bookings [auth],12.900000,0.000000,310,340,370,380,460,500,570,570,890,890,890,1735,0,300,318.6204999002883,122.2444910000604,2122.1652660000245,265.36138328530257
1789904649,100,,Aggregated,161.700000,0.000000,230,260,290,300,350,400,480,510,630,890,890,23014,0,240,273.8749152847846,14.60263500007386,4027.322984999955,6203.746502129139
1789904650,100,GET,/api/events [warmup],0.000000,0.000000,0,0,0,0,0,0,0,0,0,0,0,100,0,750,919.3783923100023,161.67094200000065,2319.9825649999184,43009.1
1789904650,100,DELETE,DELETE /api/bookings/{id} [auth],3.900000,0.000000,300,320,360,360,440,540,620,620,620,620,620,592,0,320,334.5328443040553,142.95747799997116,1400.2631590000192,290.33952702702703
1789904650,100,GET,GET /api/bookings/me [auth],17.500000,0.000000,240,270,290,310,370,430,470,530,570,570,570,2345,0,250,270.37664716375286,74.4635590000371,2131.379423999988,4582.902345415779
1789904650,100,GET,GET /api/events,65.900000,0.000000,220,250,270,280,320,360,430,460,540,540,540,9168,0,230,255.3172553723814,14.60263500007386,2176.4711910000187,8636.834533158813
1789904650,100,GET,GET /api/events/{id},28.400000,0.000000,220,250,270,290,350,390,460,490,500,500,500,3704,0,230,262.50594482235647,22.819426000069143,2457.589189000032,428.1870950323974
1789904650,100,GET,GET /api/events?city,35.300000,0.000000,210,250,260,280,320,360,420,450,510,510,510,5455,0,230,253.17575038588473,20.26550900006896,2086.489680999989,8664.97231897342
1789904650,100,POST,POST /api/auth/login,0.000000,0.000000,0,0,0,0,0,0,0,0,0,0,0,30,0,2700,2581.041040066664,1665.7984360000455,4027.322984999955,414.3
1789904650,100,POST,POST /api/auth/register,0.000000,0.000000,0,0,0,0,0,0,0,0,0,0,0,30,0,3100,2903.5319957666684,1031.5803199999891,3955.050796000023,131.76666666666668
1789904650,100,POST,POST /api/bookings [auth],12.600000,0.000000,290,330,350,370,400,470,550,570,890,890,890,1748,0,300,318.1730267534326,122.2444910000604,2122.1652660000245,265.36727688787187
1789904650,100,,Aggregated,163.600000,0.000000,230,260,280,300,350,390,460,500,620,890,890,23172,0,240,273.5569867827132,14.60263500007386,4027.322984999955,6202.997971689971
1789904651,100,GET,/api/events [warmup],0.000000,0.000000,0,0,0,0,0,0,0,0,0,0,0,100,0,750,919.3783923100023,161.67094200000065,2319.9825649999184,43009.1
1789904651,100,DELETE,DELETE /api/bookings/{id} [auth],3.800000,0.000000,290,310,320,340,420,540,620,620,620,620,620,599,0,320,333.78461823372373,142.95747799997116,1400.2631590000192,290.35225375626044
1789904651,100,GET,GET /api/bookings/me [auth],18.200000,0.000000,240,270,290,310,370,420,470,530,570,570,570,2360,0,250,270.14469939025435,74.4635590000371,2131.379423999988,4589.065254237288
1789904651,100,GET,GET /api/events,66.600000,0.000000,210,240,260,280,320,350,410,460,540,540,540,9242,0,230,254.95162465656696,14.60263500007386,2176.4711910000187,8636.841592728846
1789904651,100,GET,GET /api/events/{id},28.900000,0.000000,220,250,270,280,330,390,450,490,500,500,500,3737,0,230,262.11804409954726,22.819426000069143,2457.589189000032,428.16885202033717
1789904651,100,GET,GET /api/events?city,36.300000,0.000000,220,250,270,280,310,350,420,450,510,510,510,5495,0,230,253.01905065059177,20.26550900006896,2086.489680999989,8665.046041856232
1789904651,100,POST,POST /api/auth/login,0.000000,0.000000,0,0,0,0,0,0,0,0,0,0,0,30,0,2700,2581.041040066664,1665.7984360000455,4027.322984999955,414.3
1789904651,100,POST,POST /api/auth/register,0.000000,0.000000,0,0,0,0,0,0,0,0,0,0,0,30,0,3100,2903.5319957666684,1031.5803199999891,3955.050796000023,131.76666666666668
1789904651,100,POST,POST /api/bookings [auth],12.700000,0.000000,290,320,340,350,390,460,510,550,570,570,570,1761,0,300,317.71420522600795,122.2444910000604,2122.1652660000245,265.3719477569563
1789904651,100,,Aggregated,166.500000,0.000000,230,250,280,290,330,380,450,500,570,620,620,23354,0,240,273.1688769287074,14.60263500007386,4027.322984999955,6201.289372270275
1789904652,100,GET,/api/events [warmup],0.000000,0.000000,0,0,0,0,0,0,0,0,0,0,0,100,0,750,919.3783923100023,161.67094200000065,2319.9825649999184,43009.1
1789904652,100,DELETE,DELETE /api/bookings/{id} [auth],4.200000,0.000000,280,310,310,320,360,420,540,540,540,540,540,603,0,320,333.3114688689892,142.95747799997116,1400.2631590000192,290.3598673300166
1789904652,100,GET,GET /api/bookings/me [auth],17.700000,0.000000,240,260,280,300,360,410,450,500,530,530,530,2380,0,250,269.7637061117648,74.4635590000371,2131.379423999988,4597.253781512605
1789904652,100,GET,GET /api/events,65.200000,0.000000,210,240,260,270,310,340,380,430,540,540,540,9305,0,230,254.50329909779612,14.60263500007386,2176.4711910000187,8636.848253627082
1789904652,100,GET,GET /api/events/{id},28.900000,0.000000,220,250,270,280,330,390,450,490,500,500,500,3772,0,230,261.5338512916247,22.819426000069143,2457.589189000032,428.1585365853659
1789904652,100,GET,GET /api/events?city,36.100000,0.000000,210,250,260,270,300,340,420,420,490,490,490,5536,0,230,252.51660969418393,20.26550900006896,2086.489680999989,8665.116510115608
1789904652,100,POST,POST /api/auth/login,0.000000,0.000000,0,0,0,0,0,0,0,0,0,0,0,30,0,2700,2581.041040066664,1665.7984360000455,4027.322984999955,414.3
1789904652,100,POST,POST /api/auth/register,0.000000,0.000000,0,0,0,0,0,0,0,0,0,0,0,30,0,3100,2903.5319957666684,1031.5803199999891,3955.050796000023,131.76666666666668
1789904652,100,POST,POST /api/bookings [auth],11.900000,0.000000,280,310,330,350,390,460,510,550,570,570,570,1772,0,300,317.2349131585779,122.2444910000604,2122.1652660000245,265.37584650112865
1789904652,100,,Aggregated,164.000000,0.000000,220,250,270,280,330,370,430,490,550,570,570,23528,0,240,272.6211564578813,14.60263500007386,4027.322984999955,6199.212045222714
1789904653,100,GET,/api/events [warmup],0.000000,0.000000,0,0,0,0,0,0,0,0,0,0,0,100,0,750,919.3783923100023,161.67094200000065,2319.9825649999184,43009.1
1789904653,100,DELETE,DELETE /api/bookings/{id} [auth],4.000000,0.000000,280,300,310,310,360,370,540,540,540,540,540,607,0,320,332.78976598187904,142.95747799997116,1400.2631590000192,290.3591433278418
1789904653,100,GET,GET /api/bookings/me [auth],18.300000,0.000000,230,250,270,280,340,370,440,470,500,500,500,2395,0,250,269.4280932116911,74.4635590000371,2131.379423999988,4603.324008350731
1789904653,100,GET,GET /api/events,65.600000,0.000000,210,230,250,260,300,330,360,390,540,540,540,9370,0,230,254.0654158109918,14.60263500007386,2176.4711910000187,8636.843116328708
1789904653,100,GET,GET /api/events/{id},29.000000,0.000000,210,240,260,270,320,380,450,490,500,500,500,3800,0,230,261.1445717510549,22.819426000069143,2457.589189000032,428.14447368421054
1789904653,100,GET,GET /api/events?city,36.600000,0.000000,210,230,250,260,300,320,380,420,480,480,480,5578,0,220,252.04242966672678,20.26550900006896,2086.489680999989,8665.238257439943
1789904653,100,POST,POST /api/auth/login,0.000000,0.000000,0,0,0,0,0,0,0,0,0,0,0,30,0,2700,2581.041040066664,1665.7984360000455,4027.322984999955,414.3
1789904653,100,POST,POST /api/auth/register,0.000000,0.000000,0,0,0,0,0,0,0,0,0,0,0,30,0,3100,2903.5319957666684,1031.5803199999891,3955.050796000023,131.76666666666668
1789904653,100,POST,POST /api/bookings [auth],11.800000,0.000000,270,300,330,340,390,460,510,550,570,570,570,1787,0,300,316.9675597884724,122.2444910000604,2122.1652660000245,265.3799664241746
1789904653,100,,Aggregated,165.300000,0.000000,210,240,260,270,320,350,420,470,550,570,570,23697,0,240,272.1447745421375,14.60263500007386,4027.322984999955,6198.320589104106
1789904654,100,GET,/api/events [warmup],0.000000,0.000000,0,0,0,0,0,0,0,0,0,0,0,100,0,750,919.3783923100023,161.67094200000065,2319.9825649999184,43009.1
1789904654,100,DELETE,DELETE /api/bookings/{id} [auth],4.000000,0.000000,280,310,310,330,370,450,540,540,540,540,540,610,0,320,332.70734419180394,142.95747799997116,1400.2631590000192,290.3622950819672
1789904654,100,GET,GET /api/bookings/me [auth],18.900000,0.000000,230,250,270,280,340,370,450,500,510,510,510,2413,0,250,269.4118797741403,74.4635590000371,2131.379423999988,4610.53087443017
1789904654,100,GET,GET /api/events,66.100000,0.000000,210,230,250,260,300,330,360,430,540,540,540,9427,0,230,253.99745333223643,14.60263500007386,2176.4711910000187,8636.840246101623
1789904654,100,GET,GET /api/events/{id},29.100000,0.000000,220,240,260,280,320,360,450,490,500,500,500,3828,0,230,261.0627806068465,22.819426000069143,2457.589189000032,428.1496865203762
1789904654,100,GET,GET /api/events?city,37.400000,0.000000,210,230,250,270,300,330,370,420,480,480,480,5619,0,220,251.8964967360745,20.26550900006896,2086.489680999989,8665.18775582844
1789904654,100,POST,POST /api/auth/login,0.000000,0.000000,0,0,0,0,0,0,0,0,0,0,0,30,0,2700,2581.041040066664,1665.7984360000455,4027.322984999955,414.3
1789904654,100,POST,POST /api/auth/register,0.000000,0.000000,0,0,0,0,0,0,0,0,0,0,0,30,0,3100,2903.5319957666684,1031.5803199999891,3955.050796000023,131.76666666666668
1789904654,100,POST,POST /api/bookings [auth],11.900000,0.000000,280,320,340,350,390,470,510,550,570,570,570,1801,0,300,317.1816254491948,122.2444910000604,2122.1652660000245,265.3870072182121
1789904654,100,,Aggregated,167.400000,0.000000,220,250,270,280,320,360,420,480,550,570,570,23858,0,240,272.0240680475324,14.60263500007386,4027.322984999955,6196.903596277978
1789904655,100,GET,/api/events [warmup],0.000000,0.000000,0,0,0,0,0,0,0,0,0,0,0,100,0,750,919.3783923100023,161.67094200000065,2319.9825649999184,43009.1
1789904655,100,DELETE,DELETE /api/bookings/{id} [auth],4.100000,0.000000,280,310,330,360,440,490,540,540,540,540,540,615,0,320,333.03123272682984,142.95747799997116,1400.2631590000192,290.37235772357724
1789904655,100,GET,GET /api/bookings/me [auth],18.600000,0.000000,230,250,280,290,350,370,460,620,700,700,700,2423,0,250,270.0029176628148,74.4635590000371,2131.379423999988,4614.435823359472
1789904655,100,GET,GET /api/events,65.100000,0.000000,210,240,260,280,320,360,430,460,540,540,540,9483,0,230,254.41549148381242,14.60263500007386,2176.4711910000187,8636.842560371191
1789904655,100,GET,GET /api/events/{id},29.500000,0.000000,220,250,270,280,330,370,450,500,510,510,510,3853,0,230,261.42153262133627,22.819426000069143,2457.589189000032,428.15260835712434
1789904655,100,GET,GET /api/events?city,38.500000,0.000000,210,240,260,270,310,350,420,470,740,740,740,5650,0,230,252.37680638336326,20.26550900006896,2086.489680999989,8665.273097345133
1789904655,100,POST,POST /api/auth/login,0.000000,0.000000,0,0,0,0,0,0,0,0,0,0,0,30,0,2700,2581.041040066664,1665.7984360000455,4027.322984999955,414.3
1789904655,100,POST,POST /api/auth/register,0.000000,0.000000,0,0,0,0,0,0,0,0,0,0,0,30,0,3100,2903.5319957666684,1031.5803199999891,3955.050796000023,131.76666666666668
1789904655,100,POST,POST /api/bookings [auth],12.200000,0.000000,300,330,350,370,430,480,560,560,620,620,620,1816,0,300,318.1144553122246,122.2444910000604,2122.1652660000245,265.3953744493392
1789904655,100,,Aggregated,168.000000,0.000000,220,250,270,290,340,380,460,500,700,740,740,24000,0,240,272.45876607391784,14.60263500007386,4027.322984999955,6194.59375
1789904656,100,GET,/api/events [warmup],0.000000,0.000000,0,0,0,0,0,0,0,0,0,0,0,100,0,750,919.3783923100023,161.67094200000065,2319.9825649999184,43009.1
1789904656,100,DELETE,DELETE /api/bookings/{id} [auth],4.200000,0.000000,280,310,330,340,440,490,540,540,540,540,540,618,0,320,332.8616285161819,142.95747799997116,1400.2631590000192,290.37702265372167
1789904656,100,GET,GET /api/bookings/me [auth],17.900000,0.000000,230,250,270,280,350,390,480,620,700,700,700,2448,0,250,269.5988913929741,74.4635590000371,2131.379423999988,4624.233660130719
1789904656,100,GET,GET /api/events,64.300000,0.000000,210,240,260,270,310,350,430,460,500,500,500,9552,0,230,254.16083434118448,14.60263500007386,2176.4711910000187,8636.83343802345
1789904656,100,GET,GET /api/events/{id},29.600000,0.000000,220,240,260,270,320,370,430,500,510,510,510,3874,0,230,261.15574622406,22.819426000069143,2457.589189000032,428.1657201858544
1789904656,100,GET,GET /api/events?city,38.900000,0.000000,210,230,260,270,300,340,430,480,740,740,740,5701,0,230,252.26468632204933,20.26550900006896,2086.489680999989,8665.332397824943
1789904656,100,POST,POST /api/auth/login,0.000000,0.000000,0,0,0,0,0,0,0,0,0,0,0,30,0,2700,2581.041040066664,1665.7984360000455,4027.322984999955,414.3
1789904656,100,POST,POST /api/auth/register,0.000000,0.000000,0,0,0,0,0,0,0,0,0,0,0,30,0,3100,2903.5319957666684,1031.5803199999891,3955.050796000023,131.76666666666668
1789904656,100,POST,POST /api/bookings [auth],12.000000,0.000000,290,320,340,360,410,480,560,560,620,620,620,1826,0,300,317.95718611171975,122.2444910000604,2122.1652660000245,265.4003285870756
1789904656,100,,Aggregated,166.900000,0.000000,220,250,270,280,330,370,460,500,700,740,740,24179,0,240,272.15244848505006,14.60263500007386,4027.322984999955,6197.952644857108
1789904657,100,GET,/api/events [warmup],0.000000,0.000000,0,0,0,0,0,0,0,0,0,0,0,100,0,750,919.3783923100023,161.67094200000065,2319.9825649999184,43009.1
1789904657,100,DELETE,DELETE /api/bookings/{id} [auth],4.000000,0.000000,300,320,340,360,440,490,540,540,540,540,540,621,0,320,332.85565890821306,142.95747799997116,1400.2631590000192,290.378421900161
1789904657,100,GET,GET /api/bookings/me [auth],17.700000,0.000000,230,260,280,300,350,440,480,620,700,700,700,2471,0,250,269.56796740752765,74.4635590000371,2131.379423999988,4632.942128692837
1789904657,100,GET,GET /api/events,62.700000,0.000000,210,240,260,280,320,370,430,460,500,500,500,9614,0,230,254.0738542251917,14.60263500007386,2176.4711910000187,8636.828687330975
1789904657,100,GET,GET /api/events/{id},29.600000,0.000000,220,240,260,280,330,370,430,500,510,510,510,3894,0,230,260.8366708793036,22.819426000069143,2457.589189000032,428.165896250642
1789904657,100,GET,GET /api/events?city,39.100000,0.000000,210,240,260,280,320,370,440,540,740,740,740,5741,0,230,252.36178219160482,20.26550900006896,2086.489680999989,8665.148580386693
1789904657,100,POST,POST /api/auth/login,0.000000,0.000000,0,0,0,0,0,0,0,0,0,0,0,30,0,2700,2581.041040066664,1665.7984360000455,4027.322984999955,414.3
1789904657,100,POST,POST /api/auth/register,0.000000,0.000000,0,0,0,0,0,0,0,0,0,0,0,30,0,3100,2903.5319957666684,1031.5803199999891,3955.050796000023,131.76666666666668
1789904657,100,POST,POST /api/bookings [auth],11.800000,0.000000,290,320,340,360,410,480,560,560,620,620,620,1833,0,300,317.9077223786143,122.2444910000604,2122.1652660000245,265.4020731042008
1789904657,100,,Aggregated,164.900000,0.000000,220,250,280,290,340,380,460,500,700,740,740,24334,0,240,272.0135908424026,14.60263500007386,4027.322984999955,6200.397221993918
1789904658,100,GET,/api/events [warmup],0.000000,0.000000,0,0,0,0,0,0,0,0,0,0,0,100,0,750,919.3783923100023,161.67094200000065,2319.9825649999184,43009.1
1789904658,100,DELETE,DELETE /api/bookings/{id} [auth],4.000000,0.000000,290,310,330,340,370,440,490,490,490,490,490,626,0,320,332.5182136038344,142.95747799997116,1400.2631590000192,290.38338658146967
1789904658,100,GET,GET /api/bookings/me [auth],17.400000,0.000000,240,270,290,320,360,440,480,620,700,700,700,2493,0,250,269.5130784292019,74.4635590000371,2131.379423999988,4641.180906538308
1789904658,100,GET,GET /api/events,62.600000,0.000000,220,250,270,280,330,370,420,460,500,500,500,9691,0,230,253.82899425384318,14.60263500007386,2176.4711910000187,8636.806108760706
1789904658,100,GET,GET /api/events/{id},28.500000,0.000000,220,240,270,280,330,370,430,500,510,510,510,3919,0,230,260.47255166114013,22.819426000069143,2457.589189000032,428.16611380454196
1789904658,100,GET,GET /api/events?city,40.400000,0.000000,220,250,270,280,330,390,470,540,740,740,740,5782,0,230,252.28946794655897,20.26550900006896,2086.489680999989,8665.37478381183
1789904658,100,POST,POST /api/auth/login,0.000000,0.000000,0,0,0,0,0,0,0,0,0,0,0,30,0,2700,2581.041040066664,1665.7984360000455,4027.322984999955,414.3
1789904658,100,POST,POST /api/auth/register,0.000000,0.000000,0,0,0,0,0,0,0,0,0,0,0,30,0,3100,2903.5319957666684,1031.5803199999891,3955.050796000023,131.76666666666668
1789904658,100,POST,POST /api/bookings [auth],12.900000,0.000000,300,320,340,370,420,480,560,560,620,620,620,1842,0,300,317.78591593593916,122.2444910000604,2122.1652660000245,265.40662323561344
1789904658,100,,Aggregated,165.800000,0.000000,230,260,280,300,340,390,460,500,700,740,740,24513,0,240,271.7446094170857,14.60263500007386,4027.322984999955,6202.377636356219
1789904659,100,GET,/api/events [warmup],0.000000,0.000000,0,0,0,0,0,0,0,0,0,0,0,100,0,750,919.3783923100023,161.67094200000065,2319.9825649999184,43009.1
1789904659,100,DELETE,DELETE /api/bookings/{id} [auth],4.200000,0.000000,300,320,330,340,380,450,490,490,490,490,490,628,0,320,332.3791337850323,142.95747799997116,1400.2631590000192,290.38375796178343
1789904659,100,GET,GET /api/bookings/me [auth],18.100000,0.000000,240,270,280,310,350,420,480,620,700,700,700,2512,0,250,269.300228494825,74.4635590000371,2131.379423999988,4648.032643312102
1789904659,100,GET,GET /api/events,62.600000,0.000000,210,250,270,280,330,370,430,460,500,500,500,9752,0,230,253.70510343878144,14.60263500007386,2176.4711910000187,8636.793170631665
1789904659,100,GET,GET /api/events/{id},28.100000,0.000000,210,240,260,280,320,370,420,500,510,510,510,3949,0,230,260.09351538161764,22.819426000069143,2457.589189000032,428.15750822993164
1789904659,100,GET,GET /api/events?city,40.500000,0.000000,220,250,270,290,340,390,470,540,740,740,740,5825,0,230,252.10601550180314,20.26550900006896,2086.489680999989,8665.345579399142
1789904659,100,POST,POST /api/auth/login,0.000000,0.000000,0,0,0,0,0,0,0,0,0,0,0,30,0,2700,2581.041040066664,1665.7984360000455,4027.322984999955,414.3
1789904659,100,POST,POST /api/auth/register,0.000000,0.000000,0,0,0,0,0,0,0,0,0,0,0,30,0,3100,2903.5319957666684,1031.5803199999891,3955.050796000023,131.76666666666668
1789904659,100,POST,POST /api/bookings [auth],11.800000,0.000000,300,320,340,370,420,470,560,560,620,620,620,1852,0,300,317.6651229703023,122.2444910000604,2122.1652660000245,265.4119870410367
1789904659,100,,Aggregated,165.300000,0.000000,220,260,280,300,340,390,460,500,700,740,740,24678,0,240,271.4874021119225,14.60263500007386,4027.322984999955,6202.264891806467
1789904660,100,GET,/api/events [warmup],0.000000,0.000000,0,0,0,0,0,0,0,0,0,0,0,100,0,750,919.3783923100023,161.67094200000065,2319.9825649999184,43009.1
1789904660,100,DELETE,DELETE /api/bookings/{id} [auth],4.200000,0.000000,300,330,340,340,440,490,540,540,540,540,540,633,0,320,332.5112953222753,142.95747799997116,1400.2631590000192,290.38862559241704
1789904660,100,GET,GET /api/bookings/me [auth],17.800000,0.000000,250,270,300,320,360,440,480,620,700,700,700,2528,0,250,269.3338743453325,74.4635590000371,2131.379423999988,4654.0
1789904660,100,GET,GET /api/events,64.000000,0.000000,220,250,270,290,340,380,430,460,510,510,510,9810,0,230,253.68997446238518,14.60263500007386,2176.4711910000187,8636.799388379204
1789904660,100,GET,GET /api/events/{id},26.900000,0.000000,210,240,270,280,330,370,430,500,510,510,510,3974,0,230,260.147103654003,22.819426000069143,2457.589189000032,428.15425264217413
1789904660,100,GET,GET /api/events?city,41.800000,0.000000,220,260,280,290,340,390,480,540,740,740,740,5866,0,230,252.0529988845898,20.26550900006896,2086.489680999989,8665.477838390727
1789904660,100,POST,POST /api/auth/login,0.000000,0.000000,0,0,0,0,0,0,0,0,0,0,0,30,0,2700,2581.041040066664,1665.7984360000455,4027.322984999955,414.3
1789904660,100,POST,POST /api/auth/register,0.000000,0.000000,0,0,0,0,0,0,0,0,0,0,0,30,0,3100,2903.5319957666684,1031.5803199999891,3955.050796000023,131.76666666666668
1789904660,100,POST,POST /api/bookings [auth],11.900000,0.000000,310,330,370,380,440,510,560,620,630,630,630,1867,0,300,317.9536527702195,122.2444910000604,2122.1652660000245,265.4183181574719
1789904660,100,,Aggregated,166.600000,0.000000,230,260,290,300,350,400,470,510,700,740,740,24838,0,240,271.4597115374034,14.60263500007386,4027.322984999955,6201.06836299219
1789904661,100,GET,/api/events [warmup],0.000000,0.000000,0,0,0,0,0,0,0,0,0,0,0,100,0,750,919.3783923100023,161.67094200000065,2319.9825649999184,43009.1
1789904661,100,DELETE,DELETE /api/bookings/{id} [auth],4.300000,0.000000,300,320,330,340,440,490,540,540,540,540,540,640,0,320,331.8770579484376,142.95747799997116,1400.2631590000192,290.39375
1789904661,100,GET,GET /api/bookings/me [auth],18.300000,0.000000,240,270,290,320,360,440,480,620,700,700,700,2544,0,250,268.9743269433964,74.4635590000371,2131.379423999988,4659.727201257861
1789904661,100,GET,GET /api/events,64.500000,0.000000,220,260,280,290,340,380,430,470,510,510,510,9876,0,230,253.4237500003036,14.60263500007386,2176.4711910000187,8636.80579181855
1789904661,100,GET,GET /api/events/{id},26.700000,0.000000,210,250,270,290,330,370,430,500,510,510,510,3999,0,230,259.7644885853983,22.819426000069143,2457.589189000032,428.1642910727682
1789904661,100,GET,GET /api/events?city,40.900000,0.000000,220,260,280,290,340,400,480,540,740,740,740,5916,0,220,251.6493790605144,20.26550900006896,2086.489680999989,8665.562373225152
1789904661,100,POST,POST /api/auth/login,0.000000,0.000000,0,0,0,0,0,0,0,0,0,0,0,30,0,2700,2581.041040066664,1665.7984360000455,4027.322984999955,414.3
1789904661,100,POST,POST /api/auth/register,0.000000,0.000000,0,0,0,0,0,0,0,0,0,0,0,30,0,3100,2903.5319957666684,1031.5803199999891,3955.050796000023,131.76666666666668
1789904661,100,POST,POST /api/bookings [auth],11.700000,0.000000,300,330,370,380,440,510,560,620,630,630,630,1879,0,300,317.5609352272482,122.2444910000604,2122.1652660000245,265.4209686003193
1789904661,100,,Aggregated,166.400000,0.000000,230,270,290,300,350,400,470,510,700,740,740,25014,0,240,271.0567243866244,14.60263500007386,4027.322984999955,6201.76725033981
1789904662,100,GET,/api/events [warmup],0.000000,0.000000,0,0,0,0,0,0,0,0,0,0,0,100,0,750,919.3783923100023,161.67094200000065,2319.9825649999184,43009.1
1789904662,100,DELETE,DELETE /api/bookings/{id} [auth],3.900000,0.000000,300,320,340,360,440,490,540,540,540,540,540,644,0,320,331.4736093478262,142.95747799997116,1400.2631590000192,290.4006211180124
1789904662,100,GET,GET /api/bookings/me [auth],18.300000,0.000000,250,270,290,320,370,440,510,700,710,710,710,2568,0,250,268.9417207309191,74.4635590000371,2131.379423999988,4668.053738317757
1789904662,100,GET,GET /api/events,63.900000,0.000000,220,260,280,290,340,390,440,480,630,630,630,9939,0,230,253.20524893399724,14.60263500007386,2176.4711910000187,8636.794848576315
1789904662,100,GET,GET /api/events/{id},26.000000,0.000000,220,250,280,290,340,380,450,510,530,530,530,4026,0,230,259.5201052667679,22.819426000069143,2457.589189000032,428.1562344759066
1789904662,100,GET,GET /api/events?city,40.400000,0.000000,220,260,280,290,340,400,480,530,740,740,740,5966,0,220,251.40028359855913,20.26550900006896,2086.489680999989,8665.38870264834
1789904662,100,POST,POST /api/auth/login,0.000000,0.000000,0,0,0,0,0,0,0,0,0,0,0,30,0,2700,2581.041040066664,1665.7984360000455,4027.322984999955,414.3
1789904662,100,POST,POST /api/auth/register,0.000000,0.000000,0,0,0,0,0,0,0,0,0,0,0,30,0,3100,2903.5319957666684,1031.5803199999891,3955.050796000023,131.76666666666668
1789904662,100,POST,POST /api/bookings [auth],11.600000,0.000000,310,340,370,390,470,510,560,620,630,630,630,1885,0,300,317.4726801172412,122.2444910000604,2122.1652660000245,265.4201591511936
1789904662,100,,Aggregated,164.100000,0.000000,230,270,290,310,360,410,480,530,710,740,740,25188,0,240,270.7762180598704,14.60263500007386,4027.322984999955,6203.539741146577
1789904663,100,GET,/api/events [warmup],0.000000,0.000000,0,0,0,0,0,0,0,0,0,0,0,100,0,750,919.3783923100023,161.67094200000065,2319.9825649999184,43009.1
1789904663,100,DELETE,DELETE /api/bookings/{id} [auth],4.000000,0.000000,300,320,330,340,390,450,540,540,540,540,540,649,0,320,331.03453556394453,142.95747799997116,1400.2631590000192,290.4006163328197
1789904663,100,GET,GET /api/bookings/me [auth],18.200000,0.000000,240,270,290,310,370,440,510,700,710,710,710,2585,0,250,268.48301493578356,74.4635590000371,2131.379423999988,4674.045647969052
1789904663,100,GET,GET /api/events,64.200000,0.000000,220,250,270,290,340,390,430,470,630,630,630,10010,0,230,252.87994789030955,14.60263500007386,2176.4711910000187,8636.799500499501
1789904663,100,GET,GET /api/events/{id},26.600000,0.000000,200,240,260,280,340,380,450,510,530,530,530,4049,0,230,259.10086206298047,22.819426000069143,2457.589189000032,428.1595455668066
1789904663,100,GET,GET /api/events?city,41.200000,0.000000,220,260,280,290,340,400,480,540,740,740,740,5994,0,220,251.14990609676408,20.26550900006896,2086.489680999989,8665.314147480814
1789904663,100,POST,POST /api/auth/login,0.000000,0.000000,0,0,0,0,0,0,0,0,0,0,0,30,0,2700,2581.041040066664,1665.7984360000455,4027.322984999955,414.3
1789904663,100,POST,POST /api/auth/register,0.000000,0.000000,0,0,0,0,0,0,0,0,0,0,0,30,0,3100,2903.5319957666684,1031.5803199999891,3955.050796000023,131.76666666666668
1789904663,100,POST,POST /api/bookings [auth],12.000000,0.000000,300,320,360,380,440,510,560,620,630,630,630,1898,0,300,316.9530353298207,122.2444910000604,2122.1652660000245,265.4246575342466
1789904663,100,,Aggregated,166.200000,0.000000,230,260,290,300,360,410,480,530,710,740,740,25345,0,240,270.3784614153093,14.60263500007386,4027.322984999955,6203.18879463405
1789904664,100,GET,/api/events [warmup],0.000000,0.000000,0,0,0,0,0,0,0,0,0,0,0,100,0,750,919.3783923100023,161.67094200000065,2319.9825649999184,43009.1
1789904664,100,DELETE,DELETE /api/bookings/{id} [auth],4.100000,0.000000,310,330,340,370,440,470,540,540,540,540,540,656,0,320,331.3224615167676,142.95747799997116,1400.2631590000192,290.407012195122
1789904664,100,GET,GET /api/bookings/me [auth],18.500000,0.000000,240,270,290,310,370,440,490,700,710,710,710,2599,0,250,268.63751131704527,74.4635590000371,2131.379423999988,4678.953443632166
1789904664,100,GET,GET /api/events,63.400000,0.000000,220,250,270,290,340,390,450,490,650,650,650,10079,0,230,253.06960888490883,14.60263500007386,2176.4711910000187,8636.805833912094
1789904664,100,GET,GET /api/events/{id},25.800000,0.000000,200,240,260,280,330,370,450,510,530,530,530,4063,0,230,259.08270657248545,22.819426000069143,2457.589189000032,428.15973418656165
1789904664,100,GET,GET /api/events?city,41.800000,0.000000,230,260,280,290,360,420,500,550,740,740,740,6044,0,220,251.4555108623435,20.26550900006896,2086.489680999989,8665.221542025149
1789904664,100,POST,POST /api/auth/login,0.000000,0.000000,0,0,0,0,0,0,0,0,0,0,0,30,0,2700,2581.041040066664,1665.7984360000455,4027.322984999955,414.3
1789904664,100,POST,POST /api/auth/register,0.000000,0.000000,0,0,0,0,0,0,0,0,0,0,0,30,0,3100,2903.5319957666684,1031.5803199999891,3955.050796000023,131.76666666666668
1789904664,100,POST,POST /api/bookings [auth],11.300000,0.000000,300,320,350,380,470,510,560,620,630,630,630,1914,0,300,316.93577040125405,122.2444910000604,2122.1652660000245,265.4247648902821
1789904664,100,,Aggregated,164.900000,0.000000,230,260,290,310,360,420,500,550,710,740,740,25515,0,240,270.49834426529526,14.60263500007386,4027.322984999955,6205.722124240643
1789904665,100,GET,/api/events [warmup],0.000000,0.000000,0,0,0,0,0,0,0,0,0,0,0,100,0,750,919.3783923100023,161.67094200000065,2319.9825649999184,43009.1
1789904665,100,DELETE,DELETE /api/bookings/{id} [auth],4.200000,0.000000,300,320,330,340,390,450,540,540,540,540,540,663,0,320,330.9629018672693,142.95747799997116,1400.2631590000192,290.41478129713425
1789904665,100,GET,GET /api/bookings/me [auth],18.500000,0.000000,240,270,280,300,350,420,460,490,710,710,710,2616,0,250,268.4280729529816,74.4635590000371,2131.379423999988,4684.725152905199
1789904665,100,GET,GET /api/events,63.400000,0.000000,220,250,270,280,320,370,410,450,650,650,650,10139,0,230,252.78831473468742,14.60263500007386,2176.4711910000187,8636.798402209291
1789904665,100,GET,GET /api/events/{id},25.300000,0.000000,200,230,250,270,310,350,380,440,530,530,530,4080,0,230,258.8484928865216,22.819426000069143,2457.589189000032,428.15980392156865
1789904665,100,GET,GET /api/events?city,42.300000,0.000000,220,250,270,290,340,390,430,530,690,690,690,6086,0,220,251.24324877686567,20.26550900006896,2086.489680999989,8665.22198488334
1789904665,100,POST,POST /api/auth/login,0.000000,0.000000,0,0,0,0,0,0,0,0,0,0,0,30,0,2700,2581.041040066664,1665.7984360000455,4027.322984999955,414.3
1789904665,100,POST,POST /api/auth/register,0.000000,0.000000,0,0,0,0,0,0,0,0,0,0,0,30,0,3100,2903.5319957666684,1031.5803199999891,3955.050796000023,131.76666666666668
1789904665,100,POST,POST /api/bookings [auth],11.500000,0.000000,280,310,330,340,390,480,510,560,630,630,630,1925,0,300,316.4831333844158,120.1924469999085,2122.1652660000245,265.428051948052
1789904665,100,,Aggregated,165.200000,0.000000,220,260,280,290,340,390,440,510,690,710,710,25669,0,240,270.190903073046,14.60263500007386,4027.322984999955,6207.018543768749
1789904666,100,GET,/api/events [warmup],0.000000,0.000000,0,0,0,0,0,0,0,0,0,0,0,100,0,750,919.3783923100023,161.67094200000065,2319.9825649999184,43009.1
1789904666,100,DELETE,DELETE /api/bookings/{id} [auth],4.300000,0.000000,300,320,340,340,430,470,540,540,540,540,540,665,0,320,331.12869048721745,142.95747799997116,1400.2631590000192,290.41804511278195
1789904666,100,GET,GET /api/bookings/me [auth],18.700000,0.000000,240,270,280,310,370,420,460,490,710,710,710,2637,0,250,268.34759299431147,74.4635590000371,2131.379423999988,4691.714827455442
1789904666,100,GET,GET /api/events,64.200000,0.000000,220,250,270,290,320,370,410,450,650,650,650,10205,0,230,252.64045791366925,14.60263500007386,2176.4711910000187,8636.800195982361
1789904666,100,GET,GET /api/events/{id},23.500000,0.000000,210,240,260,280,320,350,420,450,580,580,580,4118,0,230,258.71374946649036,22.819426000069143,2457.589189000032,428.161243322001
1789904666,100,GET,GET /api/events?city,42.300000,0.000000,220,250,280,290,340,390,430,530,690,690,690,6130,0,220,251.16783398482946,20.26550900006896,2086.489680999989,8665.310766721044
1789904666,100,POST,POST /api/auth/login,0.000000,0.000000,0,0,0,0,0,0,0,0,0,0,0,30,0,2700,2581.041040066664,1665.7984360000455,4027.322984999955,414.3
1789904666,100,POST,POST /api/auth/register,0.000000,0.000000,0,0,0,0,0,0,0,0,0,0,0,30,0,3100,2903.5319957666684,1031.5803199999891,3955.050796000023,131.76666666666668
1789904666,100,POST,POST /api/bookings [auth],10.900000,0.000000,280,310,330,340,420,480,510,560,630,630,630,1941,0,300,316.2244072802684,120.1924469999085,2122.1652660000245,265.4317362184441
1789904666,100,,Aggregated,163.900000,0.000000,230,260,280,300,340,390,450,510,690,710,710,25856,0,240,270.00841980105275,14.60263500007386,4027.322984999955,6204.275371287129
1789904667,100,GET,/api/events [warmup],0.000000,0.000000,0,0,0,0,0,0,0,0,0,0,0,100,0,750,919.3783923100023,161.67094200000065,2319.9825649999184,43009.1
1789904667,100,DELETE,DELETE /api/bookings/{id} [auth],4.900000,0.000000,300,330,340,360,430,470,540,540,540,540,540,667,0,320,331.27351217990923,142.95747799997116,1400.2631590000192,290.41979010494754
1789904667,100,GET,GET /api/bookings/me [auth],19.300000,0.000000,240,260,280,290,340,420,460,490,710,710,710,2653,0,250,268.14283685714247,74.4635590000371,2131.379423999988,4696.823595929137
1789904667,100,GET,GET /api/events,65.300000,0.000000,220,250,270,280,320,370,420,450,650,650,650,10265,0,230,252.50363544198683,14.60263500007386,2176.4711910000187,8636.794934242573
1789904667,100,GET,GET /api/events/{id},23.000000,0.000000,210,240,260,280,320,350,420,450,580,580,580,4136,0,230,258.4735204216651,22.819426000069143,2457.589189000032,428.1583655705996
1789904667,100,GET,GET /api/events?city,43.600000,0.000000,220,250,280,290,330,370,420,490,690,690,690,6178,0,230,251.16598170378836,20.26550900006896,2086.489680999989,8665.357235351246
1789904667,100,POST,POST /api/auth/login,0.000000,0.000000,0,0,0,0,0,0,0,0,0,0,0,30,0,2700,2581.041040066664,1665.7984360000455,4027.322984999955,414.3
1789904667,100,POST,POST /api/auth/register,0.000000,0.000000,0,0,0,0,0,0,0,0,0,0,0,30,0,3100,2903.5319957666684,1031.5803199999891,3955.050796000023,131.76666666666668
1789904667,100,POST,POST /api/bookings [auth],11.400000,0.000000,280,310,330,340,420,480,510,560,630,630,630,1953,0,300,316.0528670363546,120.1924469999085,2122.1652660000245,265.4352278545827
1789904667,100,,Aggregated,167.500000,0.000000,230,260,280,290,340,380,450,500,690,710,710,26012,0,240,269.8280944055057,14.60263500007386,4027.322984999955,6206.835691219437
1789904668,100,GET,/api/events [warmup],0.000000,0.000000,0,0,0,0,0,0,0,0,0,0,0,100,0,750,919.3783923100023,161.67094200000065,2319.9825649999184,43009.1
1789904668,100,DELETE,DELETE /api/bookings/{id} [auth],4.900000,0.000000,320,340,390,410,450,470,540,540,540,540,540,673,0,320,332.04274200148484,142.95747799997116,1400.2631590000192,290.4264487369985
1789904668,100,GET,GET /api/bookings/me [auth],19.400000,0.000000,240,260,280,300,350,420,460,490,710,710,710,2670,0,250,268.04802975505567,74.4635590000371,2131.379423999988,4702.443820224719
1789904668,100,GET,GET /api/events,65.400000,0.000000,220,250,270,290,330,370,420,440,650,650,650,10319,0,230,252.58073367961978,14.60263500007386,2176.4711910000187,8636.794650644442
1789904668,100,GET,GET /api/events/{id},23.700000,0.000000,220,260,280,300,340,370,440,450,580,580,580,4164,0,230,258.6279204646989,22.819426000069143,2457.589189000032,428.1544188280499
1789904668,100,GET,GET /api/events?city,42.900000,0.000000,220,260,280,300,340,380,450,500,690,690,690,6219,0,230,251.23947793809384,20.26550900006896,2086.489680999989,8665.408264994372
1789904668,100,POST,POST /api/auth/login,0.000000,0.000000,0,0,0,0,0,0,0,0,0,0,0,30,0,2700,2581.041040066664,1665.7984360000455,4027.322984999955,414.3
1789904668,100,POST,POST /api/auth/register,0.000000,0.000000,0,0,0,0,0,0,0,0,0,0,0,30,0,3100,2903.5319957666684,1031.5803199999891,3955.050796000023,131.76666666666668
1789904668,100,POST,POST /api/bookings [auth],10.900000,0.000000,290,320,340,350,430,500,510,560,630,630,630,1968,0,300,316.33755085924827,120.1924469999085,2122.1652660000245,265.4415650406504
1789904668,100,,Aggregated,167.200000,0.000000,230,260,290,300,350,400,450,510,690,710,710,26173,0,240,269.8943911726592,14.60263500007386,4027.322984999955,6204.361594009093
1789904669,100,GET,/api/events [warmup],0.000000,0.000000,0,0,0,0,0,0,0,0,0,0,0,100,0,750,919.3783923100023,161.67094200000065,2319.9825649999184,43009.1
1789904669,100,DELETE,DELETE /api/bookings/{id} [auth],4.500000,0.000000,320,350,390,410,450,470,500,500,500,500,500,677,0,320,332.13233267503597,142.95747799997116,1400.2631590000192,290.437223042836
1789904669,100,GET,GET /api/bookings/me [auth],18.600000,0.000000,240,260,280,300,360,420,460,490,710,710,710,2688,0,250,267.96809571726146,74.4635590000371,2131.379423999988,4708.183035714285
1789904669,100,GET,GET /api/events,65.400000,0.000000,220,250,270,290,330,370,420,460,650,650,650,10390,0,230,252.49747999201114,14.60263500007386,2176.4711910000187,8636.785755534167
1789904669,100,GET,GET /api/events/{id},24.300000,0.000000,220,260,280,300,350,380,450,460,580,580,580,4194,0,230,258.6019127124478,22.819426000069143,2457.589189000032,428.1442536957558
1789904669,100,GET,GET /api/events?city,43.200000,0.000000,220,260,280,300,350,380,450,500,690,690,690,6255,0,230,251.0467926767395,20.26550900006896,2086.489680999989,8665.510471622702
1789904669,100,POST,POST /api/auth/login,0.000000,0.000000,0,0,0,0,0,0,0,0,0,0,0,30,0,2700,2581.041040066664,1665.7984360000455,4027.322984999955,414.3
1789904669,100,POST,POST /api/auth/register,0.000000,0.000000,0,0,0,0,0,0,0,0,0,0,0,30,0,3100,2903.5319957666684,1031.5803199999891,3955.050796000023,131.76666666666668
1789904669,100,POST,POST /api/bookings [auth],11.800000,0.000000,280,330,340,370,430,500,510,560,630,630,630,1979,0,300,316.2370359307734,120.1924469999085,2122.1652660000245,265.44416371905004
1789904669,100,,Aggregated,167.800000,0.000000,230,260,290,300,350,400,460,510,690,710,710,26343,0,240,269.740837495654,14.60263500007386,4027.322984999955,6203.903769502334
1789904670,100,GET,/api/events [warmup],0.000000,0.000000,0,0,0,0,0,0,0,0,0,0,0,100,0,750,919.3783923100023,161.67094200000065,2319.9825649999184,43009.1
1789904670,100,DELETE,DELETE /api/bookings/{id} [auth],4.700000,0.000000,330,360,390,410,450,470,500,500,500,500,500,682,0,320,331.9993709750726,142.95747799997116,1400.2631590000192,290.4398826979472
1789904670,100,GET,GET /api/bookings/me [auth],18.100000,0.000000,240,260,280,300,350,400,450,490,710,710,710,2703,0,250,267.8899294550496,74.4635590000371,2131.379423999988,4712.862745098039
1789904670,100,GET,GET /api/events,63.600000,0.000000,220,250,270,280,320,370,410,450,650,650,650,10454,0,230,252.22864394423146,14.60263500007386,2176.4711910000187,8636.779414578152
1789904670,100,GET,GET /api/events/{id},24.000000,0.000000,220,250,270,290,340,380,450,460,580,580,580,4228,0,230,258.21995251371965,22.819426000069143,2457.589189000032,428.1553926206244
1789904670,100,GET,GET /api/events?city,43.300000,0.000000,220,250,280,290,340,380,450,510,690,690,690,6289,0,230,250.85232933900548,20.26550900006896,2086.489680999989,8665.391954205756
1789904670,100,POST,POST /api/auth/login,0.000000,0.000000,0,0,0,0,0,0,0,0,0,0,0,30,0,2700,2581.041040066664,1665.7984360000455,4027.322984999955,414.3
1789904670,100,POST,POST /api/auth/register,0.000000,0.000000,0,0,0,0,0,0,0,0,0,0,0,30,0,3100,2903.5319957666684,1031.5803199999891,3955.050796000023,131.76666666666668
1789904670,100,POST,POST /api/bookings [auth],12.100000,0.000000,280,320,340,340,420,470,500,510,510,510,510,1994,0,300,315.9831445310937,120.1924469999085,2122.1652660000245,265.44884653961884
1789904670,100,,Aggregated,165.800000,0.000000,230,260,280,300,350,390,450,500,690,710,710,26510,0,240,269.4544689949833,14.60263500007386,4027.322984999955,6200.653640135798
1789904671,100,GET,/api/events [warmup],0.000000,0.000000,0,0,0,0,0,0,0,0,0,0,0,100,0,750,919.3783923100023,161.67094200000065,2319.9825649999184,43009.1
1789904671,100,DELETE,DELETE /api/bookings/{id} [auth],4.700000,0.000000,340,370,410,430,470,500,500,500,500,500,500,683,0,320,331.9898969209363,142.95747799997116,1400.2631590000192,290.4407027818448
1789904671,100,GET,GET /api/bookings/me [auth],17.000000,0.000000,240,270,300,310,370,420,450,460,490,490,490,2720,0,250,267.987641234191,74.4635590000371,2131.379423999988,4718.335294117647
1789904671,100,GET,GET /api/events,62.600000,0.000000,220,250,270,280,330,370,420,450,650,650,650,10519,0,230,252.1075308044487,14.60263500007386,2176.4711910000187,8636.780112177963
1789904671,100,GET,GET /api/events/{id},24.100000,0.000000,220,260,280,290,340,380,440,450,580,580,580,4247,0,230,258.0938857885583,22.819426000069143,2457.589189000032,428.14928184600893
1789904671,100,GET,GET /api/events?city,42.700000,0.000000,220,260,280,300,350,390,450,530,690,690,690,6321,0,220,250.71313803844413,20.26550900006896,2086.489680999989,8665.266255339346
1789904671,100,POST,POST /api/auth/login,0.000000,0.000000,0,0,0,0,0,0,0,0,0,0,0,30,0,2700,2581.041040066664,1665.7984360000455,4027.322984999955,414.3
1789904671,100,POST,POST /api/auth/register,0.000000,0.000000,0,0,0,0,0,0,0,0,0,0,0,30,0,3100,2903.5319957666684,1031.5803199999891,3955.050796000023,131.76666666666668
1789904671,100,POST,POST /api/bookings [auth],12.800000,0.000000,280,320,340,350,430,450,500,510,510,510,510,2008,0,300,315.8502335418333,120.1924469999085,2122.1652660000245,265.4521912350598
1789904671,100,,Aggregated,163.900000,0.000000,230,260,290,300,350,400,450,500,650,690,690,26658,0,240,269.3067513702831,14.60263500007386,4027.322984999955,6201.678708080126
1789904672,100,GET,/api/events [warmup],0.000000,0.000000,0,0,0,0,0,0,0,0,0,0,0,100,0,750,919.3783923100023,161.67094200000065,2319.9825649999184,43009.1
1789904672,100,DELETE,DELETE /api/bookings/{id} [auth],5.000000,0.000000,360,410,430,440,490,500,580,580,580,580,580,689,0,320,332.9693668388955,142.95747799997116,1400.2631590000192,290.44847605224965
1789904672,100,GET,GET /api/bookings/me [auth],17.500000,0.000000,250,280,310,330,400,440,460,470,490,490,490,2734,0,250,268.1880502776149,74.4635590000371,2131.379423999988,4722.64447695684
1789904672,100,GET,GET /api/events,64.500000,0.000000,230,260,280,300,350,390,440,510,650,650,650,10584,0,230,252.39975312566102,14.60263500007386,2176.4711910000187,8636.7712585034
1789904672,100,GET,GET /api/events/{id},25.500000,0.000000,230,270,300,320,380,430,490,550,1000,1000,1000,4276,0,230,258.7293115827894,22.819426000069143,2457.589189000032,428.14733395696913
1789904672,100,GET,GET /api/events?city,42.300000,0.000000,240,270,300,310,370,410,450,530,690,690,690,6360,0,230,251.00499153820857,20.26550900006896,2086.489680999989,8665.117452830189
1789904672,100,POST,POST /api/auth/login,0.000000,0.000000,0,0,0,0,0,0,0,0,0,0,0,30,0,2700,2581.041040066664,1665.7984360000455,4027.322984999955,414.3
1789904672,100,POST,POST /api/auth/register,0.000000,0.000000,0,0,0,0,0,0,0,0,0,0,0,30,0,3100,2903.5319957666684,1031.5803199999891,3955.050796000023,131.76666666666668
1789904672,100,POST,POST /api/bookings [auth],12.700000,0.000000,300,330,350,380,440,500,510,600,680,680,680,2025,0,300,316.3927565782723,120.1924469999085,2122.1652660000245,265.4572839506173
1789904672,100,,Aggregated,167.500000,0.000000,240,280,300,330,380,430,490,530,690,1000,1000,26828,0,240,269.64103381470875,14.60263500007386,4027.322984999955,6199.461905471895
1789904673,100,GET,/api/events [warmup],0.000000,0.000000,0,0,0,0,0,0,0,0,0,0,0,100,0,750,919.3783923100023,161.67094200000065,2319.9825649999184,43009.1
1789904673,100,DELETE,DELETE /api/bookings/{id} [auth],4.700000,0.000000,350,390,420,430,500,500,580,580,580,580,580,690,0,320,332.9144722956508,142.95747799997116,1400.2631590000192,290.4492753623188
1789904673,100,GET,GET /api/bookings/me [auth],17.800000,0.000000,240,270,300,320,390,430,460,470,490,490,490,2749,0,250,267.8601474572569,74.4635590000371,2131.379423999988,4727.349945434704
1789904673,100,GET,GET /api/events,63.900000,0.000000,220,250,270,290,350,390,440,520,650,650,650,10639,0,230,252.05026191493516,14.60263500007386,2176.4711910000187,8636.765955446941
1789904673,100,GET,GET /api/events/{id},24.700000,0.000000,220,260,290,310,370,430,460,550,1000,1000,1000,4308,0,230,258.219508013465,22.819426000069143,2457.589189000032,428.1441504178273
1789904673,100,GET,GET /api/events?city,41.800000,0.000000,230,260,280,310,360,400,450,530,690,690,690,6396,0,220,250.75698815072045,20.26550900006896,2086.489680999989,8665.10866166354
1789904673,100,POST,POST /api/auth/login,0.000000,0.000000,0,0,0,0,0,0,0,0,0,0,0,30,0,2700,2581.041040066664,1665.7984360000455,4027.322984999955,414.3
1789904673,100,POST,POST /api/auth/register,0.000000,0.000000,0,0,0,0,0,0,0,0,0,0,0,30,0,3100,2903.5319957666684,1031.5803199999891,3955.050796000023,131.76666666666668
1789904673,100,POST,POST /api/bookings [auth],12.600000,0.000000,290,320,340,360,440,490,510,600,680,680,680,2040,0,300,315.86413178823585,113.399463000178,2122.1652660000245,265.45882352941175
1789904673,100,,Aggregated,165.500000,0.000000,230,270,290,310,370,430,490,530,690,1000,1000,26982,0,240,269.24284573586135,14.60263500007386,4027.322984999955,6197.01119264695
1789904674,100,GET,/api/events [warmup],0.000000,0.000000,0,0,0,0,0,0,0,0,0,0,0,100,0,750,919.3783923100023,161.67094200000065,2319.9825649999184,43009.1
1789904674,100,DELETE,DELETE /api/bookings/{id} [auth],4.300000,0.000000,370,410,430,440,500,500,580,580,580,580,580,692,0,320,333.04263767340916,142.95747799997116,1400.2631590000192,290.4508670520231
1789904674,100,GET,GET /api/bookings/me [auth],16.800000,0.000000,240,280,300,320,390,430,440,460,470,470,470,2769,0,250,267.76876436294657,74.4635590000371,2131.379423999988,4733.286384976525
1789904674,100,GET,GET /api/events,63.400000,0.000000,220,250,270,290,350,390,430,510,620,620,620,10707,0,230,251.8777986144571,14.60263500007386,2176.4711910000187,8636.764266367796
1789904674,100,GET,GET /api/events/{id},24.600000,0.000000,220,260,290,310,360,430,460,550,1000,1000,1000,4341,0,230,257.99743360377954,22.819426000069143,2457.589189000032,428.1409813407049
1789904674,100,GET,GET /api/events?city,40.200000,0.000000,220,260,290,310,360,400,450,510,600,600,600,6441,0,220,250.70436556202566,20.26550900006896,2086.489680999989,8665.107902499612
1789904674,100,POST,POST /api/auth/login,0.000000,0.000000,0,0,0,0,0,0,0,0,0,0,0,30,0,2700,2581.041040066664,1665.7984360000455,4027.322984999955,414.3
1789904674,100,POST,POST /api/auth/register,0.000000,0.000000,0,0,0,0,0,0,0,0,0,0,0,30,0,3100,2903.5319957666684,1031.5803199999891,3955.050796000023,131.76666666666668
1789904674,100,POST,POST /api/bookings [auth],13.300000,0.000000,290,330,350,370,440,500,510,600,680,680,680,2057,0,300,315.69470533300995,113.399463000178,2122.1652660000245,265.4652406417112
1789904674,100,,Aggregated,162.600000,0.000000,230,270,300,320,370,420,470,510,680,1000,1000,27167,0,240,269.0538344532342,14.60263500007386,4027.322984999955,6195.574446939301
1789904675,100,GET,/api/events [warmup],0.000000,0.000000,0,0,0,0,0,0,0,0,0,0,0,100,0,750,919.3783923100023,161.67094200000065,2319.9825649999184,43009.1
1789904675,100,DELETE,DELETE /api/bookings/{id} [auth],4.100000,0.000000,360,410,420,440,500,500,580,580,580,580,580,695,0,320,332.6888696561141,142.95747799997116,1400.2631590000192,290.45179856115107
1789904675,100,GET,GET /api/bookings/me [auth],16.500000,0.000000,240,260,300,320,390,430,440,460,470,470,470,2788,0,250,267.42549171592526,74.4635590000371,2131.379423999988,4739.024390243902
1789904675,100,GET,GET /api/events,63.900000,0.000000,210,250,270,280,350,380,430,500,620,620,620,10783,0,230,251.53777037280827,14.60263500007386,2176.4711910000187,8636.754150051007
1789904675,100,GET,GET /api/events/{id},25.100000,0.000000,220,250,280,290,360,410,450,530,1000,1000,1000,4371,0,230,257.57329319377857,22.819426000069143,2457.589189000032,428.148478609014
1789904675,100,GET,GET /api/events?city,39.800000,0.000000,220,250,280,300,350,400,450,510,600,600,600,6476,0,220,250.5102837096984,20.26550900006896,2086.489680999989,8665.177733168623
1789904675,100,POST,POST /api/auth/login,0.000000,0.000000,0,0,0,0,0,0,0,0,0,0,0,30,0,2700,2581.041040066664,1665.7984360000455,4027.322984999955,414.3
1789904675,100,POST,POST /api/auth/register,0.000000,0.000000,0,0,0,0,0,0,0,0,0,0,0,30,0,3100,2903.5319957666684,1031.5803199999891,3955.050796000023,131.76666666666668
1789904675,100,POST,POST /api/bookings [auth],13.800000,0.000000,290,320,350,370,440,500,510,600,680,680,680,2069,0,300,315.23998469018903,113.399463000178,2122.1652660000245,265.4688255195747
1789904675,100,,Aggregated,163.200000,0.000000,230,260,290,310,370,420,470,510,680,1000,1000,27342,0,240,268.6707934214398,14.60263500007386,4027.322984999955,6195.525528490966
1789904676,100,GET,/api/events [warmup],0.000000,0.000000,0,0,0,0,0,0,0,0,0,0,0,100,0,750,919.3783923100023,161.67094200000065,2319.9825649999184,43009.1
1789904676,100,DELETE,DELETE /api/bookings/{id} [auth],4.100000,0.000000,380,420,480,500,530,630,640,640,640,640,640,700,0,320,334.0596536885707,142.95747799997116,1400.2631590000192,290.4557142857143
1789904676,100,GET,GET /api/bookings/me [auth],16.600000,0.000000,240,280,320,340,410,440,470,540,660,660,660,2801,0,250,267.9047990446269,74.4635590000371,2131.379423999988,4742.692966797572
1789904676,100,GET,GET /api/events,62.900000,0.000000,230,260,290,320,370,400,470,510,620,620,620,10848,0,230,252.0319750871121,14.60263500007386,2176.4711910000187,8636.743270648967
1789904676,100,GET,GET /api/events/{id},26.600000,0.000000,220,260,290,320,390,450,530,610,1000,1000,1000,4393,0,230,257.9189882230835,22.819426000069143,2457.589189000032,428.149100842249
1789904676,100,GET,GET /api/events?city,39.900000,0.000000,230,270,300,320,370,430,450,510,600,600,600,6505,0,220,250.60580975495876,20.26550900006896,2086.489680999989,8665.266410453498
1789904676,100,POST,POST /api/auth/login,0.000000,0.000000,0,0,0,0,0,0,0,0,0,0,0,30,0,2700,2581.041040066664,1665.7984360000455,4027.322984999955,414.3
1789904676,100,POST,POST /api/auth/register,0.000000,0.000000,0,0,0,0,0,0,0,0,0,0,0,30,0,3100,2903.5319957666684,1031.5803199999891,3955.050796000023,131.76666666666668
1789904676,100,POST,POST /api/bookings [auth],14.500000,0.000000,300,330,370,380,470,500,600,610,680,680,680,2082,0,300,315.66280614313234,113.399463000178,2122.1652660000245,265.47262247838614
1789904676,100,,Aggregated,164.600000,0.000000,240,280,310,340,390,440,510,550,680,1000,1000,27489,0,240,269.0239683461389,14.60263500007386,4027.322984999955,6195.111353632362
1789904677,100,GET,/api/events [warmup],0.000000,0.000000,0,0,0,0,0,0,0,0,0,0,0,100,0,750,919.3783923100023,161.67094200000065,2319.9825649999184,43009.1
1789904677,100,DELETE,DELETE /api/bookings/{id} [auth],3.400000,0.000000,360,420,480,500,530,630,640,640,640,640,640,705,0,320,333.95153722978637,142.95747799997116,1400.2631590000192,290.4595744680851
1789904677,100,GET,GET /api/bookings/me [auth],16.800000,0.000000,240,290,330,350,420,470,540,640,660,660,660,2815,0,250,268.2020469776198,74.4635590000371,2131.379423999988,4746.784369449379
1789904677,100,GET,GET /api/events,63.100000,0.000000,220,260,290,310,370,400,490,520,660,660,660,10916,0,230,251.9525479434769,14.60263500007386,2176.4711910000187,8636.734884573103
1789904677,100,GET,GET /api/events/{id},28.600000,0.000000,220,260,290,310,380,450,530,610,1000,1000,1000,4413,0,230,257.6219799601192,22.819426000069143,2457.589189000032,428.15499660095173
1789904677,100,GET,GET /api/events?city,39.000000,0.000000,220,250,280,300,350,410,450,460,600,600,600,6545,0,220,250.31943220519545,20.26550900006896,2086.489680999989,8665.162108479755
1789904677,100,POST,POST /api/auth/login,0.000000,0.000000,0,0,0,0,0,0,0,0,0,0,0,30,0,2700,2581.041040066664,1665.7984360000455,4027.322984999955,414.3
1789904677,100,POST,POST /api/auth/register,0.000000,0.000000,0,0,0,0,0,0,0,0,0,0,0,30,0,3100,2903.5319957666684,1031.5803199999891,3955.050796000023,131.76666666666668
1789904677,100,POST,POST /api/bookings [auth],14.400000,0.000000,300,330,350,380,440,500,600,610,680,680,680,2093,0,300,315.61197483182104,113.399463000178,2122.1652660000245,265.4763497372193
1789904677,100,,Aggregated,165.300000,0.000000,230,270,300,330,380,440,510,580,680,1000,1000,27647,0,240,268.8543416759872,14.60263500007386,4027.322984999955,6196.7460483958475
1789904678,100,GET,/api/events [warmup],0.000000,0.000000,0,0,0,0,0,0,0,0,0,0,0,100,0,750,919.3783923100023,161.67094200000065,2319.9825649999184,43009.1
1789904678,100,DELETE,DELETE /api/bookings/{id} [auth],3.100000,0.000000,350,370,410,480,530,630,640,640,640,640,640,709,0,320,333.77889519887054,142.95747799997116,1400.2631590000192,290.45839210155145
1789904678,100,GET,GET /api/bookings/me [auth],16.200000,0.000000,240,270,310,340,420,470,540,640,660,660,660,2833,0,250,267.98501402082593,74.4635590000371,2131.379423999988,4751.817860924814
1789904678,100,GET,GET /api/events,62.300000,0.000000,220,250,270,300,360,400,470,510,660,660,660,10991,0,230,251.66499468064725,14.60263500007386,2176.4711910000187,8636.727322354654
1789904678,100,GET,GET /api/events/{id},28.700000,0.000000,220,250,270,290,360,430,530,610,1000,1000,1000,4445,0,230,257.34260536580564,22.819426000069143,2457.589189000032,428.1597300337458
1789904678,100,GET,GET /api/events?city,37.400000,0.000000,210,250,270,290,350,410,450,460,600,600,600,6584,0,220,250.07846810859732,20.26550900006896,2086.489680999989,8665.224027946537
1789904678,100,POST,POST /api/auth/login,0.000000,0.000000,0,0,0,0,0,0,0,0,0,0,0,30,0,2700,2581.041040066664,1665.7984360000455,4027.322984999955,414.3
1789904678,100,POST,POST /api/auth/register,0.000000,0.000000,0,0,0,0,0,0,0,0,0,0,0,30,0,3100,2903.5319957666684,1031.5803199999891,3955.050796000023,131.76666666666668
1789904678,100,POST,POST /api/bookings [auth],14.100000,0.000000,290,320,340,360,420,500,600,610,680,680,680,2109,0,300,315.01739449122874,110.59802799991303,2122.1652660000245,265.48316737790424
1789904678,100,,Aggregated,161.800000,0.000000,220,260,290,320,370,430,510,580,680,1000,1000,27831,0,240,268.51898847033954,14.60263500007386,4027.322984999955,6195.47648305846
1789904679,100,GET,/api/events [warmup],0.000000,0.000000,0,0,0,0,0,0,0,0,0,0,0,100,0,750,919.3783923100023,161.67094200000065,2319.9825649999184,43009.1
1789904679,100,DELETE,DELETE /api/bookings/{id} [auth],3.800000,0.000000,350,390,420,480,530,630,640,640,640,640,640,716,0,320,334.04653995390964,142.95747799997116,1400.2631590000192,290.46787709497204
1789904679,100,GET,GET /api/bookings/me [auth],16.300000,0.000000,250,300,330,360,430,480,550,640,660,660,660,2844,0,250,268.1577470977497,74.4635590000371,2131.379423999988,4754.918073136428
1789904679,100,GET,GET /api/events,64.600000,0.000000,220,260,290,320,370,400,470,510,660,660,660,11052,0,230,251.7141163805643,14.60263500007386,2176.4711910000187,8636.728736880203
1789904679,100,GET,GET /api/events/{id},27.400000,0.000000,220,250,280,300,370,430,530,610,1000,1000,1000,4467,0,230,257.15514296440705,22.819426000069143,2457.589189000032,428.1620774569062
1789904679,100,GET,GET /api/events?city,37.300000,0.000000,220,250,290,310,350,420,450,460,600,600,600,6622,0,220,249.98533681017884,20.26550900006896,2086.489680999989,8665.276804590758
1789904679,100,POST,POST /api/auth/login,0.000000,0.000000,0,0,0,0,0,0,0,0,0,0,0,30,0,2700,2581.041040066664,1665.7984360000455,4027.322984999955,414.3
1789904679,100,POST,POST /api/auth/register,0.000000,0.000000,0,0,0,0,0,0,0,0,0,0,0,30,0,3100,2903.5319957666684,1031.5803199999891,3955.050796000023,131.76666666666668
1789904679,100,POST,POST /api/bookings [auth],14.000000,0.000000,290,330,350,370,450,500,600,610,680,680,680,2120,0,300,315.1666159834915,110.59802799991303,2122.1652660000245,265.48867924528304
1789904679,100,,Aggregated,163.400000,0.000000,230,270,310,330,380,440,510,580,680,1000,1000,27981,0,240,268.48595653339845,14.60263500007386,4027.322984999955,6195.571244773239
1789904680,100,GET,/api/events [warmup],0.000000,0.000000,0,0,0,0,0,0,0,0,0,0,0,100,0,750,919.3783923100023,161.67094200000065,2319.9825649999184,43009.1
1789904680,100,DELETE,DELETE /api/bookings/{id} [auth],3.700000,0.000000,350,390,420,480,530,630,640,640,640,640,640,722,0,320,334.17245163157884,142.95747799997116,1400.2631590000192,290.47229916897504
1789904680,100,GET,GET /api/bookings/me [auth],16.000000,0.000000,240,300,350,370,430,480,550,640,660,660,660,2860,0,250,268.34492781433573,74.4635590000371,2131.379423999988,4759.320629370629
1789904680,100,GET,GET /api/events,66.200000,0.000000,220,270,310,330,370,400,470,510,660,660,660,11107,0,230,251.72898955946675,14.60263500007386,2176.4711910000187,8636.726208697219
1789904680,100,GET,GET /api/events/{id},28.000000,0.000000,220,260,290,310,400,460,530,610,1000,1000,1000,4496,0,230,257.2390340518251,22.819426000069143,2457.589189000032,428.1677046263345
1789904680,100,GET,GET /api/events?city,36.100000,0.000000,220,260,290,310,350,410,450,510,590,590,590,6665,0,220,250.0208677443366,20.26550900006896,2086.489680999989,8665.215003750938
1789904680,100,POST,POST /api/auth/login,0.000000,0.000000,0,0,0,0,0,0,0,0,0,0,0,30,0,2700,2581.041040066664,1665.7984360000455,4027.322984999955,414.3
1789904680,100,POST,POST /api/auth/register,0.000000,0.000000,0,0,0,0,0,0,0,0,0,0,0,30,0,3100,2903.5319957666684,1031.5803199999891,3955.050796000023,131.76666666666668
1789904680,100,POST,POST /api/bookings [auth],14.000000,0.000000,290,330,370,390,490,520,600,610,680,680,680,2128,0,300,315.3511542650384,110.59802799991303,2122.1652660000245,265.4906015037594
1789904680,100,,Aggregated,164.000000,0.000000,230,280,310,340,390,450,510,580,680,1000,1000,28138,0,240,268.50419211951896,14.60263500007386,4027.322984999955,6194.841566564788
1789904681,100,GET,/api/events [warmup],0.000000,0.000000,0,0,0,0,0,0,0,0,0,0,0,100,0,750,919.3783923100023,161.67094200000065,2319.9825649999184,43009.1
1789904681,100,DELETE,DELETE /api/bookings/{id} [auth],3.500000,0.000000,340,370,390,410,480,530,640,640,640,640,640,727,0,320,333.60607178404416,142.95747799997116,1400.2631590000192,290.47730398899586
1789904681,100,GET,GET /api/bookings/me [auth],16.200000,0.000000,240,280,320,350,420,480,540,640,660,660,660,2876,0,250,268.13380067976345,74.4635590000371,2131.379423999988,4763.855006954103
1789904681,100,GET,GET /api/events,65.800000,0.000000,210,260,280,310,350,400,460,500,660,660,660,11181,0,230,251.42981887648668,14.60263500007386,2176.4711910000187,8636.73016724801
1789904681,100,GET,GET /api/events/{id},27.900000,0.000000,220,240,280,290,360,450,530,610,1000,1000,1000,4524,0,230,257.080657977897,22.819426000069143,2457.589189000032,428.16379310344826
1789904681,100,GET,GET /api/events?city,36.300000,0.000000,210,240,280,300,340,400,450,510,600,600,600,6703,0,220,249.76010775026168,20.26550900006896,2086.489680999989,8665.297627927794
1789904681,100,POST,POST /api/auth/login,0.000000,0.000000,0,0,0,0,0,0,0,0,0,0,0,30,0,2700,2581.041040066664,1665.7984360000455,4027.322984999955,414.3
1789904681,100,POST,POST /api/auth/register,0.000000,0.000000,0,0,0,0,0,0,0,0,0,0,0,30,0,3100,2903.5319957666684,1031.5803199999891,3955.050796000023,131.76666666666668
1789904681,100,POST,POST /api/bookings [auth],13.600000,0.000000,280,320,340,350,430,500,570,610,680,680,680,2145,0,300,315.02428550909167,110.59802799991303,2122.1652660000245,265.4965034965035
1789904681,100,,Aggregated,163.300000,0.000000,220,260,300,320,370,430,510,590,680,1000,1000,28316,0,240,268.19813008422875,14.60263500007386,4027.322984999955,6193.90411781325
1789904682,100,GET,/api/events [warmup],0.000000,0.000000,0,0,0,0,0,0,0,0,0,0,0,100,0,750,919.3783923100023,161.67094200000065,2319.9825649999184,43009.1
1789904682,100,DELETE,DELETE /api/bookings/{id} [auth],3.800000,0.000000,330,360,390,410,480,530,640,640,640,640,640,732,0,320,333.64183311338866,142.95747799997116,1400.2631590000192,290.4836065573771
1789904682,100,GET,GET /api/bookings/me [auth],15.300000,0.000000,250,300,330,350,420,500,640,640,660,660,660,2887,0,250,268.3150337949425,74.4635590000371,2131.379423999988,4766.91582958088
1789904682,100,GET,GET /api/events,64.900000,0.000000,220,260,290,310,360,400,460,490,660,660,660,11243,0,230,251.3735268685402,14.60263500007386,2176.4711910000187,8636.72044827893
1789904682,100,GET,GET /api/events/{id},27.100000,0.000000,210,240,270,290,360,450,530,610,630,630,630,4541,0,230,257.04264721515204,22.819426000069143,2457.589189000032,428.1713279013433
1789904682,100,GET,GET /api/events?city,37.300000,0.000000,210,240,280,290,340,400,450,510,600,600,600,6749,0,220,249.73470215439383,20.26550900006896,2086.489680999989,8665.288190843088
1789904682,100,POST,POST /api/auth/login,0.000000,0.000000,0,0,0,0,0,0,0,0,0,0,0,30,0,2700,2581.041040066664,1665.7984360000455,4027.322984999955,414.3
1789904682,100,POST,POST /api/auth/register,0.000000,0.000000,0,0,0,0,0,0,0,0,0,0,0,30,0,3100,2903.5319957666684,1031.5803199999891,3955.050796000023,131.76666666666668
1789904682,100,POST,POST /api/bookings [auth],13.600000,0.000000,280,330,350,380,450,500,530,570,610,610,610,2163,0,300,315.0521439884428,110.59802799991303,2122.1652660000245,265.5025427646787
1789904682,100,,Aggregated,162.000000,0.000000,230,270,300,320,370,430,510,550,660,660,660,28475,0,240,268.15335805390765,14.60263500007386,4027.322984999955,6194.742686567164
1789904683,100,GET,/api/events [warmup],0.000000,0.000000,0,0,0,0,0,0,0,0,0,0,0,100,0,750,919.3783923100023,161.67094200000065,2319.9825649999184,43009.1
1789904683,100,DELETE,DELETE /api/bookings/{id} [auth],4.100000,0.000000,320,360,390,400,480,530,640,640,640,640,640,733,0,320,333.44645899590796,142.95747799997116,1400.2631590000192,290.48294679399726
1789904683,100,GET,GET /api/bookings/me [auth],15.200000,0.000000,240,280,320,340,400,500,640,640,660,660,660,2900,0,250,268.18014880724104,74.4635590000371,2131.379423999988,4770.481379310345
1789904683,100,GET,GET /api/events,64.700000,0.000000,220,260,280,300,360,400,460,490,660,660,660,11298,0,230,251.28656188006698,14.60263500007386,2176.4711910000187,8636.73083731634
1789904683,100,GET,GET /api/events/{id},26.900000,0.000000,210,240,270,290,360,450,530,610,630,630,630,4569,0,230,256.8507672562937,22.819426000069143,2457.589189000032,428.17049682643903
1789904683,100,GET,GET /api/events?city,36.900000,0.000000,210,240,270,290,330,380,430,460,600,600,600,6783,0,220,249.60361804835685,20.26550900006896,2086.489680999989,8665.392599144921
1789904683,100,POST,POST /api/auth/login,0.000000,0.000000,0,0,0,0,0,0,0,0,0,0,0,30,0,2700,2581.041040066664,1665.7984360000455,4027.322984999955,414.3
1789904683,100,POST,POST /api/auth/register,0.000000,0.000000,0,0,0,0,0,0,0,0,0,0,0,30,0,3100,2903.5319957666684,1031.5803199999891,3955.050796000023,131.76666666666668
1789904683,100,POST,POST /api/bookings [auth],13.600000,0.000000,280,320,350,370,450,510,570,610,710,710,710,2175,0,300,314.9567101783916,110.59802799991303,2122.1652660000245,265.503908045977
1789904683,100,,Aggregated,161.400000,0.000000,220,260,290,310,370,430,510,570,660,710,710,28618,0,240,267.98842105898456,14.60263500007386,4027.322984999955,6193.777936962751
1789904684,100,GET,/api/events [warmup],0.000000,0.000000,0,0,0,0,0,0,0,0,0,0,0,100,0,750,919.3783923100023,161.67094200000065,2319.9825649999184,43009.1
1789904684,100,DELETE,DELETE /api/bookings/{id} [auth],4.200000,0.000000,340,380,400,430,510,530,640,640,640,640,640,739,0,320,334.1332777631942,142.95747799997116,1400.2631590000192,290.4830852503383
1789904684,100,GET,GET /api/bookings/me [auth],15.600000,0.000000,260,300,340,360,420,510,640,640,660,660,660,2915,0,250,268.37131111423633,74.4635590000371,2131.379423999988,4774.430531732419
1789904684,100,GET,GET /api/events,65.600000,0.000000,230,270,300,320,370,420,470,500,660,660,660,11360,0,230,251.43569723441888,14.60263500007386,2176.4711910000187,8636.733362676056
1789904684,100,GET,GET /api/events/{id},27.600000,0.000000,220,260,280,300,370,450,530,610,630,630,630,4585,0,230,256.86124045910714,22.819426000069143,2457.589189000032,428.164667393675
1789904684,100,GET,GET /api/events?city,38.300000,0.000000,220,260,290,310,350,400,450,510,600,600,600,6831,0,220,249.87109778700096,20.26550900006896,2086.489680999989,8665.438149612062
1789904684,100,POST,POST /api/auth/login,0.000000,0.000000,0,0,0,0,0,0,0,0,0,0,0,30,0,2700,2581.041040066664,1665.7984360000455,4027.322984999955,414.3
1789904684,100,POST,POST /api/auth/register,0.000000,0.000000,0,0,0,0,0,0,0,0,0,0,0,30,0,3100,2903.5319957666684,1031.5803199999891,3955.050796000023,131.76666666666668
1789904684,100,POST,POST /api/bookings [auth],13.800000,0.000000,310,340,370,400,470,510,570,610,710,710,710,2191,0,300,315.31715350022904,110.59802799991303,2122.1652660000245,265.5070743952533
1789904684,100,,Aggregated,165.100000,0.000000,240,280,310,330,380,450,510,570,660,710,710,28781,0,240,268.1438989215461,14.60263500007386,4027.322984999955,6195.100378722073
1789904685,100,GET,/api/events [warmup],0.000000,0.000000,0,0,0,0,0,0,0,0,0,0,0,100,0,750,919.3783923100023,161.67094200000065,2319.9825649999184,43009.1
1789904685,100,DELETE,DELETE /api/bookings/{id} [auth],4.300000,0.000000,350,380,400,420,510,530,640,640,640,640,640,746,0,320,333.91514061528284,142.95747799997116,1400.2631590000192,290.4919571045576
1789904685,100,GET,GET /api/bookings/me [auth],15.200000,0.000000,270,320,360,380,470,540,640,660,750,750,750,2931,0,250,268.8502222524731,74.4635590000371,2131.379423999988,4778.808256567724
1789904685,100,GET,GET /api/events,65.200000,0.000000,240,280,310,330,370,430,480,520,720,720,720,11429,0,230,251.54689365351302,14.60263500007386,2176.4711910000187,8636.731297576342
1789904685,100,GET,GET /api/events/{id},26.600000,0.000000,230,270,290,310,410,480,540,610,630,630,630,4605,0,230,257.0265342314887,22.819426000069143,2457.589189000032,428.1646036916395
1789904685,100,GET,GET /api/events?city,38.500000,0.000000,220,270,300,320,370,410,500,550,600,600,600,6867,0,220,250.06265207703575,20.26550900006896,2086.489680999989,8665.37760302898
1789904685,100,POST,POST /api/auth/login,0.000000,0.000000,0,0,0,0,0,0,0,0,0,0,0,30,0,2700,2581.041040066664,1665.7984360000455,4027.322984999955,414.3
1789904685,100,POST,POST /api/auth/register,0.000000,0.000000,0,0,0,0,0,0,0,0,0,0,0,30,0,3100,2903.5319957666684,1031.5803199999891,3955.050796000023,131.76666666666668
1789904685,100,POST,POST /api/bookings [auth],13.700000,0.000000,310,350,380,410,480,520,610,710,710,710,710,2202,0,300,315.3389518605821,110.59802799991303,2122.1652660000245,265.50999091734786
1789904685,100,,Aggregated,163.500000,0.000000,250,290,320,340,400,460,530,590,720,750,750,28940,0,240,268.26775978365646,14.60263500007386,4027.322984999955,6195.970525224603
1789904686,100,GET,/api/events [warmup],0.000000,0.000000,0,0,0,0,0,0,0,0,0,0,0,100,0,750,919.3783923100023,161.67094200000065,2319.9825649999184,43009.1
1789904686,100,DELETE,DELETE /api/bookings/{id} [auth],4.300000,0.000000,330,370,390,390,430,480,510,510,510,510,510,750,0,320,333.6081859000015,142.95747799997116,1400.2631590000192,290.492
1789904686,100,GET,GET /api/bookings/me [auth],15.100000,0.000000,260,300,330,350,420,480,570,640,750,750,750,2943,0,250,268.89020050356726,74.4635590000371,2131.379423999988,4782.010193679918
1789904686,100,GET,GET /api/events,65.000000,0.000000,230,270,290,310,350,390,460,500,720,720,720,11498,0,230,251.55180333127484,14.60263500007386,2176.4711910000187,8636.726735084363
1789904686,100,GET,GET /api/events/{id},25.600000,0.000000,230,260,290,300,380,450,510,540,560,560,560,4624,0,230,256.9341938302348,22.819426000069143,2457.589189000032,428.1641435986159
1789904686,100,GET,GET /api/events?city,38.400000,0.000000,230,270,300,310,350,400,500,550,600,600,600,6900,0,220,250.0185039402905,20.26550900006896,2086.489680999989,8665.431449275362
1789904686,100,POST,POST /api/auth/login,0.000000,0.000000,0,0,0,0,0,0,0,0,0,0,0,30,0,2700,2581.041040066664,1665.7984360000455,4027.322984999955,414.3
1789904686,100,POST,POST /api/auth/register,0.000000,0.000000,0,0,0,0,0,0,0,0,0,0,0,30,0,3100,2903.5319957666684,1031.5803199999891,3955.050796000023,131.76666666666668
1789904686,100,POST,POST /api/bookings [auth],13.600000,0.000000,300,330,370,380,440,490,530,710,710,710,710,2222,0,300,315.1011008658874,110.59802799991303,2122.1652660000245,265.51665166516653
1789904686,100,,Aggregated,162.000000,0.000000,240,280,310,330,380,430,500,540,720,750,750,29097,0,240,268.19650479771167,14.60263500007386,4027.322984999955,6195.655462762484
1789904687,100,GET,/api/events [warmup],0.000000,0.000000,0,0,0,0,0,0,0,0,0,0,0,100,0,750,919.3783923100023,161.67094200000065,2319.9825649999184,43009.1
1789904687,100,DELETE,DELETE /api/bookings/{id} [auth],4.800000,0.000000,320,380,390,390,430,480,510,510,510,510,510,754,0,320,333.32205990451075,142.95747799997116,1400.2631590000192,290.49602122015915
1789904687,100,GET,GET /api/bookings/me [auth],14.400000,0.000000,270,310,350,360,420,500,570,640,750,750,750,2959,0,250,268.94812944846177,74.4635590000371,2131.379423999988,4786.2595471443055
1789904687,100,GET,GET /api/events,64.700000,0.000000,230,270,290,310,350,410,470,500,720,720,720,11560,0,230,251.45684783044987,14.60263500007386,2176.4711910000187,8636.722837370242
1789904687,100,GET,GET /api/events/{id},23.600000,0.000000,220,260,280,300,370,450,510,540,560,560,560,4653,0,230,256.63700595207524,22.819426000069143,2457.589189000032,428.15882226520523
1789904687,100,GET,GET /api/events?city,38.100000,0.000000,220,270,300,310,350,400,500,550,600,600,600,6943,0,220,249.8399588333581,20.26550900006896,2086.489680999989,8665.403715972923
1789904687,100,POST,POST /api/auth/login,0.000000,0.000000,0,0,0,0,0,0,0,0,0,0,0,30,0,2700,2581.041040066664,1665.7984360000455,4027.322984999955,414.3
1789904687,100,POST,POST /api/auth/register,0.000000,0.000000,0,0,0,0,0,0,0,0,0,0,0,30,0,3100,2903.5319957666684,1031.5803199999891,3955.050796000023,131.76666666666668
1789904687,100,POST,POST /api/bookings [auth],13.100000,0.000000,300,350,370,400,450,500,530,710,710,710,710,2234,0,300,315.10175648030554,110.59802799991303,2122.1652660000245,265.52014324082364
1789904687,100,,Aggregated,158.700000,0.000000,240,280,310,330,380,440,500,540,720,750,750,29263,0,240,268.0233293334252,14.60263500007386,4027.322984999955,6195.150087140758
1789904688,100,GET,/api/events [warmup],0.000000,0.000000,0,0,0,0,0,0,0,0,0,0,0,100,0,750,919.3783923100023,161.67094200000065,2319.9825649999184,43009.1
1789904688,100,DELETE,DELETE /api/bookings/{id} [auth],5.200000,0.000000,320,380,390,400,430,480,510,510,510,510,510,758,0,320,333.15106507124193,142.95747799997116,1400.2631590000192,290.4986807387863
1789904688,100,GET,GET /api/bookings/me [auth],14.600000,0.000000,270,300,350,360,420,480,570,640,750,750,750,2979,0,250,268.84463123766307,74.4635590000371,2131.379423999988,4791.445115810675
1789904688,100,GET,GET /api/events,65.600000,0.000000,240,270,290,310,350,410,470,500,720,720,720,11631,0,230,251.27448405442354,14.60263500007386,2176.4711910000187,8636.724615252342
1789904688,100,GET,GET /api/events/{id},22.700000,0.000000,230,260,290,300,380,460,520,540,560,560,560,4683,0,230,256.5278251074109,22.819426000069143,2457.589189000032,428.1659192825112
1789904688,100,GET,GET /api/events?city,39.400000,0.000000,230,270,300,320,350,400,500,550,600,600,600,6978,0,220,249.65590529077164,20.26550900006896,2086.489680999989,8665.514330753798
1789904688,100,POST,POST /api/auth/login,0.000000,0.000000,0,0,0,0,0,0,0,0,0,0,0,30,0,2700,2581.041040066664,1665.7984360000455,4027.322984999955,414.3
1789904688,100,POST,POST /api/auth/register,0.000000,0.000000,0,0,0,0,0,0,0,0,0,0,0,30,0,3100,2903.5319957666684,1031.5803199999891,3955.050796000023,131.76666666666668
1789904688,100,POST,POST /api/bookings [auth],13.300000,0.000000,300,350,370,390,450,500,530,710,710,710,710,2248,0,300,314.8727796192182,110.59802799991303,2122.1652660000245,265.5253558718861
1789904688,100,,Aggregated,160.800000,0.000000,240,280,310,330,380,440,500,540,720,750,750,29437,0,240,267.8166232566164,14.60263500007386,4027.322984999955,6194.072425858613
1789904689,100,GET,/api/events [warmup],0.000000,0.000000,0,0,0,0,0,0,0,0,0,0,0,100,0,750,919.3783923100023,161.67094200000065,2319.9825649999184,43009.1
1789904689,100,DELETE,DELETE /api/bookings/{id} [auth],4.700000,0.000000,320,380,390,400,430,480,510,510,510,510,510,763,0,320,333.4668905360439,142.95747799997116,1400.2631590000192,290.4967234600262
1789904689,100,GET,GET /api/bookings/me [auth],14.300000,0.000000,260,300,350,360,420,500,570,640,750,750,750,2995,0,250,269.04897247545824,74.4635590000371,2131.379423999988,4795.652086811352
1789904689,100,GET,GET /api/events,63.600000,0.000000,230,270,290,310,350,420,480,520,720,720,720,11692,0,230,251.3339457058673,14.60263500007386,2176.4711910000187,8636.719893944577
1789904689,100,GET,GET /api/events/{id},23.000000,0.000000,230,270,290,310,390,460,520,540,560,560,560,4708,0,230,256.56874513806406,22.819426000069143,2457.589189000032,428.1714103653356
1789904689,100,GET,GET /api/events?city,39.200000,0.000000,230,270,300,320,370,400,490,550,730,730,730,7014,0,220,249.86377560536147,20.26550900006896,2086.489680999989,8665.471485600228
1789904689,100,POST,POST /api/auth/login,0.000000,0.000000,0,0,0,0,0,0,0,0,0,0,0,30,0,2700,2581.041040066664,1665.7984360000455,4027.322984999955,414.3
1789904689,100,POST,POST /api/auth/register,0.000000,0.000000,0,0,0,0,0,0,0,0,0,0,0,30,0,3100,2903.5319957666684,1031.5803199999891,3955.050796000023,131.76666666666668
1789904689,100,POST,POST /api/bookings [auth],14.100000,0.000000,300,350,360,380,430,490,710,710,740,740,740,2258,0,300,315.01125714127653,110.59802799991303,2122.1652660000245,265.52701505757307
1789904689,100,,Aggregated,158.900000,0.000000,250,280,310,330,380,440,510,550,740,750,750,29590,0,240,267.8970607087874,14.60263500007386,4027.322984999955,6193.898479215952
1789904690,100,GET,/api/events [warmup],0.000000,0.000000,0,0,0,0,0,0,0,0,0,0,0,100,0,750,919.3783923100023,161.67094200000065,2319.9825649999184,43009.1
1789904690,100,DELETE,DELETE /api/bookings/{id} [auth],4.800000,0.000000,320,380,390,400,430,480,510,510,510,510,510,764,0,320,333.316779748693,142.95747799997116,1400.2631590000192,290.5
1789904690,100,GET,GET /api/bookings/me [auth],13.800000,0.000000,260,290,330,350,410,500,570,640,750,750,750,3010,0,250,268.82812760132805,74.4635590000371,2131.379423999988,4799.525913621263
1789904690,100,GET,GET /api/events,62.500000,0.000000,230,260,280,300,340,410,470,510,720,720,720,11753,0,230,251.2385730096997,14.60263500007386,2176.4711910000187,8636.710712158598
1789904690,100,GET,GET /api/events/{id},23.800000,0.000000,230,260,280,300,360,410,500,540,560,560,560,4734,0,230,256.5203326489237,22.819426000069143,2457.589189000032,428.1736375158428
1789904690,100,GET,GET /api/events?city,38.800000,0.000000,220,260,290,310,350,400,490,550,730,730,730,7064,0,220,249.59762565571995,20.26550900006896,2086.489680999989,8665.424546998867
1789904690,100,POST,POST /api/auth/login,0.000000,0.000000,0,0,0,0,0,0,0,0,0,0,0,30,0,2700,2581.041040066664,1665.7984360000455,4027.322984999955,414.3
1789904690,100,POST,POST /api/auth/register,0.000000,0.000000,0,0,0,0,0,0,0,0,0,0,0,30,0,3100,2903.5319957666684,1031.5803199999891,3955.050796000023,131.76666666666668
1789904690,100,POST,POST /api/bookings [auth],14.200000,0.000000,300,330,360,380,430,480,710,710,740,740,740,2276,0,300,314.7990149398077,110.59802799991303,2122.1652660000245,265.53075571177504
1789904690,100,,Aggregated,157.900000,0.000000,240,270,300,320,380,430,500,550,740,750,750,29761,0,240,267.70323924236476,14.60263500007386,4027.322984999955,6193.90978125735
1789904691,100,GET,/api/events [warmup],0.000000,0.000000,0,0,0,0,0,0,0,0,0,0,0,100,0,750,919.3783923100023,161.67094200000065,2319.9825649999184,43009.1
1789904691,100,DELETE,DELETE /api/bookings/{id} [auth],5.000000,0.000000,330,380,390,400,430,480,510,510,510,510,510,766,0,320,333.26272171540666,142.95747799997116,1400.2631590000192,290.5013054830287
1789904691,100,GET,GET /api/bookings/me [auth],14.400000,0.000000,260,300,330,350,420,500,570,640,750,750,750,3027,0,250,268.6964984952088,74.4635590000371,2131.379423999988,4803.847703997357
1789904691,100,GET,GET /api/events,63.800000,0.000000,240,260,290,300,350,410,470,510,720,720,720,11813,0,230,251.05609272987402,14.60263500007386,2176.4711910000187,8636.707017692373
1789904691,100,GET,GET /api/events/{id},23.500000,0.000000,230,260,280,300,370,410,500,540,560,560,560,4759,0,230,256.26438639125973,22.819426000069143,2457.589189000032,428.16495061987814
1789904691,100,GET,GET /api/events?city,38.800000,0.000000,230,270,300,310,360,400,490,550,730,730,730,7099,0,220,249.34898186012194,20.26550900006896,2086.489680999989,8665.502183406114
1789904691,100,POST,POST /api/auth/login,0.000000,0.000000,0,0,0,0,0,0,0,0,0,0,0,30,0,2700,2581.041040066664,1665.7984360000455,4027.322984999955,414.3
1789904691,100,POST,POST /api/auth/register,0.000000,0.000000,0,0,0,0,0,0,0,0,0,0,0,30,0,3100,2903.5319957666684,1031.5803199999891,3955.050796000023,131.76666666666668
1789904691,100,POST,POST /api/bookings [auth],13.900000,0.000000,300,350,360,380,440,490,710,710,740,740,740,2289,0,300,314.7035136601146,110.59802799991303,2122.1652660000245,265.53429445172566
1789904691,100,,Aggregated,159.400000,0.000000,240,280,300,320,380,430,500,550,740,750,750,29913,0,240,267.47137295931606,14.60263500007386,4027.322984999955,6193.572292982984
1789904692,100,GET,/api/events [warmup],0.000000,0.000000,0,0,0,0,0,0,0,0,0,0,0,100,0,750,919.3783923100023,161.67094200000065,2319.9825649999184,43009.1
1789904692,100,DELETE,DELETE /api/bookings/{id} [auth],4.400000,0.000000,320,380,380,400,410,480,510,510,510,510,510,771,0,320,333.20738906874396,142.95747799997116,1400.2631590000192,290.50194552529183
1789904692,100,GET,GET /api/bookings/me [auth],15.200000,0.000000,260,290,330,350,420,470,530,570,750,750,750,3043,0,250,268.60308804502046,74.4635590000371,2131.379423999988,4807.813013473546
1789904692,100,GET,GET /api/events,63.700000,0.000000,230,260,290,300,340,410,470,510,720,720,720,11881,0,230,250.93665116278115,14.60263500007386,2176.4711910000187,8636.705327834357
1789904692,100,GET,GET /api/events/{id},23.400000,0.000000,230,260,280,300,370,450,560,560,680,680,680,4793,0,230,256.2396472151064,22.819426000069143,2457.589189000032,428.1667014395994
1789904692,100,GET,GET /api/events?city,38.500000,0.000000,220,260,300,310,350,430,500,550,730,730,730,7142,0,220,249.32269070736578,20.26550900006896,2086.489680999989,8665.36390366844
1789904692,100,POST,POST /api/auth/login,0.000000,0.000000,0,0,0,0,0,0,0,0,0,0,0,30,0,2700,2581.041040066664,1665.7984360000455,4027.322984999955,414.3
1789904692,100,POST,POST /api/auth/register,0.000000,0.000000,0,0,0,0,0,0,0,0,0,0,0,30,0,3100,2903.5319957666684,1031.5803199999891,3955.050796000023,131.76666666666668
1789904692,100,POST,POST /api/bookings [auth],14.200000,0.000000,300,330,360,380,430,480,670,710,740,740,740,2303,0,300,314.9184454146777,110.59802799991303,2122.1652660000245,265.53842813721235
1789904692,100,,Aggregated,159.400000,0.000000,240,270,300,320,380,430,500,560,740,750,750,30093,0,240,267.3775277502417,14.60263500007386,4027.322984999955,6192.001694746286
1789904693,100,GET,/api/events [warmup],0.000000,0.000000,0,0,0,0,0,0,0,0,0,0,0,100,0,750,919.3783923100023,161.67094200000065,2319.9825649999184,43009.1
1789904693,100,DELETE,DELETE /api/bookings/{id} [auth],4.100000,0.000000,320,380,380,390,400,410,430,430,430,430,430,776,0,320,333.27747484665105,142.95747799997116,1400.2631590000192,290.5064432989691
1789904693,100,GET,GET /api/bookings/me [auth],15.200000,0.000000,260,290,330,350,380,460,530,570,750,750,750,3055,0,250,268.6464973306049,74.4635590000371,2131.379423999988,4810.800654664485
1789904693,100,GET,GET /api/events,64.100000,0.000000,230,260,280,300,340,390,480,520,720,720,720,11939,0,230,250.9538058537569,14.60263500007386,2176.4711910000187,8636.712454979479
1789904693,100,GET,GET /api/events/{id},23.300000,0.000000,220,250,280,300,380,460,560,560,680,680,680,4810,0,230,256.20245752266214,22.819426000069143,2457.589189000032,428.16195426195424
1789904693,100,GET,GET /api/events?city,39.800000,0.000000,220,260,290,310,350,420,520,550,730,730,730,7183,0,220,249.41542907879807,20.26550900006896,2086.489680999989,8665.339830154531
1789904693,100,POST,POST /api/auth/login,0.000000,0.000000,0,0,0,0,0,0,0,0,0,0,0,30,0,2700,2581.041040066664,1665.7984360000455,4027.322984999955,414.3
1789904693,100,POST,POST /api/auth/register,0.000000,0.000000,0,0,0,0,0,0,0,0,0,0,0,30,0,3100,2903.5319957666684,1031.5803199999891,3955.050796000023,131.76666666666668
1789904693,100,POST,POST /api/bookings [auth],14.400000,0.000000,300,320,350,380,420,470,670,710,740,740,740,2316,0,300,314.84634728497525,110.59802799991303,2122.1652660000245,265.53929188255614
1789904693,100,,Aggregated,160.900000,0.000000,240,270,300,320,370,420,500,560,740,750,750,30239,0,240,267.3706100165028,14.60263500007386,4027.322984999955,6193.029366050465
1789904694,100,GET,/api/events [warmup],0.000000,0.000000,0,0,0,0,0,0,0,0,0,0,0,100,0,750,919.3783923100023,161.67094200000065,2319.9825649999184,43009.1
1789904694,100,DELETE,DELETE /api/bookings/{id} [auth],4.000000,0.000000,320,360,380,400,410,470,520,520,520,520,520,781,0,320,333.56549496286976,142.95747799997116,1400.2631590000192,290.5032010243278
1789904694,100,GET,GET /api/bookings/me [auth],15.600000,0.000000,250,290,340,350,420,500,500,660,750,750,750,3074,0,250,269.12102198340864,74.4635590000371,2131.379423999988,4815.388418998048
1789904694,100,GET,GET /api/events,63.500000,0.000000,230,260,280,290,340,410,490,520,720,720,720,12004,0,230,251.0715008733759,14.60263500007386,2176.4711910000187,8636.707014328556
1789904694,100,GET,GET /api/events/{id},23.400000,0.000000,220,260,280,310,390,450,560,560,680,680,680,4840,0,230,256.4801270873978,22.819426000069143,2457.589189000032,428.16053719008266
1789904694,100,GET,GET /api/events?city,39.400000,0.000000,220,260,290,310,360,420,520,560,730,730,730,7229,0,220,249.55101638373313,20.26550900006896,2086.489680999989,8665.269055194356
1789904694,100,POST,POST /api/auth/login,0.000000,0.000000,0,0,0,0,0,0,0,0,0,0,0,30,0,2700,2581.041040066664,1665.7984360000455,4027.322984999955,414.3
1789904694,100,POST,POST /api/auth/register,0.000000,0.000000,0,0,0,0,0,0,0,0,0,0,0,30,0,3100,2903.5319957666684,1031.5803199999891,3955.050796000023,131.76666666666668
1789904694,100,POST,POST /api/bookings [auth],14.400000,0.000000,290,320,350,380,450,520,670,710,740,740,740,2328,0,300,315.1275049063587,110.59802799991303,2122.1652660000245,265.5420962199313
1789904694,100,,Aggregated,160.300000,0.000000,240,270,300,320,380,440,510,570,740,750,750,30416,0,240,267.52745081194206,14.60263500007386,4027.322984999955,6192.576900315624
1789904695,100,GET,/api/events [warmup],0.000000,0.000000,0,0,0,0,0,0,0,0,0,0,0,100,0,750,919.3783923100023,161.67094200000065,2319.9825649999184,43009.1
1789904695,100,DELETE,DELETE /api/bookings/{id} [auth],4.100000,0.000000,350,380,380,400,410,470,520,520,520,520,520,785,0,320,333.64837735286795,142.95747799997116,1400.2631590000192,290.5057324840764
1789904695,100,GET,GET /api/bookings/me [auth],15.500000,0.000000,250,290,340,360,420,500,500,500,660,660,660,3095,0,250,269.1703908617121,74.4635590000371,2131.379423999988,4820.3557350565425
1789904695,100,GET,GET /api/events,63.200000,0.000000,230,260,280,290,340,400,460,500,670,670,670,12079,0,230,250.9394630123359,14.60263500007386,2176.4711910000187,8636.70676380495
1789904695,100,GET,GET /api/events/{id},24.100000,0.000000,220,260,280,300,390,450,560,560,680,680,680,4855,0,230,256.37885953264794,22.819426000069143,2457.589189000032,428.1598352214212
1789904695,100,GET,GET /api/events?city,39.000000,0.000000,220,260,290,300,350,420,460,560,730,730,730,7256,0,220,249.40043006381026,20.26550900006896,2086.489680999989,8665.242144432194
1789904695,100,POST,POST /api/auth/login,0.000000,0.000000,0,0,0,0,0,0,0,0,0,0,0,30,0,2700,2581.041040066664,1665.7984360000455,4027.322984999955,414.3
1789904695,100,POST,POST /api/auth/register,0.000000,0.000000,0,0,0,0,0,0,0,0,0,0,0,30,0,3100,2903.5319957666684,1031.5803199999891,3955.050796000023,131.76666666666668
1789904695,100,POST,POST /api/bookings [auth],14.000000,0.000000,290,320,350,360,420,490,610,670,740,740,740,2337,0,300,314.8745656375709,110.59802799991303,2122.1652660000245,265.5438596491228
1789904695,100,,Aggregated,159.900000,0.000000,240,270,300,310,380,430,500,560,730,740,740,30567,0,240,267.3733072738584,14.60263500007386,4027.322984999955,6194.962214152518
1789904696,100,GET,/api/events [warmup],0.000000,0.000000,0,0,0,0,0,0,0,0,0,0,0,100,0,750,919.3783923100023,161.67094200000065,2319.9825649999184,43009.1
1789904696,100,DELETE,DELETE /api/bookings/{id} [auth],4.300000,0.000000,350,380,380,400,410,430,520,520,520,520,520,791,0,320,333.269100018965,142.95747799997116,1400.2631590000192,290.51201011378004
1789904696,100,GET,GET /api/bookings/me [auth],14.900000,0.000000,250,290,330,340,420,460,500,500,660,660,660,3111,0,250,269.10831798167766,74.4635590000371,2131.379423999988,4824.036322725811
1789904696,100,GET,GET /api/events,63.500000,0.000000,230,260,280,290,330,390,440,490,580,580,580,12144,0,230,250.91783125222352,14.60263500007386,2176.4711910000187,8636.705121870882
1789904696,100,GET,GET /api/events/{id},24.200000,0.000000,220,260,280,310,390,440,510,560,680,680,680,4885,0,230,256.2003619072684,22.819426000069143,2457.589189000032,428.16171954964176
1789904696,100,GET,GET /api/events?city,39.400000,0.000000,220,260,280,300,350,400,460,560,730,730,730,7301,0,220,249.32063352157354,20.26550900006896,2086.489680999989,8665.215176003287
1789904696,100,POST,POST /api/auth/login,0.000000,0.000000,0,0,0,0,0,0,0,0,0,0,0,30,0,2700,2581.041040066664,1665.7984360000455,4027.322984999955,414.3
1789904696,100,POST,POST /api/auth/register,0.000000,0.000000,0,0,0,0,0,0,0,0,0,0,0,30,0,3100,2903.5319957666684,1031.5803199999891,3955.050796000023,131.76666666666668
1789904696,100,POST,POST /api/bookings [auth],13.200000,0.000000,290,320,350,370,440,520,610,670,740,740,740,2351,0,300,314.810226932796,110.59802799991303,2122.1652660000245,265.54870267971074
1789904696,100,,Aggregated,159.500000,0.000000,230,270,300,310,370,420,500,560,730,740,740,30743,0,240,267.26020769495585,14.60263500007386,4027.322984999955,6193.9115245747
1789904697,100,GET,/api/events [warmup],0.000000,0.000000,0,0,0,0,0,0,0,0,0,0,0,100,0,750,919.3783923100023,161.67094200000065,2319.9825649999184,43009.1
1789904697,100,DELETE,DELETE /api/bookings/{id} [auth],3.900000,0.000000,350,380,400,400,420,470,520,520,520,520,520,795,0,320,333.3119723283033,142.95747799997116,1400.2631590000192,290.51698113207544
1789904697,100,GET,GET /api/bookings/me [auth],15.800000,0.000000,250,290,330,340,410,460,500,500,660,660,660,3127,0,250,268.9625675529258,74.4635590000371,2131.379423999988,4827.862488007675
1789904697,100,GET,GET /api/events,63.200000,0.000000,230,260,280,300,330,390,440,490,580,580,580,12211,0,230,250.7311531871268,14.60263500007386,2176.4711910000187,8636.694701498649
1789904697,100,GET,GET /api/events/{id},25.200000,0.000000,230,270,300,310,390,440,540,560,680,680,680,4908,0,230,256.1019135454372,22.819426000069143,2457.589189000032,428.16442542787286
1789904697,100,GET,GET /api/events?city,39.900000,0.000000,220,260,290,300,350,400,460,560,730,730,730,7339,0,220,249.1719081046475,20.26550900006896,2086.489680999989,8665.183267475133
1789904697,100,POST,POST /api/auth/login,0.000000,0.000000,0,0,0,0,0,0,0,0,0,0,0,30,0,2700,2581.041040066664,1665.7984360000455,4027.322984999955,414.3
1789904697,100,POST,POST /api/auth/register,0.000000,0.000000,0,0,0,0,0,0,0,0,0,0,0,30,0,3100,2903.5319957666684,1031.5803199999891,3955.050796000023,131.76666666666668
1789904697,100,POST,POST /api/bookings [auth],13.800000,0.000000,290,320,350,370,420,490,610,670,740,740,740,2367,0,300,314.57660073172957,110.59802799991303,2122.1652660000245,265.54837346852554
1789904697,100,,Aggregated,161.800000,0.000000,240,270,300,310,370,420,500,560,730,740,740,30907,0,240,267.0723702658307,14.60263500007386,4027.322984999955,6193.788526870935
1789904698,100,GET,/api/events [warmup],0.000000,0.000000,0,0,0,0,0,0,0,0,0,0,0,100,0,750,919.3783923100023,161.67094200000065,2319.9825649999184,43009.1
1789904698,100,DELETE,DELETE /api/bookings/{id} [auth],3.800000,0.000000,350,370,380,400,430,470,520,520,520,520,520,800,0,320,333.2684177300013,142.95747799997116,1400.2631590000192,290.52
1789904698,100,GET,GET /api/bookings/me [auth],16.300000,0.000000,250,310,340,350,420,460,500,500,660,660,660,3141,0,250,269.18849483699427,74.4635590000371,2131.379423999988,4830.928685132124
1789904698,100,GET,GET /api/events,65.300000,0.000000,230,260,290,300,340,390,440,490,580,580,580,12267,0,230,250.7955366714766,14.60263500007386,2176.4711910000187,8636.701475503383
1789904698,100,GET,GET /api/events/{id},26.100000,0.000000,230,280,310,320,390,430,510,560,680,680,680,4944,0,230,256.3139196848719,22.819426000069143,2457.589189000032,428.1543284789644
1789904698,100,GET,GET /api/events?city,38.500000,0.000000,220,260,290,300,350,390,460,560,730,730,730,7377,0,220,249.00423242659738,20.26550900006896,2086.489680999989,8665.11427409516
1789904698,100,POST,POST /api/auth/login,0.000000,0.000000,0,0,0,0,0,0,0,0,0,0,0,30,0,2700,2581.041040066664,1665.7984360000455,4027.322984999955,414.3
1789904698,100,POST,POST /api/auth/register,0.000000,0.000000,0,0,0,0,0,0,0,0,0,0,0,30,0,3100,2903.5319957666684,1031.5803199999891,3955.050796000023,131.76666666666668
1789904698,100,POST,POST /api/bookings [auth],13.500000,0.000000,300,320,350,370,460,530,610,670,740,740,740,2381,0,300,314.701614730787,110.59802799991303,2122.1652660000245,265.55186896262074
1789904698,100,,Aggregated,163.500000,0.000000,240,280,300,320,380,420,500,560,730,740,740,31070,0,240,267.0918719449316,14.60263500007386,4027.322984999955,6190.592018023817
1789904699,100,GET,/api/events [warmup],0.000000,0.000000,0,0,0,0,0,0,0,0,0,0,0,100,0,750,919.3783923100023,161.67094200000065,2319.9825649999184,43009.1
1789904699,100,DELETE,DELETE /api/bookings/{id} [auth],4.100000,0.000000,340,370,380,400,430,470,520,520,520,520,520,807,0,320,333.24472162701477,142.95747799997116,1400.2631590000192,290.52044609665427
1789904699,100,GET,GET /api/bookings/me [auth],16.800000,0.000000,250,300,330,350,420,460,500,500,660,660,660,3150,0,250,269.1542317815867,74.4635590000371,2131.379423999988,4833.0603174603175
1789904699,100,GET,GET /api/events,64.600000,0.000000,230,260,290,300,340,390,430,470,550,550,550,12322,0,230,250.7361170132285,14.60263500007386,2176.4711910000187,8636.701184872585
1789904699,100,GET,GET /api/events/{id},25.800000,0.000000,240,290,310,330,390,440,510,560,680,680,680,4976,0,230,256.4998349079595,22.819426000069143,2457.589189000032,428.15574758842445
1789904699,100,GET,GET /api/events?city,39.500000,0.000000,220,260,280,300,340,380,440,550,630,630,630,7414,0,220,248.9058550770177,20.26550900006896,2086.489680999989,8665.164958187213
1789904699,100,POST,POST /api/auth/login,0.000000,0.000000,0,0,0,0,0,0,0,0,0,0,0,30,0,2700,2581.041040066664,1665.7984360000455,4027.322984999955,414.3
1789904699,100,POST,POST /api/auth/register,0.000000,0.000000,0,0,0,0,0,0,0,0,0,0,0,30,0,3100,2903.5319957666684,1031.5803199999891,3955.050796000023,131.76666666666668
1789904699,100,POST,POST /api/bookings [auth],12.800000,0.000000,300,320,370,400,470,540,590,610,670,670,670,2397,0,300,314.90923098289664,110.59802799991303,2122.1652660000245,265.55402586566544
1789904699,100,,Aggregated,163.600000,0.000000,240,280,300,320,380,430,490,550,670,680,680,31226,0,240,267.06521486315967,14.60263500007386,4027.322984999955,6187.404182412092
1789904700,100,GET,/api/events [warmup],0.000000,0.000000,0,0,0,0,0,0,0,0,0,0,0,100,0,750,919.3783923100023,161.67094200000065,2319.9825649999184,43009.1
1789904700,100,DELETE,DELETE /api/bookings/{id} [auth],4.000000,0.000000,350,380,400,410,470,470,520,520,520,520,520,811,0,320,333.58819415536493,142.95747799997116,1400.2631590000192,290.5252774352651
1789904700,100,GET,GET /api/bookings/me [auth],16.800000,0.000000,250,320,340,350,420,460,500,500,660,660,660,3158,0,250,269.040757074097,74.4635590000371,2131.379423999988,4835.003483217226
1789904700,100,GET,GET /api/events,64.300000,0.000000,240,270,290,300,330,390,430,470,550,550,550,12394,0,230,250.75217823027285,14.60263500007386,2176.4711910000187,8636.687671453928
1789904700,100,GET,GET /api/events/{id},25.300000,0.000000,250,290,320,330,390,440,510,560,680,680,680,4992,0,230,256.5197036610591,22.819426000069143,2457.589189000032,428.16205929487177
1789904700,100,GET,GET /api/events?city,39.400000,0.000000,230,260,290,300,340,380,440,550,630,630,630,7454,0,220,248.9304314876588,20.26550900006896,2086.489680999989,8665.261738663805
1789904700,100,POST,POST /api/auth/login,0.000000,0.000000,0,0,0,0,0,0,0,0,0,0,0,30,0,2700,2581.041040066664,1665.7984360000455,4027.322984999955,414.3
1789904700,100,POST,POST /api/auth/register,0.000000,0.000000,0,0,0,0,0,0,0,0,0,0,0,30,0,3100,2903.5319957666684,1031.5803199999891,3955.050796000023,131.76666666666668
1789904700,100,POST,POST /api/bookings [auth],12.500000,0.000000,300,340,370,400,470,540,590,610,670,670,670,2410,0,300,314.8853879962669,110.59802799991303,2122.1652660000245,265.5560165975104
1789904700,100,,Aggregated,162.300000,0.000000,240,280,310,320,380,430,490,550,670,680,680,31379,0,240,267.03897019178504,14.60263500007386,4027.322984999955,6189.910194716212
1789904701,100,GET,/api/events [warmup],0.000000,0.000000,0,0,0,0,0,0,0,0,0,0,0,100,0,750,919.3783923100023,161.67094200000065,2319.9825649999184,43009.1
1789904701,100,DELETE,DELETE /api/bookings/{id} [auth],4.000000,0.000000,350,380,400,420,470,470,520,520,520,520,520,813,0,320,333.6536683222645,142.95747799997116,1400.2631590000192,290.52644526445266
1789904701,100,GET,GET /api/bookings/me [auth],16.000000,0.000000,250,300,340,350,420,460,500,500,660,660,660,3181,0,250,268.89850443508277,74.4635590000371,2131.379423999988,4840.302420622445
1789904701,100,GET,GET /api/events,64.200000,0.000000,240,260,290,300,330,390,440,480,550,550,550,12453,0,230,250.64944589625006,14.60263500007386,2176.4711910000187,8636.690195133702
1789904701,100,GET,GET /api/events/{id},26.100000,0.000000,250,290,310,330,390,440,520,560,680,680,680,5011,0,230,256.3805198615062,22.819426000069143,2457.589189000032,428.1568549191778
1789904701,100,GET,GET /api/events?city,40.300000,0.000000,230,260,290,300,350,380,450,550,630,630,630,7497,0,220,248.87199638015332,20.26550900006896,2086.489680999989,8665.194611177805
1789904701,100,POST,POST /api/auth/login,0.000000,0.000000,0,0,0,0,0,0,0,0,0,0,0,30,0,2700,2581.041040066664,1665.7984360000455,4027.322984999955,414.3
1789904701,100,POST,POST /api/auth/register,0.000000,0.000000,0,0,0,0,0,0,0,0,0,0,0,30,0,3100,2903.5319957666684,1031.5803199999891,3955.050796000023,131.76666666666668
1789904701,100,POST,POST /api/bookings [auth],13.600000,0.000000,300,330,370,380,460,540,570,590,610,610,610,2423,0,300,314.92130319603933,110.59802799991303,2122.1652660000245,265.5579859678085
1789904701,100,,Aggregated,164.200000,0.000000,240,280,310,320,380,430,500,550,660,680,680,31538,0,240,266.9164060669043,14.60263500007386,4027.322984999955,6191.105967404401
1789904702,100,GET,/api/events [warmup],0.000000,0.000000,0,0,0,0,0,0,0,0,0,0,0,100,0,750,919.3783923100023,161.67094200000065,2319.9825649999184,43009.1
1789904702,100,DELETE,DELETE /api/bookings/{id} [auth],4.600000,0.000000,370,390,410,420,470,490,590,590,590,590,590,816,0,320,334.08170997426595,142.95747799997116,1400.2631590000192,290.5281862745098
1789904702,100,GET,GET /api/bookings/me [auth],15.200000,0.000000,260,310,340,360,430,490,500,660,940,940,940,3196,0,250,269.2206864893612,74.4635590000371,2131.379423999988,4843.626095118899
1789904702,100,GET,GET /api/events,63.200000,0.000000,240,270,300,310,360,400,450,500,680,680,680,12528,0,230,250.8879281121487,14.60263500007386,2176.4711910000187,8636.691012132822
1789904702,100,GET,GET /api/events/{id},26.200000,0.000000,260,300,320,330,390,430,480,520,560,560,560,5035,0,230,256.5882788520372,22.819426000069143,2457.589189000032,428.15670307845085
1789904702,100,GET,GET /api/events?city,40.100000,0.000000,230,270,290,310,360,400,460,490,630,630,630,7529,0,220,249.0318936915937,20.26550900006896,2086.489680999989,8665.190862000265
1789904702,100,POST,POST /api/auth/login,0.000000,0.000000,0,0,0,0,0,0,0,0,0,0,0,30,0,2700,2581.041040066664,1665.7984360000455,4027.322984999955,414.3
1789904702,100,POST,POST /api/auth/register,0.000000,0.000000,0,0,0,0,0,0,0,0,0,0,0,30,0,3100,2903.5319957666684,1031.5803199999891,3955.050796000023,131.76666666666668
1789904702,100,POST,POST /api/bookings [auth],13.600000,0.000000,300,350,380,410,480,560,590,610,730,730,730,2441,0,300,315.50988490536804,110.59802799991303,2122.1652660000245,265.55837771405163
1789904702,100,,Aggregated,162.900000,0.000000,250,290,310,330,390,440,500,560,730,940,940,31705,0,240,267.1402530746581,14.60263500007386,4027.322984999955,6190.7988014508755
1789904703,100,GET,/api/events [warmup],0.000000,0.000000,0,0,0,0,0,0,0,0,0,0,0,100,0,750,919.3783923100023,161.67094200000065,2319.9825649999184,43009.1
1789904703,100,DELETE,DELETE /api/bookings/{id} [auth],4.700000,0.000000,340,380,400,420,470,470,590,590,590,590,590,822,0,320,333.56605666301857,142.95747799997116,1400.2631590000192,290.5352798053528
1789904703,100,GET,GET /api/bookings/me [auth],15.000000,0.000000,250,290,320,340,410,480,500,660,940,940,940,3214,0,250,269.0345029374608,74.4635590000371,2131.379423999988,4847.6869943995025
1789904703,100,GET,GET /api/events,62.800000,0.000000,240,260,290,300,330,380,430,480,680,680,680,12582,0,230,250.71283355229673,14.60263500007386,2176.4711910000187,8636.687569543792
1789904703,100,GET,GET /api/events/{id},25.800000,0.000000,250,290,310,320,380,420,450,480,560,560,560,5065,0,230,256.41104721658576,22.819426000069143,2457.589189000032,428.16011846001976
1789904703,100,GET,GET /api/events?city,39.300000,0.000000,220,250,280,290,330,380,440,490,590,590,590,7570,0,220,248.80424160105804,20.26550900006896,2086.489680999989,8665.25323645971
1789904703,100,POST,POST /api/auth/login,0.000000,0.000000,0,0,0,0,0,0,0,0,0,0,0,30,0,2700,2581.041040066664,1665.7984360000455,4027.322984999955,414.3
1789904703,100,POST,POST /api/auth/register,0.000000,0.000000,0,0,0,0,0,0,0,0,0,0,0,30,0,3100,2903.5319957666684,1031.5803199999891,3955.050796000023,131.76666666666668
1789904703,100,POST,POST /api/bookings [auth],13.600000,0.000000,300,340,380,410,470,540,590,610,730,730,730,2452,0,300,315.3043973466574,110.59802799991303,2122.1652660000245,265.5603588907015
1789904703,100,,Aggregated,161.200000,0.000000,240,280,300,320,380,420,490,540,730,940,940,31865,0,240,266.9106712206195,14.60263500007386,4027.322984999955,6189.208630158481
1789904704,100,GET,/api/events [warmup],0.000000,0.000000,0,0,0,0,0,0,0,0,0,0,0,100,0,750,919.3783923100023,161.67094200000065,2319.9825649999184,43009.1
1789904704,100,DELETE,DELETE /api/bookings/{id} [auth],4.500000,0.000000,350,380,400,420,470,540,910,910,910,910,910,831,0,320,334.71068309988107,142.95747799997116,1400.2631590000192,290.53910950661856
1789904704,100,GET,GET /api/bookings/me [auth],14.800000,0.000000,250,290,320,340,390,430,500,500,940,940,940,3224,0,250,269.0151151513645,74.4635590000371,2131.379423999988,4850.003722084367
1789904704,100,GET,GET /api/events,63.000000,0.000000,240,270,290,310,350,390,440,480,680,680,680,12645,0,230,250.86834041083418,14.60263500007386,2176.4711910000187,8636.695452748121
1789904704,100,GET,GET /api/events/{id},24.700000,0.000000,260,300,320,330,380,420,480,520,560,560,560,5090,0,230,256.6860228589406,22.819426000069143,2457.589189000032,428.15834970530454
1789904704,100,GET,GET /api/events?city,39.200000,0.000000,230,260,280,300,340,380,450,490,720,720,720,7612,0,220,248.91174450315415,20.26550900006896,2086.489680999989,8665.181161324224
1789904704,100,POST,POST /api/auth/login,0.000000,0.000000,0,0,0,0,0,0,0,0,0,0,0,30,0,2700,2581.041040066664,1665.7984360000455,4027.322984999955,414.3
1789904704,100,POST,POST /api/auth/register,0.000000,0.000000,0,0,0,0,0,0,0,0,0,0,0,30,0,3100,2903.5319957666684,1031.5803199999891,3955.050796000023,131.76666666666668
1789904704,100,POST,POST /api/bookings [auth],13.300000,0.000000,300,360,380,410,470,530,560,590,730,730,730,2465,0,300,315.50671836511333,110.59802799991303,2122.1652660000245,265.5634888438134
1789904704,100,,Aggregated,159.500000,0.000000,250,280,310,320,380,420,490,540,910,940,940,32027,0,240,267.05987510491303,14.60263500007386,4027.322984999955,6188.511412245917
1789904705,100,GET,/api/events [warmup],0.000000,0.000000,0,0,0,0,0,0,0,0,0,0,0,100,0,750,919.3783923100023,161.67094200000065,2319.9825649999184,43009.1
1789904705,100,DELETE,DELETE /api/bookings/{id} [auth],4.500000,0.000000,350,380,400,420,470,540,910,910,910,910,910,836,0,320,334.6912023492833,142.95747799997116,1400.2631590000192,290.5406698564593
1789904705,100,GET,GET /api/bookings/me [auth],15.400000,0.000000,250,280,300,320,380,430,490,500,940,940,940,3238,0,250,268.99008796757215,74.4635590000371,2131.379423999988,4853.008956145769
1789904705,100,GET,GET /api/events,64.800000,0.000000,240,270,290,310,350,390,440,480,680,680,680,12715,0,230,250.7128133087691,14.60263500007386,2176.4711910000187,8636.697129374754
1789904705,100,GET,GET /api/events/{id},24.100000,0.000000,250,290,310,330,380,420,480,520,560,560,560,5113,0,230,256.5891213383547,22.819426000069143,2457.589189000032,428.15881087424214
1789904705,100,GET,GET /api/events?city,38.400000,0.000000,230,260,280,300,340,380,450,490,720,720,720,7648,0,220,248.85430133799807,20.26550900006896,2086.489680999989,8665.219273012552
1789904705,100,POST,POST /api/auth/login,0.000000,0.000000,0,0,0,0,0,0,0,0,0,0,0,30,0,2700,2581.041040066664,1665.7984360000455,4027.322984999955,414.3
1789904705,100,POST,POST /api/auth/register,0.000000,0.000000,0,0,0,0,0,0,0,0,0,0,0,30,0,3100,2903.5319957666684,1031.5803199999891,3955.050796000023,131.76666666666668
1789904705,100,POST,POST /api/bookings [auth],13.400000,0.000000,300,360,380,410,460,530,560,590,730,730,730,2482,0,300,315.2691072590673,110.59802799991303,2122.1652660000245,265.56768734891216
1789904705,100,,Aggregated,160.600000,0.000000,240,280,300,320,380,420,490,540,910,940,940,32192,0,240,266.9220924385884,14.60263500007386,4027.322984999955,6188.175416252485
1789904706,100,GET,/api/events [warmup],0.000000,0.000000,0,0,0,0,0,0,0,0,0,0,0,100,0,750,919.3783923100023,161.67094200000065,2319.9825649999184,43009.1
1789904706,100,DELETE,DELETE /api/bookings/{id} [auth],4.600000,0.000000,350,390,420,430,470,540,590,910,910,910,910,842,0,320,334.8637148361054,142.95747799997116,1400.2631590000192,290.5463182897862
1789904706,100,GET,GET /api/bookings/me [auth],15.800000,0.000000,250,280,300,320,380,430,490,500,940,940,940,3254,0,250,268.922053439766,74.4635590000371,2131.379423999988,4856.5086047940995
1789904706,100,GET,GET /api/events,63.900000,0.000000,230,270,290,300,350,390,440,480,680,680,680,12791,0,230,250.59738422851984,14.60263500007386,2176.4711910000187,8636.69423813619
1789904706,100,GET,GET /api/events/{id},25.100000,0.000000,260,290,320,330,380,420,480,520,560,560,560,5135,0,230,256.51688576806384,22.819426000069143,2457.589189000032,428.1552093476144
1789904706,100,GET,GET /api/events?city,38.200000,0.000000,230,260,280,300,340,390,450,490,720,720,720,7680,0,220,248.83906116940227,20.26550900006896,2086.489680999989,8665.214713541667
1789904706,100,POST,POST /api/auth/login,0.000000,0.000000,0,0,0,0,0,0,0,0,0,0,0,30,0,2700,2581.041040066664,1665.7984360000455,4027.322984999955,414.3
1789904706,100,POST,POST /api/auth/register,0.000000,0.000000,0,0,0,0,0,0,0,0,0,0,0,30,0,3100,2903.5319957666684,1031.5803199999891,3955.050796000023,131.76666666666668
1789904706,100,POST,POST /api/bookings [auth],13.600000,0.000000,300,360,380,410,460,530,560,590,730,730,730,2492,0,300,315.24233565971304,110.59802799991303,2122.1652660000245,265.56861958266455
1789904706,100,,Aggregated,161.200000,0.000000,240,280,310,320,380,430,480,530,910,940,940,32354,0,240,266.82252211232105,14.60263500007386,4027.322984999955,6189.225134450146
1789904707,100,GET,/api/events [warmup],0.000000,0.000000,0,0,0,0,0,0,0,0,0,0,0,100,0,750,919.3783923100023,161.67094200000065,2319.9825649999184,43009.1
1789904707,100,DELETE,DELETE /api/bookings/{id} [auth],5.000000,0.000000,340,380,400,430,470,540,590,910,910,910,910,847,0,320,334.3167079421499,142.95747799997116,1400.2631590000192,290.5478158205431
1789904707,100,GET,GET /api/bookings/me [auth],14.600000,0.000000,250,280,300,310,370,430,490,500,940,940,940,3273,0,250,268.6335314995411,74.4635590000371,2131.379423999988,4860.545065688971
1789904707,100,GET,GET /api/events,64.800000,0.000000,230,260,280,300,340,390,440,480,680,680,680,12867,0,230,250.4361500537031,14.60263500007386,2176.4711910000187,8636.684230978472
1789904707,100,GET,GET /api/events/{id},25.100000,0.000000,250,290,310,330,380,420,480,520,560,560,560,5157,0,230,256.3842979552081,22.819426000069143,2457.589189000032,428.1551289509405
1789904707,100,GET,GET /api/events?city,37.900000,0.000000,220,260,280,300,340,400,450,490,720,720,720,7724,0,220,248.70279778081434,20.26550900006896,2086.489680999989,8665.20546349042
1789904707,100,POST,POST /api/auth/login,0.000000,0.000000,0,0,0,0,0,0,0,0,0,0,0,30,0,2700,2581.041040066664,1665.7984360000455,4027.322984999955,414.3
1789904707,100,POST,POST /api/auth/register,0.000000,0.000000,0,0,0,0,0,0,0,0,0,0,0,30,0,3100,2903.5319957666684,1031.5803199999891,3955.050796000023,131.76666666666668
1789904707,100,POST,POST /api/bookings [auth],13.800000,0.000000,300,360,380,410,460,530,560,590,730,730,730,2504,0,300,315.1750688242833,110.59802799991303,2122.1652660000245,265.57228434504793
1789904707,100,,Aggregated,161.200000,0.000000,240,280,300,320,380,430,480,530,910,940,940,32532,0,240,266.6172808380069,14.60263500007386,4027.322984999955,6190.925919095045
1789904708,100,GET,/api/events [warmup],0.000000,0.000000,0,0,0,0,0,0,0,0,0,0,0,100,0,750,919.3783923100023,161.67094200000065,2319.9825649999184,43009.1
1789904708,100,DELETE,DELETE /api/bookings/{id} [auth],5.000000,0.000000,340,380,400,430,470,540,910,910,910,910,910,848,0,320,334.3272674634446,142.95747799997116,1400.2631590000192,290.5483490566038
1789904708,100,GET,GET /api/bookings/me [auth],14.000000,0.000000,240,270,280,300,350,390,480,500,940,940,940,3292,0,250,268.48314270534564,74.4635590000371,2131.379423999988,4864.664337788578
1789904708,100,GET,GET /api/events,63.100000,0.000000,240,260,290,310,360,390,460,510,680,680,680,12932,0,230,250.48126759797375,14.60263500007386,2176.4711910000187,8636.67893597278
1789904708,100,GET,GET /api/events/{id},25.100000,0.000000,260,290,310,330,370,420,460,500,560,560,560,5179,0,230,256.457318367447,22.819426000069143,2457.589189000032,428.16393126086115
1789904708,100,GET,GET /api/events?city,39.200000,0.000000,230,270,290,300,350,420,460,490,720,720,720,7759,0,220,248.81504787588725,20.26550900006896,2086.489680999989,8665.145766206986
1789904708,100,POST,POST /api/auth/login,0.000000,0.000000,0,0,0,0,0,0,0,0,0,0,0,30,0,2700,2581.041040066664,1665.7984360000455,4027.322984999955,414.3
1789904708,100,POST,POST /api/auth/register,0.000000,0.000000,0,0,0,0,0,0,0,0,0,0,0,30,0,3100,2903.5319957666684,1031.5803199999891,3955.050796000023,131.76666666666668
1789904708,100,POST,POST /api/bookings [auth],14.400000,0.000000,300,360,390,410,450,520,560,590,730,730,730,2517,0,300,315.0233406007173,110.59802799991303,2122.1652660000245,265.57608263806117
1789904708,100,,Aggregated,160.800000,0.000000,240,280,300,320,380,430,490,540,910,940,940,32687,0,240,266.61109823673155,14.60263500007386,4027.322984999955,6191.650074953345
1789904709,100,GET,/api/events [warmup],0.000000,0.000000,0,0,0,0,0,0,0,0,0,0,0,100,0,750,919.3783923100023,161.67094200000065,2319.9825649999184,43009.1
1789904709,100,DELETE,DELETE /api/bookings/{id} [auth],5.100000,0.000000,330,380,390,400,440,540,910,910,910,910,910,850,0,320,334.1430790011776,142.95747799997116,1400.2631590000192,290.5494117647059
1789904709,100,GET,GET /api/bookings/me [auth],14.100000,0.000000,240,260,280,300,350,410,470,490,940,940,940,3309,0,250,268.2587079697785,74.4635590000371,2131.379423999988,4868.177999395588
1789904709,100,GET,GET /api/events,64.000000,0.000000,230,260,280,300,350,390,460,510,680,680,680,12991,0,230,250.46110023423876,14.60263500007386,2176.4711910000187,8636.683165268263
1789904709,100,GET,GET /api/events/{id},25.200000,0.000000,240,270,290,310,350,400,460,500,560,560,560,5212,0,230,256.18052262816735,22.819426000069143,2457.589189000032,428.1619339984651
1789904709,100,GET,GET /api/events?city,37.800000,0.000000,230,270,290,300,350,420,460,490,720,720,720,7796,0,220,248.7711039639571,20.26550900006896,2086.489680999989,8665.235120574655
1789904709,100,POST,POST /api/auth/login,0.000000,0.000000,0,0,0,0,0,0,0,0,0,0,0,30,0,2700,2581.041040066664,1665.7984360000455,4027.322984999955,414.3
1789904709,100,POST,POST /api/auth/register,0.000000,0.000000,0,0,0,0,0,0,0,0,0,0,0,30,0,3100,2903.5319957666684,1031.5803199999891,3955.050796000023,131.76666666666668
1789904709,100,POST,POST /api/bookings [auth],14.000000,0.000000,300,350,380,400,440,480,540,560,730,730,730,2536,0,300,314.9110145642767,110.59802799991303,2122.1652660000245,265.580047318612
1789904709,100,,Aggregated,160.200000,0.000000,240,270,300,310,370,420,480,530,910,940,940,32854,0,240,266.4866259404654,14.60263500007386,4027.322984999955,6188.941224812808
1789904710,100,GET,/api/events [warmup],0.000000,0.000000,0,0,0,0,0,0,0,0,0,0,0,100,0,750,919.3783923100023,161.67094200000065,2319.9825649999184,43009.1
1789904710,100,DELETE,DELETE /api/bookings/{id} [auth],5.200000,0.000000,330,370,390,400,440,540,910,910,910,910,910,856,0,320,333.85149538201046,142.95747799997116,1400.2631590000192,290.5514018691589
1789904710,100,GET,GET /api/bookings/me [auth],14.700000,0.000000,230,260,280,280,330,370,430,490,940,940,940,3323,0,250,267.952344246463,74.4635590000371,2131.379423999988,4871.066205236232
1789904710,100,GET,GET /api/events,65.500000,0.000000,230,260,270,300,350,400,450,510,680,680,680,13062,0,230,250.25198469085862,14.60263500007386,2176.4711910000187,8636.679834634819
1789904710,100,GET,GET /api/events/{id},24.100000,0.000000,230,260,290,300,350,400,480,500,560,560,560,5244,0,230,255.96604187566896,22.819426000069143,2457.589189000032,428.15751334858885
1789904710,100,GET,GET /api/events?city,38.600000,0.000000,220,260,280,300,350,410,460,460,720,720,720,7829,0,220,248.60098223438615,20.26550900006896,2086.489680999989,8665.326095286755
1789904710,100,POST,POST /api/auth/login,0.000000,0.000000,0,0,0,0,0,0,0,0,0,0,0,30,0,2700,2581.041040066664,1665.7984360000455,4027.322984999955,414.3
1789904710,100,POST,POST /api/auth/register,0.000000,0.000000,0,0,0,0,0,0,0,0,0,0,0,30,0,3100,2903.5319957666684,1031.5803199999891,3955.050796000023,131.76666666666668
1789904710,100,POST,POST /api/bookings [auth],14.200000,0.000000,290,310,360,380,440,480,520,540,730,730,730,2550,0,300,314.6674704831396,110.59802799991303,2122.1652660000245,265.5807843137255
1789904710,100,,Aggregated,162.300000,0.000000,230,270,290,310,370,420,480,520,910,940,940,33024,0,240,266.24376324966835,14.60263500007386,4027.322984999955,6187.263687015504
1789904711,100,GET,/api/events [warmup],0.000000,0.000000,0,0,0,0,0,0,0,0,0,0,0,100,0,750,919.3783923100023,161.67094200000065,2319.9825649999184,43009.1
1789904711,100,DELETE,DELETE /api/bookings/{id} [auth],4.800000,0.000000,330,370,390,400,460,590,910,910,910,910,910,861,0,320,334.05652650290494,142.95747799997116,1400.2631590000192,290.5574912891986
1789904711,100,GET,GET /api/bookings/me [auth],15.600000,0.000000,240,270,280,300,360,430,480,560,940,940,940,3340,0,250,268.30856975568753,74.4635590000371,2131.379423999988,4874.520958083833
1789904711,100,GET,GET /api/events,65.100000,0.000000,230,260,280,310,360,400,460,520,680,680,680,13120,0,230,250.44149679474037,14.60263500007386,2176.4711910000187,8636.688490853658
1789904711,100,GET,GET /api/events/{id},23.800000,0.000000,240,260,290,310,360,400,500,550,640,640,640,5270,0,230,256.11935547362583,22.819426000069143,2457.589189000032,428.16394686907023
1789904711,100,GET,GET /api/events?city,37.900000,0.000000,230,270,290,300,360,440,460,530,720,720,720,7862,0,220,248.84223661002392,20.26550900006896,2086.489680999989,8665.280462986517
1789904711,100,POST,POST /api/auth/login,0.000000,0.000000,0,0,0,0,0,0,0,0,0,0,0,30,0,2700,2581.041040066664,1665.7984360000455,4027.322984999955,414.3
1789904711,100,POST,POST /api/auth/register,0.000000,0.000000,0,0,0,0,0,0,0,0,0,0,0,30,0,3100,2903.5319957666684,1031.5803199999891,3955.050796000023,131.76666666666668
1789904711,100,POST,POST /api/bookings [auth],13.500000,0.000000,290,320,360,380,430,480,520,540,730,730,730,2564,0,300,314.83318857410535,110.59802799991303,2122.1652660000245,265.58307332293293
1789904711,100,,Aggregated,160.700000,0.000000,240,270,300,310,380,430,500,540,910,940,940,33177,0,240,266.432158532539,14.60263500007386,4027.322984999955,6185.777164903397
1789904712,100,GET,/api/events [warmup],0.000000,0.000000,0,0,0,0,0,0,0,0,0,0,0,100,0,750,919.3783923100023,161.67094200000065,2319.9825649999184,43009.1
1789904712,100,DELETE,DELETE /api/bookings/{id} [auth],4.100000,0.000000,300,350,380,400,440,540,910,910,910,910,910,863,0,320,333.97082206604995,142.95747799997116,1400.2631590000192,290.5608342989571
1789904712,100,GET,GET /api/bookings/me [auth],16.300000,0.000000,230,260,280,290,340,430,470,480,560,560,560,3362,0,250,267.99456995954665,74.4635590000371,2131.379423999988,4878.955383700179
1789904712,100,GET,GET /api/events,65.800000,0.000000,220,250,270,300,340,380,430,470,570,570,570,13199,0,230,250.08013662618347,14.60263500007386,2176.4711910000187,8636.676187589968
1789904712,100,GET,GET /api/events/{id},24.300000,0.000000,230,260,280,290,340,390,450,530,640,640,640,5296,0,230,255.78554162877796,22.819426000069143,2457.589189000032,428.1637084592145
1789904712,100,GET,GET /api/events?city,37.500000,0.000000,220,260,280,300,350,420,460,530,720,720,720,7896,0,220,248.61613538829894,20.26550900006896,2086.489680999989,8665.386904761905
1789904712,100,POST,POST /api/auth/login,0.000000,0.000000,0,0,0,0,0,0,0,0,0,0,0,30,0,2700,2581.041040066664,1665.7984360000455,4027.322984999955,414.3
1789904712,100,POST,POST /api/auth/register,0.000000,0.000000,0,0,0,0,0,0,0,0,0,0,0,30,0,3100,2903.5319957666684,1031.5803199999891,3955.050796000023,131.76666666666668
1789904712,100,POST,POST /api/bookings [auth],13.600000,0.000000,280,310,360,370,420,470,480,500,520,520,520,2576,0,300,314.46438320885346,110.59802799991303,2122.1652660000245,265.5854037267081
1789904712,100,,Aggregated,161.600000,0.000000,230,260,290,300,360,410,470,520,720,910,910,33352,0,240,266.0791197505412,14.60263500007386,4027.322984999955,6186.740855121132
1789904713,100,GET,/api/events [warmup],0.000000,0.000000,0,0,0,0,0,0,0,0,0,0,0,100,0,750,919.3783923100023,161.67094200000065,2319.9825649999184,43009.1
1789904713,100,DELETE,DELETE /api/bookings/{id} [auth],4.400000,0.000000,300,360,390,400,440,540,910,910,910,910,910,867,0,320,333.919295243369,142.95747799997116,1400.2631590000192,290.56401384083046
1789904713,100,GET,GET /api/bookings/me [auth],15.800000,0.000000,230,270,290,300,340,390,470,480,560,560,560,3379,0,250,268.0135276137897,74.4635590000371,2131.379423999988,4882.349215744303
1789904713,100,GET,GET /api/events,66.800000,0.000000,220,260,280,300,350,390,440,500,570,570,570,13274,0,230,250.10540038458626,14.60263500007386,2176.4711910000187,8636.679297875546
1789904713,100,GET,GET /api/events/{id},25.200000,0.000000,230,260,280,290,340,390,500,530,640,640,640,5314,0,230,255.7334157817102,22.819426000069143,2457.589189000032,428.1736921339857
1789904713,100,GET,GET /api/events?city,36.800000,0.000000,220,260,290,310,360,440,500,530,720,720,720,7931,0,220,248.66954482688288,20.26550900006896,2086.489680999989,8665.352918925735
1789904713,100,POST,POST /api/auth/login,0.000000,0.000000,0,0,0,0,0,0,0,0,0,0,0,30,0,2700,2581.041040066664,1665.7984360000455,4027.322984999955,414.3
1789904713,100,POST,POST /api/auth/register,0.000000,0.000000,0,0,0,0,0,0,0,0,0,0,0,30,0,3100,2903.5319957666684,1031.5803199999891,3955.050796000023,131.76666666666668
1789904713,100,POST,POST /api/bookings [auth],13.600000,0.000000,290,320,360,380,420,470,480,500,520,520,520,2584,0,300,314.56562536764966,110.59802799991303,2122.1652660000245,265.5863003095975
1789904713,100,,Aggregated,162.600000,0.000000,230,270,290,310,360,420,470,520,720,910,910,33509,0,240,266.06293715807857,14.60263500007386,4027.322984999955,6189.276134769763
1789904714,100,GET,/api/events [warmup],0.000000,0.000000,0,0,0,0,0,0,0,0,0,0,0,100,0,750,919.3783923100023,161.67094200000065,2319.9825649999184,43009.1
1789904714,100,DELETE,DELETE /api/bookings/{id} [auth],4.900000,0.000000,290,340,360,380,440,440,600,600,600,600,600,872,0,320,333.7064394770648,142.95747799997116,1400.2631590000192,290.5630733944954
1789904714,100,GET,GET /api/bookings/me [auth],16.000000,0.000000,230,270,290,300,340,390,470,480,560,560,560,3397,0,250,267.77758804121146,74.4635590000371,2131.379423999988,4885.967029732116
1789904714,100,GET,GET /api/events,66.700000,0.000000,220,250,270,290,330,380,430,500,570,570,570,13342,0,230,249.90863151693887,14.60263500007386,2176.4711910000187,8636.694123819518
1789904714,100,GET,GET /api/events/{id},26.000000,0.000000,220,250,270,280,330,370,410,500,640,640,640,5346,0,230,255.48123448578525,22.819426000069143,2457.589189000032,428.1666666666667
1789904714,100,GET,GET /api/events?city,36.100000,0.000000,220,260,280,300,340,420,460,530,580,580,580,7969,0,220,248.44311094340665,20.26550900006896,2086.489680999989,8665.412975279207
1789904714,100,POST,POST /api/auth/login,0.000000,0.000000,0,0,0,0,0,0,0,0,0,0,0,30,0,2700,2581.041040066664,1665.7984360000455,4027.322984999955,414.3
1789904714,100,POST,POST /api/auth/register,0.000000,0.000000,0,0,0,0,0,0,0,0,0,0,0,30,0,3100,2903.5319957666684,1031.5803199999891,3955.050796000023,131.76666666666668
1789904714,100,POST,POST /api/bookings [auth],13.700000,0.000000,280,320,350,360,420,470,500,520,560,560,560,2595,0,300,314.6186644485576,110.59802799991303,2122.1652660000245,265.5892100192678
1789904714,100,,Aggregated,163.400000,0.000000,230,260,280,300,350,400,460,500,600,640,640,33681,0,240,265.83146993017004,14.60263500007386,4027.322984999955,6188.412606514058
1789904715,100,GET,/api/events [warmup],0.000000,0.000000,0,0,0,0,0,0,0,0,0,0,0,100,0,750,919.3783923100023,161.67094200000065,2319.9825649999184,43009.1
1789904715,100,DELETE,DELETE /api/bookings/{id} [auth],4.500000,0.000000,300,360,390,420,440,460,600,600,600,600,600,877,0,320,334.21428400798203,142.95747799997116,1400.2631590000192,290.5632839224629
1789904715,100,GET,GET /api/bookings/me [auth],16.200000,0.000000,230,270,290,310,360,410,470,480,560,560,560,3407,0,250,267.9140166289979,74.4635590000371,2131.379423999988,4887.890226005284
1789904715,100,GET,GET /api/events,66.900000,0.000000,220,260,280,300,340,390,440,520,660,660,660,13389,0,230,250.0300307147658,14.60263500007386,2176.4711910000187,8636.686234969004
1789904715,100,GET,GET /api/events/{id},26.100000,0.000000,230,260,280,290,350,370,410,500,640,640,640,5377,0,230,255.61447056016505,22.819426000069143,2457.589189000032,428.1591965780175
1789904715,100,GET,GET /api/events?city,36.700000,0.000000,220,270,290,310,340,420,460,530,580,580,580,8010,0,220,248.56287278764165,20.26550900006896,2086.489680999989,8665.64506866417
1789904715,100,POST,POST /api/auth/login,0.000000,0.000000,0,0,0,0,0,0,0,0,0,0,0,30,0,2700,2581.041040066664,1665.7984360000455,4027.322984999955,414.3
1789904715,100,POST,POST /api/auth/register,0.000000,0.000000,0,0,0,0,0,0,0,0,0,0,0,30,0,3100,2903.5319957666684,1031.5803199999891,3955.050796000023,131.76666666666668
1789904715,100,POST,POST /api/bookings [auth],13.400000,0.000000,300,350,390,400,440,480,520,520,560,560,560,2616,0,300,315.22932492737294,110.59802799991303,2122.1652660000245,265.59097859327215
1789904715,100,,Aggregated,163.800000,0.000000,230,270,300,320,370,420,470,520,640,660,660,33836,0,240,265.9913591002794,14.60263500007386,4027.322984999955,6184.8494207353115
1789904716,100,GET,/api/events [warmup],0.000000,0.000000,0,0,0,0,0,0,0,0,0,0,0,100,0,750,919.3783923100023,161.67094200000065,2319.9825649999184,43009.1
1789904716,100,DELETE,DELETE /api/bookings/{id} [auth],4.400000,0.000000,280,340,360,390,460,470,600,600,600,600,600,881,0,320,333.97412428263357,142.95747799997116,1400.2631590000192,290.5618615209989
1789904716,100,GET,GET /api/bookings/me [auth],16.600000,0.000000,230,270,290,300,360,410,470,480,560,560,560,3424,0,250,267.7241547260502,74.4635590000371,2131.379423999988,4891.237149532711
1789904716,100,GET,GET /api/events,69.000000,0.000000,220,250,280,300,350,390,440,520,660,660,660,13467,0,230,249.81476242771203,14.60263500007386,2176.4711910000187,8636.67409222544
1789904716,100,GET,GET /api/events/{id},24.700000,0.000000,220,250,270,290,340,380,410,500,640,640,640,5401,0,230,255.41901818033833,22.819426000069143,2457.589189000032,428.15904462136643
1789904716,100,GET,GET /api/events?city,35.700000,0.000000,220,260,290,300,340,400,460,530,580,580,580,8050,0,220,248.36993028956638,20.26550900006896,2086.489680999989,8665.71192546584
1789904716,100,POST,POST /api/auth/login,0.000000,0.000000,0,0,0,0,0,0,0,0,0,0,0,30,0,2700,2581.041040066664,1665.7984360000455,4027.322984999955,414.3
1789904716,100,POST,POST /api/auth/register,0.000000,0.000000,0,0,0,0,0,0,0,0,0,0,0,30,0,3100,2903.5319957666684,1031.5803199999891,3955.050796000023,131.76666666666668
1789904716,100,POST,POST /api/bookings [auth],13.400000,0.000000,300,340,380,390,440,480,520,520,560,560,560,2628,0,300,315.21198559817645,110.59802799991303,2122.1652660000245,265.5936073059361
1789904716,100,,Aggregated,163.800000,0.000000,230,260,290,310,360,410,480,520,640,660,660,34011,0,240,265.7646731754449,14.60263500007386,4027.322984999955,6186.2459498397575
1789904717,100,GET,/api/events [warmup],0.000000,0.000000,0,0,0,0,0,0,0,0,0,0,0,100,0,750,919.3783923100023,161.67094200000065,2319.9825649999184,43009.1
1789904717,100,DELETE,DELETE /api/bookings/{id} [auth],4.100000,0.000000,300,360,390,420,460,500,600,600,600,600,600,886,0,320,334.17743948194146,142.95747799997116,1400.2631590000192,290.56884875846504
1789904717,100,GET,GET /api/bookings/me [auth],17.200000,0.000000,240,280,300,320,370,420,470,480,560,560,560,3439,0,250,267.7759065402722,74.4635590000371,2131.379423999988,4894.234661238732
1789904717,100,GET,GET /api/events,67.900000,0.000000,220,250,280,300,360,400,460,520,660,660,660,13530,0,230,249.79972471914263,14.60263500007386,2176.4711910000187,8636.668810051737
1789904717,100,GET,GET /api/events/{id},26.000000,0.000000,220,250,270,290,350,380,430,500,640,640,640,5426,0,230,255.09844427865963,22.819426000069143,2457.589189000032,428.1596019166974
1789904717,100,GET,GET /api/events?city,35.900000,0.000000,220,260,280,300,330,380,460,500,580,580,580,8097,0,220,248.25671646745812,20.26550900006896,2086.489680999989,8665.748301840187
1789904717,100,POST,POST /api/auth/login,0.000000,0.000000,0,0,0,0,0,0,0,0,0,0,0,30,0,2700,2581.041040066664,1665.7984360000455,4027.322984999955,414.3
1789904717,100,POST,POST /api/auth/register,0.000000,0.000000,0,0,0,0,0,0,0,0,0,0,0,30,0,3100,2903.5319957666684,1031.5803199999891,3955.050796000023,131.76666666666668
1789904717,100,POST,POST /api/bookings [auth],12.700000,0.000000,310,340,380,400,450,510,520,560,700,700,700,2643,0,300,315.1104701600484,110.59802799991303,2122.1652660000245,265.59402194475973
1789904717,100,,Aggregated,163.800000,0.000000,230,270,290,310,370,420,480,520,660,700,700,34181,0,240,265.65529458632136,14.60263500007386,4027.322984999955,6186.239753079196
1789904718,100,GET,/api/events [warmup],0.000000,0.000000,0,0,0,0,0,0,0,0,0,0,0,100,0,750,919.3783923100023,161.67094200000065,2319.9825649999184,43009.1
1789904718,100,DELETE,DELETE /api/bookings/{id} [auth],4.100000,0.000000,300,360,390,420,460,470,600,600,600,600,600,892,0,320,334.0212103497761,142.95747799997116,1400.2631590000192,290.56726457399105
1789904718,100,GET,GET /api/bookings/me [auth],17.000000,0.000000,230,270,300,320,370,430,470,480,560,560,560,3454,0,250,267.55109170642623,74.4635590000371,2131.379423999988,4897.188477127967
1789904718,100,GET,GET /api/events,66.200000,0.000000,220,250,270,290,350,400,440,520,660,660,660,13608,0,230,249.69061998860968,14.60263500007386,2176.4711910000187,8636.661449147561
1789904718,100,GET,GET /api/events/{id},26.300000,0.000000,220,250,270,290,340,370,410,500,640,640,640,5451,0,230,254.9651179778036,22.819426000069143,2457.589189000032,428.15446707026234
1789904718,100,GET,GET /api/events?city,36.200000,0.000000,220,250,280,300,330,380,460,500,580,580,580,8136,0,220,248.13079387033036,20.26550900006896,2086.489680999989,8665.697763028515
1789904718,100,POST,POST /api/auth/login,0.000000,0.000000,0,0,0,0,0,0,0,0,0,0,0,30,0,2700,2581.041040066664,1665.7984360000455,4027.322984999955,414.3
1789904718,100,POST,POST /api/auth/register,0.000000,0.000000,0,0,0,0,0,0,0,0,0,0,0,30,0,3100,2903.5319957666684,1031.5803199999891,3955.050796000023,131.76666666666668
1789904718,100,POST,POST /api/bookings [auth],13.400000,0.000000,300,340,380,400,450,510,520,560,700,700,700,2657,0,300,314.87233021151957,110.59802799991303,2122.1652660000245,265.5976665412119
1789904718,100,,Aggregated,163.200000,0.000000,230,260,290,310,360,410,480,520,660,700,700,34358,0,240,265.4856556230005,14.60263500007386,4027.322984999955,6186.702834856511
1789904719,100,GET,/api/events [warmup],0.000000,0.000000,0,0,0,0,0,0,0,0,0,0,0,100,0,750,919.3783923100023,161.67094200000065,2319.9825649999184,43009.1
1789904719,100,DELETE,DELETE /api/bookings/{id} [auth],4.000000,0.000000,300,360,380,410,460,470,600,600,600,600,600,896,0,320,333.811207179688,142.95747799997116,1400.2631590000192,290.56808035714283
1789904719,100,GET,GET /api/bookings/me [auth],16.700000,0.000000,240,270,300,320,370,410,480,480,560,560,560,3465,0,250,267.37704541818067,74.4635590000371,2131.379423999988,4899.217316017316
1789904719,100,GET,GET /api/events,67.200000,0.000000,220,250,270,290,340,390,440,520,660,660,660,13669,0,230,249.58505375609047,14.60263500007386,2176.4711910000187,8636.653742044042
1789904719,100,GET,GET /api/events/{id},26.200000,0.000000,220,240,270,290,340,370,410,440,640,640,640,5472,0,230,254.83182598264023,22.819426000069143,2457.589189000032,428.15844298245617
1789904719,100,GET,GET /api/events?city,36.700000,0.000000,220,250,280,300,330,370,460,500,580,580,580,8176,0,220,247.94878174033857,20.26550900006896,2086.489680999989,8665.81665851272
1789904719,100,POST,POST /api/auth/login,0.000000,0.000000,0,0,0,0,0,0,0,0,0,0,0,30,0,2700,2581.041040066664,1665.7984360000455,4027.322984999955,414.3
1789904719,100,POST,POST /api/auth/register,0.000000,0.000000,0,0,0,0,0,0,0,0,0,0,0,30,0,3100,2903.5319957666684,1031.5803199999891,3955.050796000023,131.76666666666668
1789904719,100,POST,POST /api/bookings [auth],13.400000,0.000000,290,330,360,390,440,510,520,560,700,700,700,2674,0,300,314.5892211974599,110.59802799991303,2122.1652660000245,265.602842183994
1789904719,100,,Aggregated,164.200000,0.000000,230,260,290,310,360,410,470,520,660,700,700,34512,0,240,265.31322446896905,14.60263500007386,4027.322984999955,6186.621204218823
1789904720,100,GET,/api/events [warmup],0.000000,0.000000,0,0,0,0,0,0,0,0,0,0,0,100,0,750,919.3783923100023,161.67094200000065,2319.9825649999184,43009.1
1789904720,100,DELETE,DELETE /api/bookings/{id} [auth],3.900000,0.000000,310,360,380,410,460,470,600,600,600,600,600,900,0,320,333.72195740555554,142.95747799997116,1400.2631590000192,290.5711111111111
1789904720,100,GET,GET /api/bookings/me [auth],16.700000,0.000000,240,280,310,320,370,420,480,520,560,560,560,3486,0,250,267.4602668307505,74.4635590000371,2131.379423999988,4903.153184165232
1789904720,100,GET,GET /api/events,66.400000,0.000000,220,250,270,290,350,400,460,520,660,660,660,13735,0,230,249.4594861520203,14.60263500007386,2176.4711910000187,8636.648853294502
1789904720,100,GET,GET /api/events/{id},27.300000,0.000000,220,250,280,320,360,410,450,530,640,640,640,5505,0,230,255.05387386303508,22.819426000069143,2457.589189000032,428.1522252497729
1789904720,100,GET,GET /api/events?city,36.900000,0.000000,220,260,290,310,330,380,490,500,580,580,580,8217,0,220,248.01753384057525,20.26550900006896,2086.489680999989,8665.865400997931
1789904720,100,POST,POST /api/auth/login,0.000000,0.000000,0,0,0,0,0,0,0,0,0,0,0,30,0,2700,2581.041040066664,1665.7984360000455,4027.322984999955,414.3
1789904720,100,POST,POST /api/auth/register,0.000000,0.000000,0,0,0,0,0,0,0,0,0,0,0,30,0,3100,2903.5319957666684,1031.5803199999891,3955.050796000023,131.76666666666668
1789904720,100,POST,POST /api/bookings [auth],13.700000,0.000000,310,340,390,410,450,510,520,560,700,700,700,2685,0,300,314.6938453780288,110.59802799991303,2122.1652660000245,265.6048417132216
1789904720,100,,Aggregated,164.900000,0.000000,230,270,300,320,370,420,490,520,660,700,700,34688,0,240,265.2935294760451,14.60263500007386,4027.322984999955,6185.8023812269375
1789904721,100,GET,/api/events [warmup],0.000000,0.000000,0,0,0,0,0,0,0,0,0,0,0,100,0,750,919.3783923100023,161.67094200000065,2319.9825649999184,43009.1
1789904721,100,DELETE,DELETE /api/bookings/{id} [auth],4.500000,0.000000,330,360,380,410,430,460,500,500,500,500,500,906,0,320,333.61093745143523,142.95747799997116,1400.2631590000192,290.57726269315674
1789904721,100,GET,GET /api/bookings/me [auth],16.100000,0.000000,230,260,300,310,350,370,410,430,520,520,520,3506,0,250,267.07977282315926,74.4635590000371,2131.379423999988,4906.911580148317
1789904721,100,GET,GET /api/events,67.300000,0.000000,210,240,260,270,330,380,450,510,660,660,660,13806,0,230,249.22113225764156,14.60263500007386,2176.4711910000187,8636.642764015645
1789904721,100,GET,GET /api/events/{id},26.300000,0.000000,210,240,280,300,350,380,440,480,560,560,560,5531,0,230,254.85652710161065,22.819426000069143,2457.589189000032,428.15675284758635
1789904721,100,GET,GET /api/events?city,37.500000,0.000000,220,250,270,290,330,360,390,490,530,530,530,8256,0,220,247.82913797977298,20.26550900006896,2086.489680999989,8665.874636627907
1789904721,100,POST,POST /api/auth/login,0.000000,0.000000,0,0,0,0,0,0,0,0,0,0,0,30,0,2700,2581.041040066664,1665.7984360000455,4027.322984999955,414.3
1789904721,100,POST,POST /api/auth/register,0.000000,0.000000,0,0,0,0,0,0,0,0,0,0,0,30,0,3100,2903.5319957666684,1031.5803199999891,3955.050796000023,131.76666666666668
1789904721,100,POST,POST /api/bookings [auth],13.600000,0.000000,290,330,380,400,450,510,520,560,700,700,700,2693,0,300,314.50494975789354,110.59802799991303,2122.1652660000245,265.6060155959896
1789904721,100,,Aggregated,165.300000,0.000000,220,250,280,300,350,400,450,510,660,700,700,34858,0,240,265.032584180448,14.60263500007386,4027.322984999955,6186.54397842676
1789904722,100,GET,/api/events [warmup],0.000000,0.000000,0,0,0,0,0,0,0,0,0,0,0,100,0,750,919.3783923100023,161.67094200000065,2319.9825649999184,43009.1
1789904722,100,DELETE,DELETE /api/bookings/{id} [auth],4.700000,0.000000,320,360,380,410,440,470,520,520,520,520,520,910,0,320,333.7184054054947,142.95747799997116,1400.2631590000192,290.578021978022
1789904722,100,GET,GET /api/bookings/me [auth],15.300000,0.000000,240,270,300,310,350,390,420,430,520,520,520,3524,0,250,266.9567939222464,74.4635590000371,2131.379423999988,4910.203461975028
1789904722,100,GET,GET /api/events,67.400000,0.000000,220,240,260,280,340,390,450,510,660,660,660,13869,0,230,249.11403519756297,14.60263500007386,2176.4711910000187,8636.640925805754
1789904722,100,GET,GET /api/events/{id},25.200000,0.000000,220,250,280,300,350,380,440,480,560,560,560,5553,0,230,254.65252669872288,22.819426000069143,2457.589189000032,428.1566720691518
1789904722,100,GET,GET /api/events?city,37.900000,0.000000,220,250,280,290,330,360,400,490,530,530,530,8300,0,220,247.7369665862658,20.26550900006896,2086.489680999989,8665.90686746988
1789904722,100,POST,POST /api/auth/login,0.000000,0.000000,0,0,0,0,0,0,0,0,0,0,0,30,0,2700,2581.041040066664,1665.7984360000455,4027.322984999955,414.3
1789904722,100,POST,POST /api/auth/register,0.000000,0.000000,0,0,0,0,0,0,0,0,0,0,0,30,0,3100,2903.5319957666684,1031.5803199999891,3955.050796000023,131.76666666666668
1789904722,100,POST,POST /api/bookings [auth],13.700000,0.000000,300,330,370,410,450,510,520,560,700,700,700,2708,0,300,314.300956877403,110.59802799991303,2122.1652660000245,265.60782865583457
1789904722,100,,Aggregated,164.200000,0.000000,230,260,280,310,360,410,460,510,660,700,700,35024,0,240,264.88426135821317,14.60263500007386,4027.322984999955,6186.920254682504
1789904723,100,GET,/api/events [warmup],0.000000,0.000000,0,0,0,0,0,0,0,0,0,0,0,100,0,750,919.3783923100023,161.67094200000065,2319.9825649999184,43009.1
1789904723,100,DELETE,DELETE /api/bookings/{id} [auth],4.500000,0.000000,320,350,380,420,460,500,560,560,560,560,560,914,0,320,333.77074428993456,142.95747799997116,1400.2631590000192,290.57877461706784
1789904723,100,GET,GET /api/bookings/me [auth],16.500000,0.000000,240,270,300,310,360,390,430,520,520,520,520,3545,0,250,267.1271806936519,74.4635590000371,2131.379423999988,4913.983638928068
1789904723,100,GET,GET /api/events,67.300000,0.000000,220,240,260,280,340,380,450,500,660,660,660,13931,0,230,249.17226568157338,14.60263500007386,2176.4711910000187,8636.64187782643
1789904723,100,GET,GET /api/events/{id},25.400000,0.000000,220,250,280,300,360,370,440,480,560,560,560,5578,0,230,254.6841276932607,22.819426000069143,2457.589189000032,428.14987450699175
1789904723,100,GET,GET /api/events?city,38.600000,0.000000,220,250,280,300,330,370,450,490,590,590,590,8329,0,220,247.92570295497737,20.26550900006896,2086.489680999989,8665.998559250811
1789904723,100,POST,POST /api/auth/login,0.000000,0.000000,0,0,0,0,0,0,0,0,0,0,0,30,0,2700,2581.041040066664,1665.7984360000455,4027.322984999955,414.3
1789904723,100,POST,POST /api/auth/register,0.000000,0.000000,0,0,0,0,0,0,0,0,0,0,0,30,0,3100,2903.5319957666684,1031.5803199999891,3955.050796000023,131.76666666666668
1789904723,100,POST,POST /api/bookings [auth],13.300000,0.000000,290,320,370,410,450,490,510,520,700,700,700,2715,0,300,314.37176297053685,110.59802799991303,2122.1652660000245,265.609576427256
1789904723,100,,Aggregated,165.600000,0.000000,230,260,290,310,360,410,460,510,660,700,700,35172,0,240,264.9507210282626,14.60263500007386,4027.322984999955,6186.980069373365
1789904724,100,GET,/api/events [warmup],0.000000,0.000000,0,0,0,0,0,0,0,0,0,0,0,100,0,750,919.3783923100023,161.67094200000065,2319.9825649999184,43009.1
1789904724,100,DELETE,DELETE /api/bookings/{id} [auth],4.600000,0.000000,330,370,410,420,460,500,560,560,560,560,560,918,0,320,333.9999274139435,142.95747799997116,1400.2631590000192,290.5773420479303
1789904724,100,GET,GET /api/bookings/me [auth],16.400000,0.000000,250,290,310,320,370,420,470,520,520,520,520,3564,0,250,267.37856254152524,74.4635590000371,2131.379423999988,4917.361111111111
1789904724,100,GET,GET /api/events,67.800000,0.000000,220,250,270,290,350,400,460,520,660,660,660,13996,0,230,249.2887913964704,14.60263500007386,2176.4711910000187,8636.642897970849
1789904724,100,GET,GET /api/events/{id},25.900000,0.000000,220,260,300,330,370,430,500,550,560,560,560,5614,0,230,254.9095475026735,22.819426000069143,2457.589189000032,428.14606341289635
1789904724,100,GET,GET /api/events?city,39.400000,0.000000,230,260,290,310,330,370,450,490,590,590,590,8369,0,220,247.8977032257147,20.26550900006896,2086.489680999989,8665.977536145298
1789904724,100,POST,POST /api/auth/login,0.000000,0.000000,0,0,0,0,0,0,0,0,0,0,0,30,0,2700,2581.041040066664,1665.7984360000455,4027.322984999955,414.3
1789904724,100,POST,POST /api/auth/register,0.000000,0.000000,0,0,0,0,0,0,0,0,0,0,0,30,0,3100,2903.5319957666684,1031.5803199999891,3955.050796000023,131.76666666666668
1789904724,100,POST,POST /api/bookings [auth],13.000000,0.000000,300,340,390,420,450,510,590,630,700,700,700,2729,0,300,314.7652779366096,110.59802799991303,2122.1652660000245,265.6137779406376
1789904724,100,,Aggregated,167.100000,0.000000,230,270,300,320,370,430,500,520,660,700,700,35350,0,240,265.05749947440046,14.60263500007386,4027.322984999955,6185.063903818953
1789904725,100,GET,/api/events [warmup],0.000000,0.000000,0,0,0,0,0,0,0,0,0,0,0,100,0,750,919.3783923100023,161.67094200000065,2319.9825649999184,43009.1
1789904725,100,DELETE,DELETE /api/bookings/{id} [auth],4.800000,0.000000,310,350,370,380,430,500,560,560,560,560,560,925,0,320,333.5582452064864,142.95747799997116,1400.2631590000192,290.5827027027027
1789904725,100,GET,GET /api/bookings/me [auth],16.400000,0.000000,240,280,300,310,360,420,470,520,520,520,520,3574,0,250,267.2633497285943,74.4635590000371,2131.379423999988,4919.121152770005
1789904725,100,GET,GET /api/events,66.200000,0.000000,220,240,260,270,340,380,450,500,610,610,610,14064,0,230,249.06411990742305,14.60263500007386,2176.4711910000187,8636.645620022753
1789904725,100,GET,GET /api/events/{id},25.400000,0.000000,220,240,280,300,370,420,500,550,560,560,560,5640,0,230,254.76979898847682,22.819426000069143,2457.589189000032,428.1485815602837
1789904725,100,GET,GET /api/events?city,39.800000,0.000000,220,250,270,290,330,370,450,490,590,590,590,8414,0,220,247.7141488712868,20.26550900006896,2086.489680999989,8666.027929641074
1789904725,100,POST,POST /api/auth/login,0.000000,0.000000,0,0,0,0,0,0,0,0,0,0,0,30,0,2700,2581.041040066664,1665.7984360000455,4027.322984999955,414.3
1789904725,100,POST,POST /api/auth/register,0.000000,0.000000,0,0,0,0,0,0,0,0,0,0,0,30,0,3100,2903.5319957666684,1031.5803199999891,3955.050796000023,131.76666666666668
1789904725,100,POST,POST /api/bookings [auth],13.000000,0.000000,270,310,320,370,450,500,590,630,700,700,700,2744,0,300,314.4831791774808,110.59802799991303,2122.1652660000245,265.61698250728864
1789904725,100,,Aggregated,165.600000,0.000000,220,250,280,300,360,410,480,520,630,700,700,35521,0,240,264.83386616342574,14.60263500007386,4027.322984999955,6184.8589285211565
1789904726,100,GET,/api/events [warmup],0.000000,0.000000,0,0,0,0,0,0,0,0,0,0,0,100,0,750,919.3783923100023,161.67094200000065,2319.9825649999184,43009.1
1789904726,100,DELETE,DELETE /api/bookings/{id} [auth],4.600000,0.000000,320,360,380,410,430,500,560,560,560,560,560,930,0,320,333.32788786774154,142.95747799997116,1400.2631590000192,290.5827956989247
1789904726,100,GET,GET /api/bookings/me [auth],16.400000,0.000000,240,260,300,310,360,420,470,520,520,520,520,3593,0,250,266.9674169563029,74.4635590000371,2131.379423999988,4922.428332869468
1789904726,100,GET,GET /api/events,65.100000,0.000000,220,240,260,280,340,380,450,500,610,610,610,14130,0,230,248.83789412625615,14.60263500007386,2176.4711910000187,8636.647558386412
1789904726,100,GET,GET /api/events/{id},26.400000,0.000000,220,250,280,300,370,420,500,550,560,560,560,5671,0,230,254.44370280038964,22.819426000069143,2457.589189000032,428.1521777464292
1789904726,100,GET,GET /api/events?city,39.700000,0.000000,220,250,270,290,330,360,450,490,590,590,590,8454,0,220,247.47222354376723,20.26550900006896,2086.489680999989,8666.075585521647
1789904726,100,POST,POST /api/auth/login,0.000000,0.000000,0,0,0,0,0,0,0,0,0,0,0,30,0,2700,2581.041040066664,1665.7984360000455,4027.322984999955,414.3
1789904726,100,POST,POST /api/auth/register,0.000000,0.000000,0,0,0,0,0,0,0,0,0,0,0,30,0,3100,2903.5319957666684,1031.5803199999891,3955.050796000023,131.76666666666668
1789904726,100,POST,POST /api/bookings [auth],12.700000,0.000000,280,310,340,380,450,500,590,630,700,700,700,2753,0,300,314.3934906040711,110.59802799991303,2122.1652660000245,265.61968761351255
1789904726,100,,Aggregated,164.900000,0.000000,220,250,280,300,360,410,480,520,630,700,700,35691,0,240,264.5588253398349,14.60263500007386,4027.322984999955,6184.5270236194
1789904727,100,GET,/api/events [warmup],0.000000,0.000000,0,0,0,0,0,0,0,0,0,0,0,100,0,750,919.3783923100023,161.67094200000065,2319.9825649999184,43009.1
1789904727,100,DELETE,DELETE /api/bookings/{id} [auth],4.700000,0.000000,310,350,370,380,420,460,560,560,560,560,560,934,0,320,333.06479778265526,142.95747799997116,1400.2631590000192,290.5877944325482
1789904727,100,GET,GET /api/bookings/me [auth],16.500000,0.000000,240,260,300,310,350,420,470,520,520,520,520,3605,0,250,266.87092180277284,74.4635590000371,2131.379423999988,4924.585298196948
1789904727,100,GET,GET /api/events,65.800000,0.000000,210,240,250,280,330,370,450,490,610,610,610,14202,0,230,248.7021279080411,14.60263500007386,2176.4711910000187,8636.64054358541
1789904727,100,GET,GET /api/events/{id},26.500000,0.000000,220,250,270,290,370,410,500,550,560,560,560,5698,0,230,254.25805986767452,22.819426000069143,2457.589189000032,428.1505791505792
1789904727,100,GET,GET /api/events?city,39.800000,0.000000,220,240,270,290,320,360,450,490,590,590,590,8497,0,220,247.26810127009625,20.26550900006896,2086.489680999989,8666.224549841121
1789904727,100,POST,POST /api/auth/login,0.000000,0.000000,0,0,0,0,0,0,0,0,0,0,0,30,0,2700,2581.041040066664,1665.7984360000455,4027.322984999955,414.3
1789904727,100,POST,POST /api/auth/register,0.000000,0.000000,0,0,0,0,0,0,0,0,0,0,0,30,0,3100,2903.5319957666684,1031.5803199999891,3955.050796000023,131.76666666666668
1789904727,100,POST,POST /api/bookings [auth],13.400000,0.000000,280,310,330,350,440,480,520,590,630,630,630,2773,0,300,314.0978510551777,110.59802799991303,2122.1652660000245,265.6227912008655
1789904727,100,,Aggregated,166.700000,0.000000,220,250,280,300,350,410,470,520,610,630,630,35869,0,240,264.3644279929196,14.60263500007386,4027.322984999955,6183.96063453121
1789904728,100,GET,/api/events [warmup],0.000000,0.000000,0,0,0,0,0,0,0,0,0,0,0,100,0,750,919.3783923100023,161.67094200000065,2319.9825649999184,43009.1
1789904728,100,DELETE,DELETE /api/bookings/{id} [auth],4.800000,0.000000,320,370,400,410,440,520,590,590,590,590,590,939,0,320,333.552010822151,142.95747799997116,1400.2631590000192,290.5899893503727
1789904728,100,GET,GET /api/bookings/me [auth],16.500000,0.000000,240,270,310,320,380,420,470,520,520,520,520,3623,0,250,267.0693561929332,74.4635590000371,2131.379423999988,4927.6958321832735
1789904728,100,GET,GET /api/events,67.100000,0.000000,220,240,270,290,340,380,440,460,610,610,610,14264,0,230,248.8554614157319,14.60263500007386,2176.4711910000187,8636.621564778463
1789904728,100,GET,GET /api/events/{id},25.700000,0.000000,220,260,290,310,400,440,520,550,560,560,560,5718,0,230,254.5643784225271,22.819426000069143,2457.589189000032,428.1495278069255
1789904728,100,GET,GET /api/events?city,39.800000,0.000000,220,250,280,300,340,380,460,490,590,590,590,8532,0,220,247.4567798573614,20.26550900006896,2086.489680999989,8666.221167369902
1789904728,100,POST,POST /api/auth/login,0.000000,0.000000,0,0,0,0,0,0,0,0,0,0,0,30,0,2700,2581.041040066664,1665.7984360000455,4027.322984999955,414.3
1789904728,100,POST,POST /api/auth/register,0.000000,0.000000,0,0,0,0,0,0,0,0,0,0,0,30,0,3100,2903.5319957666684,1031.5803199999891,3955.050796000023,131.76666666666668
1789904728,100,POST,POST /api/bookings [auth],12.500000,0.000000,290,320,350,380,450,490,520,590,630,630,630,2786,0,300,314.3010383894503,110.59802799991303,2122.1652660000245,265.6259870782484
1789904728,100,,Aggregated,166.400000,0.000000,230,260,290,310,370,420,480,520,610,630,630,36022,0,240,264.5463883766873,14.60263500007386,4027.322984999955,6184.119704624952
1789904729,100,GET,/api/events [warmup],0.000000,0.000000,0,0,0,0,0,0,0,0,0,0,0,100,0,750,919.3783923100023,161.67094200000065,2319.9825649999184,43009.1
1789904729,100,DELETE,DELETE /api/bookings/{id} [auth],4.800000,0.000000,320,380,410,420,460,560,600,600,600,600,600,942,0,320,333.86149783864096,142.95747799997116,1400.2631590000192,290.5923566878981
1789904729,100,GET,GET /api/bookings/me [auth],16.600000,0.000000,240,290,310,350,390,420,470,520,520,520,520,3637,0,250,267.22982763266333,74.4635590000371,2131.379423999988,4930.083860324443
1789904729,100,GET,GET /api/events,66.200000,0.000000,220,250,280,290,340,380,440,480,640,640,640,14338,0,230,248.88831697698413,14.60263500007386,2176.4711910000187,8636.620518900823
1789904729,100,GET,GET /api/events/{id},26.800000,0.000000,230,270,300,330,400,450,530,550,790,790,790,5743,0,230,254.69650091050156,22.819426000069143,2457.589189000032,428.14208601776073
1789904729,100,GET,GET /api/events?city,39.900000,0.000000,220,260,280,300,350,390,460,550,590,590,590,8562,0,220,247.51889754718596,20.26550900006896,2086.489680999989,8666.280425134315
1789904729,100,POST,POST /api/auth/login,0.000000,0.000000,0,0,0,0,0,0,0,0,0,0,0,30,0,2700,2581.041040066664,1665.7984360000455,4027.322984999955,414.3
1789904729,100,POST,POST /api/auth/register,0.000000,0.000000,0,0,0,0,0,0,0,0,0,0,0,30,0,3100,2903.5319957666684,1031.5803199999891,3955.050796000023,131.76666666666668
1789904729,100,POST,POST /api/bookings [auth],12.700000,0.000000,290,340,380,400,460,500,550,590,630,630,630,2798,0,300,314.5145919849924,110.59802799991303,2122.1652660000245,265.62616154396
1789904729,100,,Aggregated,167.000000,0.000000,230,270,300,320,370,420,500,550,640,790,790,36180,0,240,264.60582551376547,14.60263500007386,4027.322984999955,6184.531370923162
1789904730,100,GET,/api/events [warmup],0.000000,0.000000,0,0,0,0,0,0,0,0,0,0,0,100,0,750,919.3783923100023,161.67094200000065,2319.9825649999184,43009.1
1789904730,100,DELETE,DELETE /api/bookings/{id} [auth],4.900000,0.000000,320,380,410,420,460,560,600,600,600,600,600,946,0,320,333.8061080391116,142.95747799997116,1400.2631590000192,290.59619450317126
1789904730,100,GET,GET /api/bookings/me [auth],16.600000,0.000000,240,270,310,350,390,420,460,510,520,520,520,3653,0,250,267.0903187040781,74.4635590000371,2131.379423999988,4932.814672871612
1789904730,100,GET,GET /api/events,66.900000,0.000000,220,250,280,300,340,370,430,460,640,640,640,14416,0,230,248.7167045548695,14.60263500007386,2176.4711910000187,8636.611126526082
1789904730,100,GET,GET /api/events/{id},26.800000,0.000000,220,260,290,300,370,410,500,550,790,790,790,5771,0,230,254.4841493574787,22.819426000069143,2457.589189000032,428.15335297175534
1789904730,100,GET,GET /api/events?city,40.100000,0.000000,220,250,280,300,340,380,460,550,590,590,590,8597,0,220,247.35110057380567,20.26550900006896,2086.489680999989,8666.425962545074
1789904730,100,POST,POST /api/auth/login,0.000000,0.000000,0,0,0,0,0,0,0,0,0,0,0,30,0,2700,2581.041040066664,1665.7984360000455,4027.322984999955,414.3
1789904730,100,POST,POST /api/auth/register,0.000000,0.000000,0,0,0,0,0,0,0,0,0,0,0,30,0,3100,2903.5319957666684,1031.5803199999891,3955.050796000023,131.76666666666668
1789904730,100,POST,POST /api/bookings [auth],12.700000,0.000000,280,320,350,380,450,500,550,590,630,630,630,2815,0,300,314.14519780746326,110.59802799991303,2122.1652660000245,265.62948490230906
1789904730,100,,Aggregated,168.000000,0.000000,230,270,290,310,370,410,480,540,640,790,790,36358,0,240,264.3946511085053,14.60263500007386,4027.322984999955,6184.087078497167
1789904731,100,GET,/api/events [warmup],0.000000,0.000000,0,0,0,0,0,0,0,0,0,0,0,100,0,750,919.3783923100023,161.67094200000065,2319.9825649999184,43009.1
1789904731,100,DELETE,DELETE /api/bookings/{id} [auth],4.600000,0.000000,320,370,410,410,460,590,600,600,600,600,600,947,0,320,333.62244962196365,142.95747799997116,1400.2631590000192,290.59556494192185
1789904731,100,GET,GET /api/bookings/me [auth],16.500000,0.000000,250,300,340,360,390,430,470,520,540,540,540,3669,0,250,267.18365283646676,74.4635590000371,2131.379423999988,4935.455710002726
1789904731,100,GET,GET /api/events,64.800000,0.000000,220,260,280,300,340,380,430,460,640,640,640,14483,0,230,248.6520640075259,14.60263500007386,2176.4711910000187,8636.60774701374
1789904731,100,GET,GET /api/events/{id},26.500000,0.000000,230,260,300,320,380,410,500,550,790,790,790,5794,0,230,254.40592111719184,22.819426000069143,2457.589189000032,428.1498101484294
1789904731,100,GET,GET /api/events?city,39.000000,0.000000,220,260,290,300,350,390,460,550,590,590,590,8626,0,220,247.3204747275687,20.26550900006896,2086.489680999989,8666.44180384883
1789904731,100,POST,POST /api/auth/login,0.000000,0.000000,0,0,0,0,0,0,0,0,0,0,0,30,0,2700,2581.041040066664,1665.7984360000455,4027.322984999955,414.3
1789904731,100,POST,POST /api/auth/register,0.000000,0.000000,0,0,0,0,0,0,0,0,0,0,0,30,0,3100,2903.5319957666684,1031.5803199999891,3955.050796000023,131.76666666666668
1789904731,100,POST,POST /api/bookings [auth],12.800000,0.000000,280,330,370,380,460,510,560,590,630,630,630,2828,0,300,314.11218479844723,110.59802799991303,2122.1652660000245,265.6311881188119
1789904731,100,,Aggregated,164.200000,0.000000,230,270,300,320,370,420,480,550,640,790,790,36507,0,240,264.3236567216981,14.60263500007386,4027.322984999955,6184.383679842222
1789904732,100,GET,/api/events [warmup],0.000000,0.000000,0,0,0,0,0,0,0,0,0,0,0,100,0,750,919.3783923100023,161.67094200000065,2319.9825649999184,43009.1
1789904732,100,DELETE,DELETE /api/bookings/{id} [auth],4.500000,0.000000,340,400,420,440,560,590,600,600,600,600,600,951,0,320,334.0485471461616,142.95747799997116,1400.2631590000192,290.5941114616193
1789904732,100,GET,GET /api/bookings/me [auth],17.000000,0.000000,250,300,360,370,400,460,520,540,540,540,540,3681,0,250,267.44987967617396,74.4635590000371,2131.379423999988,4937.548492257539
1789904732,100,GET,GET /api/events,66.700000,0.000000,230,270,300,320,360,390,440,480,640,640,640,14544,0,230,248.91070600075608,14.60263500007386,2176.4711910000187,8636.60650440044
1789904732,100,GET,GET /api/events/{id},27.000000,0.000000,230,280,310,330,400,450,550,570,790,790,790,5817,0,230,254.6860144357933,22.819426000069143,2457.589189000032,428.1521402784941
1789904732,100,GET,GET /api/events?city,38.200000,0.000000,230,270,300,310,360,400,470,560,640,640,640,8661,0,220,247.60838761967543,20.26550900006896,2086.489680999989,8666.50040411038
1789904732,100,POST,POST /api/auth/login,0.000000,0.000000,0,0,0,0,0,0,0,0,0,0,0,30,0,2700,2581.041040066664,1665.7984360000455,4027.322984999955,414.3
1789904732,100,POST,POST /api/auth/register,0.000000,0.000000,0,0,0,0,0,0,0,0,0,0,0,30,0,3100,2903.5319957666684,1031.5803199999891,3955.050796000023,131.76666666666668
1789904732,100,POST,POST /api/bookings [auth],12.700000,0.000000,310,360,390,430,480,540,590,590,630,630,630,2845,0,300,314.79650812443185,110.59802799991303,2122.1652660000245,265.6358523725835
1789904732,100,,Aggregated,166.100000,0.000000,240,280,320,340,390,440,530,560,640,790,790,36659,0,240,264.6126836674767,14.60263500007386,4027.322984999955,6183.649935895687
1789904733,100,GET,/api/events [warmup],0.000000,0.000000,0,0,0,0,0,0,0,0,0,0,0,100,0,750,919.3783923100023,161.67094200000065,2319.9825649999184,43009.1
1789904733,100,DELETE,DELETE /api/bookings/{id} [auth],4.500000,0.000000,360,400,410,420,460,560,600,600,600,600,600,955,0,320,334.14638582094216,142.95747799997116,1400.2631590000192,290.59476439790575
1789904733,100,GET,GET /api/bookings/me [auth],16.400000,0.000000,250,290,350,360,400,450,540,540,540,540,540,3695,0,250,267.40420844952536,74.4635590000371,2131.379423999988,4939.948308525034
1789904733,100,GET,GET /api/events,67.700000,0.000000,230,270,290,310,350,390,440,480,640,640,640,14601,0,230,248.8383257202243,14.60263500007386,2176.4711910000187,8636.61187589891
1789904733,100,GET,GET /api/events/{id},26.900000,0.000000,230,270,300,320,400,450,550,570,790,790,790,5845,0,230,254.64461527989903,22.819426000069143,2457.589189000032,428.16475620188197
1789904733,100,GET,GET /api/events?city,37.900000,0.000000,220,260,290,300,350,390,450,480,640,640,640,8707,0,220,247.4954761352944,20.26550900006896,2086.489680999989,8666.461927185024
1789904733,100,POST,POST /api/auth/login,0.000000,0.000000,0,0,0,0,0,0,0,0,0,0,0,30,0,2700,2581.041040066664,1665.7984360000455,4027.322984999955,414.3
1789904733,100,POST,POST /api/auth/register,0.000000,0.000000,0,0,0,0,0,0,0,0,0,0,0,30,0,3100,2903.5319957666684,1031.5803199999891,3955.050796000023,131.76666666666668
1789904733,100,POST,POST /api/bookings [auth],13.000000,0.000000,310,360,380,410,480,530,590,590,630,630,630,2858,0,300,314.8665610818785,110.59802799991303,2122.1652660000245,265.63785864240725
1789904733,100,,Aggregated,166.400000,0.000000,240,280,310,330,380,430,510,550,640,790,790,36821,0,240,264.527342859239,14.60263500007386,4027.322984999955,6183.204937399853
1789904734,100,GET,/api/events [warmup],0.000000,0.000000,0,0,0,0,0,0,0,0,0,0,0,100,0,750,919.3783923100023,161.67094200000065,2319.9825649999184,43009.1
1789904734,100,DELETE,DELETE /api/bookings/{id} [auth],4.000000,0.000000,360,380,420,430,510,590,600,600,600,600,600,958,0,320,334.3789440949893,142.95747799997116,1400.2631590000192,290.59498956158666
1789904734,100,GET,GET /api/bookings/me [auth],16.200000,0.000000,240,280,320,360,390,430,540,540,540,540,540,3714,0,250,267.267771026655,74.4635590000371,2131.379423999988,4942.9633817986
1789904734,100,GET,GET /api/events,67.500000,0.000000,220,270,280,300,350,380,420,470,640,640,640,14671,0,230,248.74620064460473,14.60263500007386,2176.4711910000187,8636.624565469294
1789904734,100,GET,GET /api/events/{id},26.200000,0.000000,230,270,300,320,380,410,550,570,790,790,790,5866,0,230,254.64163563927877,22.819426000069143,2457.589189000032,428.16621206955335
1789904734,100,GET,GET /api/events?city,36.700000,0.000000,220,260,280,300,340,390,450,560,660,660,660,8753,0,220,247.34414911344797,20.26550900006896,2086.489680999989,8666.48531931909
1789904734,100,POST,POST /api/auth/login,0.000000,0.000000,0,0,0,0,0,0,0,0,0,0,0,30,0,2700,2581.041040066664,1665.7984360000455,4027.322984999955,414.3
1789904734,100,POST,POST /api/auth/register,0.000000,0.000000,0,0,0,0,0,0,0,0,0,0,0,30,0,3100,2903.5319957666684,1031.5803199999891,3955.050796000023,131.76666666666668
1789904734,100,POST,POST /api/bookings [auth],13.500000,0.000000,300,350,370,380,450,510,550,560,590,590,590,2876,0,300,314.62274556954395,110.59802799991303,2122.1652660000245,265.6404728789986
1789904734,100,,Aggregated,164.100000,0.000000,230,270,300,320,370,410,480,550,660,790,790,36998,0,240,264.40305578969236,14.60263500007386,4027.322984999955,6183.986107357155
1789904735,100,GET,/api/events [warmup],0.000000,0.000000,0,0,0,0,0,0,0,0,0,0,0,100,0,750,919.3783923100023,161.67094200000065,2319.9825649999184,43009.1
1789904735,100,DELETE,DELETE /api/bookings/{id} [auth],4.000000,0.000000,360,410,420,430,510,590,600,600,600,600,600,962,0,320,334.41555964137194,142.95747799997116,1400.2631590000192,290.5945945945946
1789904735,100,GET,GET /api/bookings/me [auth],15.300000,0.000000,250,280,320,360,390,450,520,540,540,540,540,3733,0,250,267.13593439539153,74.4635590000371,2131.379423999988,4946.004821859095
1789904735,100,GET,GET /api/events,66.900000,0.000000,220,270,290,310,350,380,420,470,640,640,640,14737,0,230,248.57722127624316,14.60263500007386,2176.4711910000187,8636.616814819841
1789904735,100,GET,GET /api/events/{id},26.300000,0.000000,220,260,300,320,370,410,530,570,790,790,790,5901,0,230,254.32170793543622,22.819426000069143,2457.589189000032,428.16624300965935
1789904735,100,GET,GET /api/events?city,35.800000,0.000000,220,260,290,310,340,380,450,560,660,660,660,8789,0,220,247.2587917911037,20.26550900006896,2086.489680999989,8666.520878370691
1789904735,100,POST,POST /api/auth/login,0.000000,0.000000,0,0,0,0,0,0,0,0,0,0,0,30,0,2700,2581.041040066664,1665.7984360000455,4027.322984999955,414.3
1789904735,100,POST,POST /api/auth/register,0.000000,0.000000,0,0,0,0,0,0,0,0,0,0,0,30,0,3100,2903.5319957666684,1031.5803199999891,3955.050796000023,131.76666666666668
1789904735,100,POST,POST /api/bookings [auth],13.700000,0.000000,290,350,370,380,450,510,550,560,590,590,590,2889,0,300,314.3888116538623,110.59802799991303,2122.1652660000245,265.6420906888197
1789904735,100,,Aggregated,162.000000,0.000000,230,280,300,320,370,420,480,550,660,790,790,37171,0,240,264.207660492697,14.60263500007386,4027.322984999955,6182.298108740685
1789904736,100,GET,/api/events [warmup],0.000000,0.000000,0,0,0,0,0,0,0,0,0,0,0,100,0,750,919.3783923100023,161.67094200000065,2319.9825649999184,43009.1
1789904736,100,DELETE,DELETE /api/bookings/{id} [auth],4.100000,0.000000,340,400,420,430,510,590,600,600,600,600,600,966,0,320,334.09996544306415,142.95747799997116,1400.2631590000192,290.59420289855075
1789904736,100,GET,GET /api/bookings/me [auth],14.900000,0.000000,250,290,320,360,390,450,520,540,540,540,540,3746,0,250,267.10375132701466,74.4635590000371,2131.379423999988,4948.08489054992
1789904736,100,GET,GET /api/events,66.800000,0.000000,230,270,300,320,360,390,430,470,640,640,640,14795,0,230,248.57210069232826,14.60263500007386,2176.4711910000187,8636.626360256843
1789904736,100,GET,GET /api/events/{id},26.500000,0.000000,220,270,310,330,380,420,550,570,790,790,790,5922,0,230,254.30300957734036,22.819426000069143,2457.589189000032,428.16210739614996
1789904736,100,GET,GET /api/events?city,37.700000,0.000000,220,270,290,310,350,390,450,560,660,660,660,8828,0,220,247.18029436565593,20.26550900006896,2086.489680999989,8666.425351155414
1789904736,100,POST,POST /api/auth/login,0.000000,0.000000,0,0,0,0,0,0,0,0,0,0,0,30,0,2700,2581.041040066664,1665.7984360000455,4027.322984999955,414.3
1789904736,100,POST,POST /api/auth/register,0.000000,0.000000,0,0,0,0,0,0,0,0,0,0,0,30,0,3100,2903.5319957666684,1031.5803199999891,3955.050796000023,131.76666666666668
1789904736,100,POST,POST /api/bookings [auth],14.600000,0.000000,290,330,370,380,460,520,550,560,590,590,590,2896,0,300,314.1587135811492,110.59802799991303,2122.1652660000245,265.64330110497235
1789904736,100,,Aggregated,164.600000,0.000000,240,280,310,330,380,420,480,550,660,790,790,37313,0,240,264.1252157437366,14.60263500007386,4027.322984999955,6183.488355264921
1789904737,100,GET,/api/events [warmup],0.000000,0.000000,0,0,0,0,0,0,0,0,0,0,0,100,0,750,919.3783923100023,161.67094200000065,2319.9825649999184,43009.1
1789904737,100,DELETE,DELETE /api/bookings/{id} [auth],3.900000,0.000000,370,410,430,440,510,590,600,600,600,600,600,970,0,320,334.3754205938148,142.95747799997116,1400.2631590000192,290.59896907216495
1789904737,100,GET,GET /api/bookings/me [auth],15.000000,0.000000,260,300,340,360,400,450,520,540,540,540,540,3763,0,250,267.030411169279,74.4635590000371,2131.379423999988,4950.774647887324
1789904737,100,GET,GET /api/events,66.800000,0.000000,230,280,300,320,360,400,440,470,640,640,640,14856,0,230,248.56164961234504,14.60263500007386,2176.4711910000187,8636.619816908993
1789904737,100,GET,GET /api/events/{id},24.800000,0.000000,230,270,320,340,400,460,550,590,790,790,790,5955,0,230,254.2825701062991,22.819426000069143,2457.589189000032,428.16759026028546
1789904737,100,GET,GET /api/events?city,38.100000,0.000000,220,270,300,320,360,400,480,570,750,750,750,8880,0,220,247.15508309932554,20.26550900006896,2086.489680999989,8666.46722972973
1789904737,100,POST,POST /api/auth/login,0.000000,0.000000,0,0,0,0,0,0,0,0,0,0,0,30,0,2700,2581.041040066664,1665.7984360000455,4027.322984999955,414.3
1789904737,100,POST,POST /api/auth/register,0.000000,0.000000,0,0,0,0,0,0,0,0,0,0,0,30,0,3100,2903.5319957666684,1031.5803199999891,3955.050796000023,131.76666666666668
1789904737,100,POST,POST /api/bookings [auth],14.600000,0.000000,300,350,380,400,500,550,590,620,670,670,670,2914,0,300,314.6773250428992,110.59802799991303,2122.1652660000245,265.6468771448181
1789904737,100,,Aggregated,163.200000,0.000000,240,280,320,340,390,440,540,560,750,790,790,37498,0,240,264.1273150630175,14.60263500007386,4027.322984999955,6182.106352338791
1789904738,100,GET,/api/events [warmup],0.000000,0.000000,0,0,0,0,0,0,0,0,0,0,0,100,0,750,919.3783923100023,161.67094200000065,2319.9825649999184,43009.1
1789904738,100,DELETE,DELETE /api/bookings/{id} [auth],3.800000,0.000000,340,370,390,420,510,560,600,600,600,600,600,977,0,320,333.9415942763568,142.95747799997116,1400.2631590000192,290.6069600818833
1789904738,100,GET,GET /api/bookings/me [auth],15.800000,0.000000,250,280,300,320,390,450,520,540,540,540,540,3781,0,250,266.78329621898894,74.4635590000371,2131.379423999988,4953.577096006347
1789904738,100,GET,GET /api/events,67.000000,0.000000,220,270,280,300,350,390,430,470,640,640,640,14928,0,230,248.3226862901926,14.60263500007386,2176.4711910000187,8636.61562165059
1789904738,100,GET,GET /api/events/{id},26.200000,0.000000,220,250,290,320,370,420,550,590,790,790,790,5988,0,230,253.96038860437747,22.819426000069143,2457.589189000032,428.1659986639946
1789904738,100,GET,GET /api/events?city,37.400000,0.000000,210,260,290,310,350,400,450,570,750,750,750,8912,0,220,246.99043206070593,20.26550900006896,2086.489680999989,8666.470040394974
1789904738,100,POST,POST /api/auth/login,0.000000,0.000000,0,0,0,0,0,0,0,0,0,0,0,30,0,2700,2581.041040066664,1665.7984360000455,4027.322984999955,414.3
1789904738,100,POST,POST /api/auth/register,0.000000,0.000000,0,0,0,0,0,0,0,0,0,0,0,30,0,3100,2903.5319957666684,1031.5803199999891,3955.050796000023,131.76666666666668
1789904738,100,POST,POST /api/bookings [auth],14.700000,0.000000,290,340,380,390,510,550,590,620,670,670,670,2923,0,300,314.511096707153,110.59802799991303,2122.1652660000245,265.647280191584
1789904738,100,,Aggregated,164.900000,0.000000,230,270,300,320,370,430,530,560,750,790,790,37669,0,240,263.86721561552025,14.60263500007386,4027.322984999955,6181.051103029016
1789904739,100,GET,/api/events [warmup],0.000000,0.000000,0,0,0,0,0,0,0,0,0,0,0,100,0,750,919.3783923100023,161.67094200000065,2319.9825649999184,43009.1
1789904739,100,DELETE,DELETE /api/bookings/{id} [auth],3.600000,0.000000,330,360,370,390,440,510,560,560,560,560,560,983,0,320,333.75264937741684,142.95747799997116,1400.2631590000192,290.61037639877924
1789904739,100,GET,GET /api/bookings/me [auth],15.300000,0.000000,240,270,300,310,380,450,520,540,540,540,540,3794,0,250,266.66865880126437,74.4635590000371,2131.379423999988,4955.67053241961
1789904739,100,GET,GET /api/events,65.900000,0.000000,220,260,280,300,350,390,420,460,600,600,600,14995,0,230,248.16682918519464,14.60263500007386,2176.4711910000187,8636.616672224074
1789904739,100,GET,GET /api/events/{id},25.300000,0.000000,210,250,280,310,360,420,540,570,590,590,590,6009,0,230,253.85615845598474,22.819426000069143,2457.589189000032,428.1690797137627
1789904739,100,GET,GET /api/events?city,37.100000,0.000000,210,250,280,300,340,380,450,560,750,750,750,8950,0,220,246.86308125921906,20.26550900006896,2086.489680999989,8666.409944134079
1789904739,100,POST,POST /api/auth/login,0.000000,0.000000,0,0,0,0,0,0,0,0,0,0,0,30,0,2700,2581.041040066664,1665.7984360000455,4027.322984999955,414.3
1789904739,100,POST,POST /api/auth/register,0.000000,0.000000,0,0,0,0,0,0,0,0,0,0,0,30,0,3100,2903.5319957666684,1031.5803199999891,3955.050796000023,131.76666666666668
1789904739,100,POST,POST /api/bookings [auth],14.000000,0.000000,290,330,360,380,480,540,590,620,670,670,670,2942,0,300,314.1969075129191,110.59802799991303,2122.1652660000245,265.649898028552
1789904739,100,,Aggregated,161.200000,0.000000,220,260,290,310,360,420,510,550,670,750,750,37833,0,240,263.7054929586086,14.60263500007386,4027.322984999955,6180.573097560331
1789904740,100,GET,/api/events [warmup],0.000000,0.000000,0,0,0,0,0,0,0,0,0,0,0,100,0,750,919.3783923100023,161.67094200000065,2319.9825649999184,43009.1
1789904740,100,DELETE,DELETE /api/bookings/{id} [auth],3.500000,0.000000,330,370,370,410,480,510,560,560,560,560,560,984,0,320,333.6348239969521,142.95747799997116,1400.2631590000192,290.6117886178862
1789904740,100,GET,GET /api/bookings/me [auth],15.400000,0.000000,250,280,300,320,370,430,520,540,540,540,540,3816,0,250,266.6569093532486,74.4635590000371,2131.379423999988,4959.0330188679245
1789904740,100,GET,GET /api/events,64.600000,0.000000,220,260,280,290,350,390,420,460,600,600,600,15071,0,230,248.07054607842832,14.60263500007386,2176.4711910000187,8636.605533806649
1789904740,100,GET,GET /api/events/{id},25.700000,0.000000,220,250,290,310,360,420,540,570,590,590,590,6030,0,230,253.80141922985277,22.819426000069143,2457.589189000032,428.16965174129353
1789904740,100,GET,GET /api/events?city,38.000000,0.000000,210,250,280,300,340,380,450,560,750,750,750,8989,0,220,246.81092346946397,20.26550900006896,2086.489680999989,8666.355100678607
1789904740,100,POST,POST /api/auth/login,0.000000,0.000000,0,0,0,0,0,0,0,0,0,0,0,30,0,2700,2581.041040066664,1665.7984360000455,4027.322984999955,414.3
1789904740,100,POST,POST /api/auth/register,0.000000,0.000000,0,0,0,0,0,0,0,0,0,0,0,30,0,3100,2903.5319957666684,1031.5803199999891,3955.050796000023,131.76666666666668
1789904740,100,POST,POST /api/bookings [auth],14.100000,0.000000,290,330,360,380,480,540,590,620,670,670,670,2957,0,300,313.99525327156164,110.59802799991303,2122.1652660000245,265.65167399391277
1789904740,100,,Aggregated,161.300000,0.000000,230,270,290,320,360,410,510,550,670,750,750,38007,0,240,263.5960632542966,14.60263500007386,4027.322984999955,6181.978767069224
1789904741,100,GET,/api/events [warmup],0.000000,0.000000,0,0,0,0,0,0,0,0,0,0,0,100,0,750,919.3783923100023,161.67094200000065,2319.9825649999184,43009.1
1789904741,100,DELETE,DELETE /api/bookings/{id} [auth],3.900000,0.000000,310,340,370,390,440,510,510,510,510,510,510,985,0,320,333.59946309949333,142.95747799997116,1400.2631590000192,290.6121827411167
1789904741,100,GET,GET /api/bookings/me [auth],15.900000,0.000000,240,280,300,320,370,430,490,520,540,540,540,3835,0,250,266.78888091655693,74.4635590000371,2131.379423999988,4961.892307692307
1789904741,100,GET,GET /api/events,66.800000,0.000000,220,260,280,300,350,390,420,450,600,600,600,15140,0,230,248.14797759147916,14.60263500007386,2176.4711910000187,8636.602906208718
1789904741,100,GET,GET /api/events/{id},27.100000,0.000000,220,250,290,310,380,430,490,570,590,590,590,6055,0,230,253.9183400772937,22.819426000069143,2457.589189000032,428.16928158546654
1789904741,100,GET,GET /api/events?city,38.100000,0.000000,220,250,280,300,340,390,450,560,750,750,750,9021,0,220,246.8763650206199,20.26550900006896,2086.489680999989,8666.448509034475
1789904741,100,POST,POST /api/auth/login,0.000000,0.000000,0,0,0,0,0,0,0,0,0,0,0,30,0,2700,2581.041040066664,1665.7984360000455,4027.322984999955,414.3
1789904741,100,POST,POST /api/auth/register,0.000000,0.000000,0,0,0,0,0,0,0,0,0,0,0,30,0,3100,2903.5319957666684,1031.5803199999891,3955.050796000023,131.76666666666668
1789904741,100,POST,POST /api/bookings [auth],13.800000,0.000000,290,330,350,380,480,540,560,620,670,670,670,2968,0,300,314.0564682331562,110.59802799991303,2122.1652660000245,265.6522911051213
1789904741,100,,Aggregated,165.600000,0.000000,230,270,300,310,360,410,480,540,670,750,750,38164,0,240,263.6472349922455,14.60263500007386,4027.322984999955,6182.570563882193
1789904742,100,GET,/api/events [warmup],0.000000,0.000000,0,0,0,0,0,0,0,0,0,0,0,100,0,750,919.3783923100023,161.67094200000065,2319.9825649999184,43009.1
1789904742,100,DELETE,DELETE /api/bookings/{id} [auth],4.100000,0.000000,310,340,370,390,430,510,510,510,510,510,510,986,0,320,333.6942341298184,142.95747799997116,1400.2631590000192,290.6115618661258
1789904742,100,GET,GET /api/bookings/me [auth],15.600000,0.000000,240,270,300,310,360,410,470,490,520,520,520,3850,0,250,266.7461466522068,74.4635590000371,2131.379423999988,4964.217142857143
1789904742,100,GET,GET /api/events,65.200000,0.000000,220,250,270,280,330,380,420,440,560,560,560,15201,0,230,248.0814679391484,14.60263500007386,2176.4711910000187,8636.60476284455
1789904742,100,GET,GET /api/events/{id},26.400000,0.000000,220,250,280,310,360,390,480,540,590,590,590,6081,0,230,253.77955567291798,22.819426000069143,2457.589189000032,428.1614865975991
1789904742,100,GET,GET /api/events?city,38.500000,0.000000,210,240,270,280,330,370,430,550,750,750,750,9059,0,220,246.7277143844809,20.26550900006896,2086.489680999989,8666.528314383486
1789904742,100,POST,POST /api/auth/login,0.000000,0.000000,0,0,0,0,0,0,0,0,0,0,0,30,0,2700,2581.041040066664,1665.7984360000455,4027.322984999955,414.3
1789904742,100,POST,POST /api/auth/register,0.000000,0.000000,0,0,0,0,0,0,0,0,0,0,0,30,0,3100,2903.5319957666684,1031.5803199999891,3955.050796000023,131.76666666666668
1789904742,100,POST,POST /api/bookings [auth],14.100000,0.000000,280,310,330,340,420,540,560,620,670,670,670,2977,0,300,314.06471198992557,110.59802799991303,2122.1652660000245,265.6533422908969
1789904742,100,,Aggregated,163.900000,0.000000,220,260,280,300,350,390,450,520,670,750,750,38314,0,240,263.5294433930693,14.60263500007386,4027.322984999955,6183.266691026779
1789904744,100,GET,/api/events [warmup],0.000000,0.000000,0,0,0,0,0,0,0,0,0,0,0,100,0,750,919.3783923100023,161.67094200000065,2319.9825649999184,43009.1
1789904744,100,DELETE,DELETE /api/bookings/{id} [auth],3.800000,0.000000,310,330,340,340,410,430,510,510,510,510,510,989,0,320,333.618170761376,142.95747799997116,1400.2631590000192,290.61172901921134
1789904744,100,GET,GET /api/bookings/me [auth],16.200000,0.000000,250,280,310,330,410,440,490,510,510,510,510,3861,0,250,267.09084315980215,74.4635590000371,2131.379423999988,4965.882154882155
1789904744,100,GET,GET /api/events,65.100000,0.000000,220,260,280,290,340,390,420,440,560,560,560,15250,0,230,248.20422685265552,14.60263500007386,2176.4711910000187,8636.606688524591
1789904744,100,GET,GET /api/events/{id},25.600000,0.000000,230,260,300,310,360,400,490,540,590,590,590,6105,0,230,254.0359104270295,22.819426000069143,2457.589189000032,428.1626535626536
1789904744,100,GET,GET /api/events?city,39.000000,0.000000,230,260,280,300,350,380,430,510,750,750,750,9102,0,220,246.91693550736235,20.26550900006896,2086.489680999989,8666.601735882223
1789904744,100,POST,POST /api/auth/login,0.000000,0.000000,0,0,0,0,0,0,0,0,0,0,0,30,0,2700,2581.041040066664,1665.7984360000455,4027.322984999955,414.3
1789904744,100,POST,POST /api/auth/register,0.000000,0.000000,0,0,0,0,0,0,0,0,0,0,0,30,0,3100,2903.5319957666684,1031.5803199999891,3955.050796000023,131.76666666666668
1789904744,100,POST,POST /api/bookings [auth],14.100000,0.000000,300,330,340,380,480,550,620,670,1100,1100,1100,2994,0,300,314.5994201529755,110.59802799991303,2122.1652660000245,265.6563126252505
1789904744,100,,Aggregated,163.800000,0.000000,230,270,300,310,360,410,470,540,750,1100,1100,38461,0,240,263.72204181417686,14.60263500007386,4027.322984999955,6182.339174748447
1789904745,100,GET,/api/events [warmup],0.000000,0.000000,0,0,0,0,0,0,0,0,0,0,0,100,0,750,919.3783923100023,161.67094200000065,2319.9825649999184,43009.1
1789904745,100,DELETE,DELETE /api/bookings/{id} [auth],3.700000,0.000000,310,330,370,390,450,470,510,510,510,510,510,993,0,320,333.90682613393875,142.95747799997116,1400.2631590000192,290.6122860020141
1789904745,100,GET,GET /api/bookings/me [auth],16.600000,0.000000,250,290,320,340,390,430,490,510,510,510,510,3878,0,250,267.1308487643103,74.4635590000371,2131.379423999988,4968.470345538937
1789904745,100,GET,GET /api/events,65.600000,0.000000,230,270,290,310,340,390,420,440,560,560,560,15322,0,230,248.19381435471848,14.60263500007386,2176.4711910000187,8636.603968150372
1789904745,100,GET,GET /api/events/{id},25.900000,0.000000,230,280,310,320,370,420,490,540,590,590,590,6127,0,230,254.06607751820067,22.819426000069143,2457.589189000032,428.1707197649747
1789904745,100,GET,GET /api/events?city,39.300000,0.000000,230,260,280,300,350,380,430,510,750,750,750,9136,0,220,246.9059502016212,20.26550900006896,2086.489680999989,8666.573445709282
1789904745,100,POST,POST /api/auth/login,0.000000,0.000000,0,0,0,0,0,0,0,0,0,0,0,30,0,2700,2581.041040066664,1665.7984360000455,4027.322984999955,414.3
1789904745,100,POST,POST /api/auth/register,0.000000,0.000000,0,0,0,0,0,0,0,0,0,0,0,30,0,3100,2903.5319957666684,1031.5803199999891,3955.050796000023,131.76666666666668
1789904745,100,POST,POST /api/bookings [auth],13.700000,0.000000,310,340,390,410,480,550,620,670,1100,1100,1100,3005,0,300,314.85951547254865,110.59802799991303,2122.1652660000245,265.65790349417637
1789904745,100,,Aggregated,164.800000,0.000000,240,280,310,320,370,420,480,540,750,1100,1100,38621,0,240,263.72574572639365,14.60263500007386,4027.322984999955,6183.246498019213
1789904746,100,GET,/api/events [warmup],0.000000,0.000000,0,0,0,0,0,0,0,0,0,0,0,100,0,750,919.3783923100023,161.67094200000065,2319.9825649999184,43009.1
1789904746,100,DELETE,DELETE /api/bookings/{id} [auth],3.500000,0.000000,320,370,400,410,450,470,510,510,510,510,510,999,0,320,334.08729219920053,142.95747799997116,1400.2631590000192,290.61561561561564
1789904746,100,GET,GET /api/bookings/me [auth],16.900000,0.000000,260,310,340,350,410,450,510,510,590,590,590,3890,0,250,267.42368498637416,74.4635590000371,2131.379423999988,4970.240616966581
1789904746,100,GET,GET /api/events,65.500000,0.000000,230,270,290,310,340,380,420,440,560,560,560,15378,0,230,248.26602489185817,14.60263500007386,2176.4711910000187,8636.606515801795
1789904746,100,GET,GET /api/events/{id},26.300000,0.000000,230,280,310,320,370,400,490,540,590,590,590,6151,0,230,254.08055506552043,22.819426000069143,2457.589189000032,428.1729800032515
1789904746,100,GET,GET /api/events?city,39.700000,0.000000,240,270,300,310,360,400,470,550,750,750,750,9176,0,220,247.13398122962215,20.26550900006896,2086.489680999989,8666.512532693985
1789904746,100,POST,POST /api/auth/login,0.000000,0.000000,0,0,0,0,0,0,0,0,0,0,0,30,0,2700,2581.041040066664,1665.7984360000455,4027.322984999955,414.3
1789904746,100,POST,POST /api/auth/register,0.000000,0.000000,0,0,0,0,0,0,0,0,0,0,0,30,0,3100,2903.5319957666684,1031.5803199999891,3955.050796000023,131.76666666666668
1789904746,100,POST,POST /api/bookings [auth],13.200000,0.000000,320,360,390,410,490,550,620,670,1100,1100,1100,3019,0,300,314.9582003925169,110.59802799991303,2122.1652660000245,265.66114607485923
1789904746,100,,Aggregated,165.100000,0.000000,240,290,310,330,370,420,490,550,750,1100,1100,38773,0,240,263.83697453261436,14.60263500007386,4027.322984999955,6182.529853248395
1789904747,100,GET,/api/events [warmup],0.000000,0.000000,0,0,0,0,0,0,0,0,0,0,0,100,0,750,919.3783923100023,161.67094200000065,2319.9825649999184,43009.1
1789904747,100,DELETE,DELETE /api/bookings/{id} [auth],3.500000,0.000000,320,380,410,420,450,470,510,510,510,510,510,1002,0,320,334.3871772934145,142.95747799997116,1400.2631590000192,290.6187624750499
1789904747,100,GET,GET /api/bookings/me [auth],16.400000,0.000000,270,320,340,350,410,450,510,510,590,590,590,3904,0,250,267.5504495391893,74.4635590000371,2131.379423999988,4972.367571721312
1789904747,100,GET,GET /api/events,64.900000,0.000000,240,270,290,310,350,390,420,440,610,610,610,15451,0,230,248.37283135253335,14.60263500007386,2176.4711910000187,8636.59776066274
1789904747,100,GET,GET /api/events/{id},26.000000,0.000000,250,290,310,330,370,400,450,490,550,550,550,6169,0,230,254.15292358307917,22.819426000069143,2457.589189000032,428.1736099854109
1789904747,100,GET,GET /api/events?city,38.100000,0.000000,240,270,300,320,360,400,450,500,620,620,620,9215,0,220,247.21912755681095,20.26550900006896,2086.489680999989,8666.470103092783
1789904747,100,POST,POST /api/auth/login,0.000000,0.000000,0,0,0,0,0,0,0,0,0,0,0,30,0,2700,2581.041040066664,1665.7984360000455,4027.322984999955,414.3
1789904747,100,POST,POST /api/auth/register,0.000000,0.000000,0,0,0,0,0,0,0,0,0,0,0,30,0,3100,2903.5319957666684,1031.5803199999891,3955.050796000023,131.76666666666668
1789904747,100,POST,POST /api/bookings [auth],12.900000,0.000000,320,350,390,410,450,510,550,560,1100,1100,1100,3038,0,300,315.1572856194896,110.59802799991303,2122.1652660000245,265.66524028966427
1789904747,100,,Aggregated,161.800000,0.000000,250,290,320,330,380,420,470,510,620,1100,1100,38939,0,240,263.92814489111316,14.60263500007386,4027.322984999955,6183.381776624978
1789904748,100,GET,/api/events [warmup],0.000000,0.000000,0,0,0,0,0,0,0,0,0,0,0,100,0,750,919.3783923100023,161.67094200000065,2319.9825649999184,43009.1
1789904748,100,DELETE,DELETE /api/bookings/{id} [auth],3.600000,0.000000,350,400,420,430,450,470,510,510,510,510,510,1007,0,320,334.3991131360489,142.95747799997116,1400.2631590000192,290.6246276067527
1789904748,100,GET,GET /api/bookings/me [auth],15.700000,0.000000,280,320,350,360,410,450,510,510,590,590,590,3926,0,250,267.37360538384985,74.4635590000371,2131.379423999988,4975.5922058074375
1789904748,100,GET,GET /api/events,63.800000,0.000000,240,280,300,320,360,390,440,490,610,610,610,15516,0,230,248.3700239509535,14.60263500007386,2176.4711910000187,8636.606535189481
1789904748,100,GET,GET /api/events/{id},24.800000,0.000000,250,290,320,340,370,400,450,490,550,550,550,6193,0,230,254.06721158259577,22.819426000069143,2457.589189000032,428.16647828193123
1789904748,100,GET,GET /api/events?city,38.500000,0.000000,250,270,300,320,360,400,450,500,620,620,620,9259,0,220,247.1941421986189,20.26550900006896,2086.489680999989,8666.557943622422
1789904748,100,POST,POST /api/auth/login,0.000000,0.000000,0,0,0,0,0,0,0,0,0,0,0,30,0,2700,2581.041040066664,1665.7984360000455,4027.322984999955,414.3
1789904748,100,POST,POST /api/auth/register,0.000000,0.000000,0,0,0,0,0,0,0,0,0,0,0,30,0,3100,2903.5319957666684,1031.5803199999891,3955.050796000023,131.76666666666668
1789904748,100,POST,POST /api/bookings [auth],12.800000,0.000000,320,360,390,410,450,510,550,560,1100,1100,1100,3049,0,300,315.12215498721207,110.59802799991303,2122.1652660000245,265.6657920629715
1789904748,100,,Aggregated,159.200000,0.000000,250,290,320,340,380,420,480,510,620,1100,1100,39110,0,240,263.8621646151379,14.60263500007386,4027.322984999955,6183.968882638711
1789904749,100,GET,/api/events [warmup],0.000000,0.000000,0,0,0,0,0,0,0,0,0,0,0,100,0,750,919.3783923100023,161.67094200000065,2319.9825649999184,43009.1
1789904749,100,DELETE,DELETE /api/bookings/{id} [auth],3.600000,0.000000,350,400,430,430,450,470,510,510,510,510,510,1011,0,320,334.294652174086,142.95747799997116,1400.2631590000192,290.6271018793274
1789904749,100,GET,GET /api/bookings/me [auth],15.600000,0.000000,270,310,340,350,410,450,510,510,590,590,590,3943,0,250,267.07062071645817,74.4635590000371,2131.379423999988,4978.097895003804
1789904749,100,GET,GET /api/events,65.400000,0.000000,240,280,300,320,360,410,440,510,700,700,700,15580,0,230,248.2877493152755,14.60263500007386,2176.4711910000187,8636.60025673941
1789904749,100,GET,GET /api/events/{id},24.300000,0.000000,250,280,310,330,370,420,450,520,550,550,550,6228,0,230,253.80339366137068,22.819426000069143,2457.589189000032,428.16522157996144
1789904749,100,GET,GET /api/events?city,38.700000,0.000000,250,270,300,320,360,400,450,500,620,620,620,9302,0,220,247.05255780498945,20.26550900006896,2086.489680999989,8666.600623521823
1789904749,100,POST,POST /api/auth/login,0.000000,0.000000,0,0,0,0,0,0,0,0,0,0,0,30,0,2700,2581.041040066664,1665.7984360000455,4027.322984999955,414.3
1789904749,100,POST,POST /api/auth/register,0.000000,0.000000,0,0,0,0,0,0,0,0,0,0,0,30,0,3100,2903.5319957666684,1031.5803199999891,3955.050796000023,131.76666666666668
1789904749,100,POST,POST /api/bookings [auth],14.200000,0.000000,330,360,390,410,450,530,550,560,1100,1100,1100,3062,0,300,314.95476417766463,110.59802799991303,2122.1652660000245,265.6672109732201
1789904749,100,,Aggregated,161.800000,0.000000,250,290,320,340,390,430,490,530,700,1100,1100,39286,0,240,263.6815005805643,14.60263500007386,4027.322984999955,6182.7315837703
1789904750,100,GET,/api/events [warmup],0.000000,0.000000,0,0,0,0,0,0,0,0,0,0,0,100,0,750,919.3783923100023,161.67094200000065,2319.9825649999184,43009.1
1789904750,100,DELETE,DELETE /api/bookings/{id} [auth],3.700000,0.000000,330,380,410,430,450,470,510,510,510,510,510,1015,0,320,334.15250153891714,142.95747799997116,1400.2631590000192,290.6295566502463
1789904750,100,GET,GET /api/bookings/me [auth],16.300000,0.000000,270,310,350,360,420,460,510,510,590,590,590,3955,0,250,267.0765052677609,74.4635590000371,2131.379423999988,4979.809608091024
1789904750,100,GET,GET /api/events,65.800000,0.000000,240,280,300,320,360,410,440,510,700,700,700,15656,0,230,248.11005492073286,14.60263500007386,2176.4711910000187,8636.593702095044
1789904750,100,GET,GET /api/events/{id},23.600000,0.000000,240,280,310,330,370,400,450,520,550,550,550,6253,0,230,253.6488554209206,22.819426000069143,2457.589189000032,428.1754357908204
1789904750,100,GET,GET /api/events?city,37.500000,0.000000,240,270,300,320,360,400,450,500,620,620,620,9342,0,220,246.88623442924555,20.26550900006896,2086.489680999989,8666.573003639478
1789904750,100,POST,POST /api/auth/login,0.000000,0.000000,0,0,0,0,0,0,0,0,0,0,0,30,0,2700,2581.041040066664,1665.7984360000455,4027.322984999955,414.3
1789904750,100,POST,POST /api/auth/register,0.000000,0.000000,0,0,0,0,0,0,0,0,0,0,0,30,0,3100,2903.5319957666684,1031.5803199999891,3955.050796000023,131.76666666666668
1789904750,100,POST,POST /api/bookings [auth],13.300000,0.000000,320,350,390,410,450,510,550,560,1100,1100,1100,3078,0,300,314.6108026907112,110.59802799991303,2122.1652660000245,265.66796621182584
1789904750,100,,Aggregated,160.200000,0.000000,250,290,320,340,380,430,490,530,700,1100,1100,39459,0,240,263.49344796391296,14.60263500007386,4027.322984999955,6183.131123444588
1789904751,100,GET,/api/events [warmup],0.000000,0.000000,0,0,0,0,0,0,0,0,0,0,0,100,0,750,919.3783923100023,161.67094200000065,2319.9825649999184,43009.1
1789904751,100,DELETE,DELETE /api/bookings/{id} [auth],3.300000,0.000000,330,380,410,430,450,470,510,510,510,510,510,1020,0,320,333.97280006176595,142.95747799997116,1400.2631590000192,290.6362745098039
1789904751,100,GET,GET /api/bookings/me [auth],16.100000,0.000000,270,300,340,350,390,450,510,510,590,590,590,3970,0,250,267.08551533173664,74.4635590000371,2131.379423999988,4981.867002518891
1789904751,100,GET,GET /api/events,64.600000,0.000000,240,270,300,310,360,400,440,510,700,700,700,15707,0,230,248.13933844878042,14.60263500007386,2176.4711910000187,8636.597376965685
1789904751,100,GET,GET /api/events/{id},23.900000,0.000000,250,280,300,320,370,400,460,520,550,550,550,6281,0,230,253.68140919041812,22.819426000069143,2457.589189000032,428.1772010826302
1789904751,100,GET,GET /api/events?city,38.800000,0.000000,240,270,300,320,360,390,460,500,620,620,620,9386,0,220,246.98597197262018,20.26550900006896,2086.489680999989,8666.595248242063
1789904751,100,POST,POST /api/auth/login,0.000000,0.000000,0,0,0,0,0,0,0,0,0,0,0,30,0,2700,2581.041040066664,1665.7984360000455,4027.322984999955,414.3
1789904751,100,POST,POST /api/auth/register,0.000000,0.000000,0,0,0,0,0,0,0,0,0,0,0,30,0,3100,2903.5319957666684,1031.5803199999891,3955.050796000023,131.76666666666668
1789904751,100,POST,POST /api/bookings [auth],13.800000,0.000000,320,350,390,400,450,510,550,560,1100,1100,1100,3090,0,300,314.60423176019697,110.59802799991303,2122.1652660000245,265.6705501618123
1789904751,100,,Aggregated,160.500000,0.000000,250,290,320,330,380,420,490,530,700,1100,1100,39614,0,240,263.51016588706113,14.60263500007386,4027.322984999955,6182.202100267582
1789904752,100,GET,/api/events [warmup],0.000000,0.000000,0,0,0,0,0,0,0,0,0,0,0,100,0,750,919.3783923100023,161.67094200000065,2319.9825649999184,43009.1
1789904752,100,DELETE,DELETE /api/bookings/{id} [auth],3.200000,0.000000,330,360,400,410,450,470,510,510,510,510,510,1025,0,320,333.7135964800012,142.95747799997116,1400.2631590000192,290.64
1789904752,100,GET,GET /api/bookings/me [auth],15.900000,0.000000,260,290,330,350,390,450,510,510,590,590,590,3989,0,250,266.9911794662808,74.4635590000371,2131.379423999988,4984.518425670594
1789904752,100,GET,GET /api/events,65.600000,0.000000,240,270,290,310,360,400,440,510,700,700,700,15773,0,230,248.0816946836361,14.60263500007386,2176.4711910000187,8636.605084638306
1789904752,100,GET,GET /api/events/{id},24.300000,0.000000,250,280,310,330,370,420,460,520,550,550,550,6307,0,230,253.69578964087793,22.819426000069143,2457.589189000032,428.1782146820993
1789904752,100,GET,GET /api/events?city,39.200000,0.000000,240,270,300,320,360,390,460,500,620,620,620,9424,0,220,246.9246274004683,20.26550900006896,2086.489680999989,8666.445776740238
1789904752,100,POST,POST /api/auth/login,0.000000,0.000000,0,0,0,0,0,0,0,0,0,0,0,30,0,2700,2581.041040066664,1665.7984360000455,4027.322984999955,414.3
1789904752,100,POST,POST /api/auth/register,0.000000,0.000000,0,0,0,0,0,0,0,0,0,0,0,30,0,3100,2903.5319957666684,1031.5803199999891,3955.050796000023,131.76666666666668
1789904752,100,POST,POST /api/bookings [auth],13.500000,0.000000,320,350,380,400,450,510,550,560,1100,1100,1100,3101,0,300,314.50827787326944,110.59802799991303,2122.1652660000245,265.6733311834892
1789904752,100,,Aggregated,161.700000,0.000000,250,290,310,330,380,420,490,530,700,1100,1100,39779,0,240,263.42841839679346,14.60263500007386,4027.322984999955,6182.170793634832
1789904753,100,GET,/api/events [warmup],0.000000,0.000000,0,0,0,0,0,0,0,0,0,0,0,100,0,750,919.3783923100023,161.67094200000065,2319.9825649999184,43009.1
1789904753,100,DELETE,DELETE /api/bookings/{id} [auth],3.600000,0.000000,330,370,380,400,450,450,510,510,510,510,510,1030,0,320,333.60109415728266,142.95747799997116,1400.2631590000192,290.6407766990291
1789904753,100,GET,GET /api/bookings/me [auth],15.400000,0.000000,260,290,310,330,370,400,460,500,590,590,590,4001,0,250,266.98279284078836,74.4635590000371,2131.379423999988,4986.158710322419
1789904753,100,GET,GET /api/events,63.100000,0.000000,240,270,290,300,350,390,440,510,700,700,700,15833,0,230,248.11306439632364,14.60263500007386,2176.4711910000187,8636.607023305754
1789904753,100,GET,GET /api/events/{id},25.100000,0.000000,240,270,290,310,370,400,450,490,520,520,520,6338,0,230,253.61708121079482,22.819426000069143,2457.589189000032,428.18034080151466
1789904753,100,GET,GET /api/events?city,39.100000,0.000000,240,270,300,320,350,390,460,490,620,620,620,9463,0,220,246.994921596958,20.26550900006896,2086.489680999989,8666.358025995984
1789904753,100,POST,POST /api/auth/login,0.000000,0.000000,0,0,0,0,0,0,0,0,0,0,0,30,0,2700,2581.041040066664,1665.7984360000455,4027.322984999955,414.3
1789904753,100,POST,POST /api/auth/register,0.000000,0.000000,0,0,0,0,0,0,0,0,0,0,0,30,0,3100,2903.5319957666684,1031.5803199999891,3955.050796000023,131.76666666666668
1789904753,100,POST,POST /api/bookings [auth],13.300000,0.000000,310,350,370,390,440,500,540,550,560,560,560,3116,0,300,314.6432471578974,110.59802799991303,2122.1652660000245,265.6739409499358
1789904753,100,,Aggregated,159.600000,0.000000,240,280,310,330,370,410,470,510,620,700,700,39941,0,240,263.434135899478,14.60263500007386,4027.322984999955,6180.643073533462
1789904754,100,GET,/api/events [warmup],0.000000,0.000000,0,0,0,0,0,0,0,0,0,0,0,100,0,750,919.3783923100023,161.67094200000065,2319.9825649999184,43009.1
1789904754,100,DELETE,DELETE /api/bookings/{id} [auth],4.000000,0.000000,320,360,380,400,420,450,510,510,510,510,510,1036,0,320,333.4653678156384,142.95747799997116,1400.2631590000192,290.6457528957529
1789904754,100,GET,GET /api/bookings/me [auth],15.300000,0.000000,260,290,310,320,390,440,500,570,590,590,590,4016,0,250,267.15846190712,74.4635590000371,2131.379423999988,4988.290587649402
1789904754,100,GET,GET /api/events,62.900000,0.000000,240,270,290,300,350,400,440,510,700,700,700,15884,0,230,248.17903313126365,14.60263500007386,2176.4711910000187,8636.609040543943
1789904754,100,GET,GET /api/events/{id},25.000000,0.000000,240,270,290,310,370,400,460,490,530,530,530,6364,0,230,253.77323360323962,22.819426000069143,2457.589189000032,428.1807039597737
1789904754,100,GET,GET /api/events?city,40.100000,0.000000,240,270,300,320,360,400,460,490,620,620,620,9498,0,220,247.04898114382118,20.26550900006896,2086.489680999989,8666.311960412719
1789904754,100,POST,POST /api/auth/login,0.000000,0.000000,0,0,0,0,0,0,0,0,0,0,0,30,0,2700,2581.041040066664,1665.7984360000455,4027.322984999955,414.3
1789904754,100,POST,POST /api/auth/register,0.000000,0.000000,0,0,0,0,0,0,0,0,0,0,0,30,0,3100,2903.5319957666684,1031.5803199999891,3955.050796000023,131.76666666666668
1789904754,100,POST,POST /api/bookings [auth],13.300000,0.000000,310,340,370,380,440,530,620,620,640,640,640,3133,0,300,314.85761509192724,110.59802799991303,2122.1652660000245,265.6769869135014
1789904754,100,,Aggregated,160.600000,0.000000,250,280,310,330,370,420,480,530,640,700,700,40091,0,240,263.522044505676,14.60263500007386,4027.322984999955,6178.574068993041
1789904755,100,GET,/api/events [warmup],0.000000,0.000000,0,0,0,0,0,0,0,0,0,0,0,100,0,750,919.3783923100023,161.67094200000065,2319.9825649999184,43009.1
1789904755,100,DELETE,DELETE /api/bookings/{id} [auth],4.400000,0.000000,320,360,370,380,430,450,530,530,530,530,530,1041,0,320,333.6425001844392,142.95747799997116,1400.2631590000192,290.64649375600385
1789904755,100,GET,GET /api/bookings/me [auth],15.100000,0.000000,270,290,310,330,390,440,500,570,580,580,580,4030,0,250,267.48844599131365,74.4635590000371,2131.379423999988,4990.269975186105
1789904755,100,GET,GET /api/events,63.000000,0.000000,240,270,290,310,370,410,470,580,700,700,700,15943,0,230,248.39328410073327,14.60263500007386,2176.4711910000187,8636.60848021075
1789904755,100,GET,GET /api/events/{id},25.400000,0.000000,240,270,290,310,360,420,460,490,530,530,530,6385,0,230,253.81821736836596,22.819426000069143,2457.589189000032,428.1818324197337
1789904755,100,GET,GET /api/events?city,40.200000,0.000000,240,270,290,320,350,400,450,480,520,520,520,9537,0,220,247.23334604917827,20.26550900006896,2086.489680999989,8666.310579846911
1789904755,100,POST,POST /api/auth/login,0.000000,0.000000,0,0,0,0,0,0,0,0,0,0,0,30,0,2700,2581.041040066664,1665.7984360000455,4027.322984999955,414.3
1789904755,100,POST,POST /api/auth/register,0.000000,0.000000,0,0,0,0,0,0,0,0,0,0,0,30,0,3100,2903.5319957666684,1031.5803199999891,3955.050796000023,131.76666666666668
1789904755,100,POST,POST /api/bookings [auth],13.900000,0.000000,310,330,350,380,470,550,620,640,720,720,720,3142,0,300,315.0662154748594,110.59802799991303,2122.1652660000245,265.67759388924253
1789904755,100,,Aggregated,162.000000,0.000000,250,280,310,330,380,430,490,560,700,720,720,40238,0,240,263.6895776865412,14.60263500007386,4027.322984999955,6179.317958149013
1789904756,100,GET,/api/events [warmup],0.000000,0.000000,0,0,0,0,0,0,0,0,0,0,0,100,0,750,919.3783923100023,161.67094200000065,2319.9825649999184,43009.1
1789904756,100,DELETE,DELETE /api/bookings/{id} [auth],4.400000,0.000000,310,350,370,380,430,450,550,550,550,550,550,1046,0,320,333.85533125334734,142.95747799997116,1400.2631590000192,290.651051625239
1789904756,100,GET,GET /api/bookings/me [auth],15.300000,0.000000,270,290,310,320,370,440,570,580,590,590,590,4044,0,250,267.651794263599,74.4635590000371,2131.379423999988,4992.158011869436
1789904756,100,GET,GET /api/events,63.300000,0.000000,230,270,290,300,350,410,460,580,700,700,700,16008,0,230,248.3821545021233,14.60263500007386,2176.4711910000187,8636.609257871065
1789904756,100,GET,GET /api/events/{id},25.700000,0.000000,240,270,290,310,360,420,460,490,530,530,530,6409,0,230,253.89946433952517,22.819426000069143,2457.589189000032,428.18380402558904
1789904756,100,GET,GET /api/events?city,39.500000,0.000000,240,270,290,310,350,400,450,470,500,500,500,9587,0,230,247.31298439386813,20.26550900006896,2086.489680999989,8666.348388442682
1789904756,100,POST,POST /api/auth/login,0.000000,0.000000,0,0,0,0,0,0,0,0,0,0,0,30,0,2700,2581.041040066664,1665.7984360000455,4027.322984999955,414.3
1789904756,100,POST,POST /api/auth/register,0.000000,0.000000,0,0,0,0,0,0,0,0,0,0,0,30,0,3100,2903.5319957666684,1031.5803199999891,3955.050796000023,131.76666666666668
1789904756,100,POST,POST /api/bookings [auth],13.700000,0.000000,310,330,360,380,470,600,640,720,770,770,770,3154,0,300,315.32134248319863,110.59802799991303,2122.1652660000245,265.6807228915663
1789904756,100,,Aggregated,161.900000,0.000000,250,280,300,320,370,420,480,570,720,770,770,40408,0,240,263.73311855565805,14.60263500007386,4027.322984999955,6180.234359532766
1789904757,100,GET,/api/events [warmup],0.000000,0.000000,0,0,0,0,0,0,0,0,0,0,0,100,0,750,919.3783923100023,161.67094200000065,2319.9825649999184,43009.1
1789904757,100,DELETE,DELETE /api/bookings/{id} [auth],4.700000,0.000000,310,340,360,370,420,430,550,550,550,550,550,1053,0,320,333.5453755546073,142.95747799997116,1400.2631590000192,290.653371320038
1789904757,100,GET,GET /api/bookings/me [auth],15.000000,0.000000,270,290,320,330,400,440,570,580,590,590,590,4061,0,250,267.5306697027812,74.4635590000371,2131.379423999988,4994.415907411967
1789904757,100,GET,GET /api/events,61.900000,0.000000,230,260,280,300,350,400,450,580,700,700,700,16076,0,230,248.25955250366937,14.60263500007386,2176.4711910000187,8636.599713859168
1789904757,100,GET,GET /api/events/{id},25.800000,0.000000,240,270,290,300,350,420,460,490,530,530,530,6444,0,230,253.73185629252262,22.819426000069143,2457.589189000032,428.1820297951583
1789904757,100,GET,GET /api/events?city,39.500000,0.000000,240,270,290,310,350,400,430,460,500,500,500,9618,0,220,247.1481281915172,20.26550900006896,2086.489680999989,8666.478581825744
1789904757,100,POST,POST /api/auth/login,0.000000,0.000000,0,0,0,0,0,0,0,0,0,0,0,30,0,2700,2581.041040066664,1665.7984360000455,4027.322984999955,414.3
1789904757,100,POST,POST /api/auth/register,0.000000,0.000000,0,0,0,0,0,0,0,0,0,0,0,30,0,3100,2903.5319957666684,1031.5803199999891,3955.050796000023,131.76666666666668
1789904757,100,POST,POST /api/bookings [auth],13.600000,0.000000,310,330,360,380,470,600,640,720,770,770,770,3167,0,300,315.18523424755574,110.59802799991303,2122.1652660000245,265.68140195768865
1789904757,100,,Aggregated,160.500000,0.000000,240,280,300,320,370,420,480,570,720,770,770,40579,0,240,263.57158486493114,14.60263500007386,4027.322984999955,6178.132999827497
1789904758,100,GET,/api/events [warmup],0.000000,0.000000,0,0,0,0,0,0,0,0,0,0,0,100,0,750,919.3783923100023,161.67094200000065,2319.9825649999184,43009.1
1789904758,100,DELETE,DELETE /api/bookings/{id} [auth],4.700000,0.000000,310,340,360,370,420,430,550,550,550,550,550,1058,0,320,333.3537176975439,142.95747799997116,1400.2631590000192,290.6540642722117
1789904758,100,GET,GET /api/bookings/me [auth],15.200000,0.000000,270,290,320,330,400,440,570,580,590,590,590,4078,0,250,267.3892232018131,74.4635590000371,2131.379423999988,4996.698136341343
1789904758,100,GET,GET /api/events,62.200000,0.000000,230,260,280,300,340,380,430,520,690,690,690,16151,0,230,248.12726819484797,14.60263500007386,2176.4711910000187,8636.603120549811
1789904758,100,GET,GET /api/events/{id},25.600000,0.000000,250,270,290,310,350,420,460,490,530,530,530,6467,0,230,253.60029217504493,22.819426000069143,2457.589189000032,428.1833926086284
1789904758,100,GET,GET /api/events?city,40.500000,0.000000,240,270,290,310,350,400,430,460,500,500,500,9644,0,220,247.07428769037867,20.26550900006896,2086.489680999989,8666.511717129823
1789904758,100,POST,POST /api/auth/login,0.000000,0.000000,0,0,0,0,0,0,0,0,0,0,0,30,0,2700,2581.041040066664,1665.7984360000455,4027.322984999955,414.3
1789904758,100,POST,POST /api/auth/register,0.000000,0.000000,0,0,0,0,0,0,0,0,0,0,0,30,0,3100,2903.5319957666684,1031.5803199999891,3955.050796000023,131.76666666666668
1789904758,100,POST,POST /api/bookings [auth],13.500000,0.000000,300,330,360,370,440,600,640,720,770,770,770,3176,0,300,315.00971600692975,110.59802799991303,2122.1652660000245,265.683879093199
1789904758,100,,Aggregated,161.700000,0.000000,240,280,300,320,360,410,470,550,720,770,770,40734,0,240,263.4253548014444,14.60263500007386,4027.322984999955,6178.71628123926
1789904759,100,GET,/api/events [warmup],0.000000,0.000000,0,0,0,0,0,0,0,0,0,0,0,100,0,750,919.3783923100023,161.67094200000065,2319.9825649999184,43009.1
1789904759,100,DELETE,DELETE /api/bookings/{id} [auth],4.700000,0.000000,310,360,370,390,430,460,550,550,550,550,550,1065,0,320,333.501607557748,142.95747799997116,1400.2631590000192,290.6600938967136
1789904759,100,GET,GET /api/bookings/me [auth],15.200000,0.000000,270,290,320,320,380,440,570,580,590,590,590,4086,0,250,267.42739925428134,74.4635590000371,2131.379423999988,4997.809104258444
1789904759,100,GET,GET /api/events,62.200000,0.000000,240,270,290,300,350,390,430,530,690,690,690,16217,0,230,248.1326392160688,14.60263500007386,2176.4711910000187,8636.599001048282
1789904759,100,GET,GET /api/events/{id},25.600000,0.000000,250,270,300,320,360,420,460,490,530,530,530,6488,0,230,253.61046742941056,22.819426000069143,2457.589189000032,428.1784833538841
1789904759,100,GET,GET /api/events?city,40.500000,0.000000,240,280,300,320,350,410,450,470,500,500,500,9670,0,220,247.10202328645414,20.26550900006896,2086.489680999989,8666.517580144779
1789904759,100,POST,POST /api/auth/login,0.000000,0.000000,0,0,0,0,0,0,0,0,0,0,0,30,0,2700,2581.041040066664,1665.7984360000455,4027.322984999955,414.3
1789904759,100,POST,POST /api/auth/register,0.000000,0.000000,0,0,0,0,0,0,0,0,0,0,0,30,0,3100,2903.5319957666684,1031.5803199999891,3955.050796000023,131.76666666666668
1789904759,100,POST,POST /api/bookings [auth],13.500000,0.000000,310,340,370,390,470,600,640,720,770,770,770,3186,0,300,315.05674858945673,110.59802799991303,2122.1652660000245,265.68392969240426
1789904759,100,,Aggregated,161.700000,0.000000,250,280,310,320,370,420,470,550,720,770,770,40872,0,240,263.43221972849494,14.60263500007386,4027.322984999955,6178.736910354277
1789904760,100,GET,/api/events [warmup],0.000000,0.000000,0,0,0,0,0,0,0,0,0,0,0,100,0,750,919.3783923100023,161.67094200000065,2319.9825649999184,43009.1
1789904760,100,DELETE,DELETE /api/bookings/{id} [auth],5.100000,0.000000,310,360,380,400,450,530,580,580,580,580,580,1068,0,320,333.79554928464574,142.95747799997116,1400.2631590000192,290.6629213483146
1789904760,100,GET,GET /api/bookings/me [auth],15.100000,0.000000,270,310,330,350,410,450,570,580,590,590,590,4103,0,250,267.68822553156065,74.4635590000371,2131.379423999988,5000.124055569096
1789904760,100,GET,GET /api/events,62.800000,0.000000,240,270,300,310,370,420,470,570,690,690,690,16283,0,230,248.40388525996377,14.60263500007386,2176.4711910000187,8636.589449118714
1789904760,100,GET,GET /api/events/{id},27.300000,0.000000,250,280,310,330,390,430,480,490,530,530,530,6509,0,230,253.92391193178923,22.819426000069143,2457.589189000032,428.1754493777846
1789904760,100,GET,GET /api/events?city,38.400000,0.000000,240,280,300,330,390,410,470,490,650,650,650,9707,0,230,247.35444400721258,20.26550900006896,2086.489680999989,8666.489337591429
1789904760,100,POST,POST /api/auth/login,0.000000,0.000000,0,0,0,0,0,0,0,0,0,0,0,30,0,2700,2581.041040066664,1665.7984360000455,4027.322984999955,414.3
1789904760,100,POST,POST /api/auth/register,0.000000,0.000000,0,0,0,0,0,0,0,0,0,0,0,30,0,3100,2903.5319957666684,1031.5803199999891,3955.050796000023,131.76666666666668
1789904760,100,POST,POST /api/bookings [auth],12.800000,0.000000,320,370,410,440,520,600,640,720,770,770,770,3203,0,300,315.7785598851104,110.59802799991303,2122.1652660000245,265.68529503590383
1789904760,100,,Aggregated,161.500000,0.000000,250,290,320,330,400,440,530,590,720,770,770,41033,0,240,263.7231737391869,14.60263500007386,4027.322984999955,6178.841688397144
1789904761,100,GET,/api/events [warmup],0.000000,0.000000,0,0,0,0,0,0,0,0,0,0,0,100,0,750,919.3783923100023,161.67094200000065,2319.9825649999184,43009.1
1789904761,100,DELETE,DELETE /api/bookings/{id} [auth],5.400000,0.000000,310,370,390,410,450,530,580,580,580,580,580,1071,0,320,333.9007065620932,142.95747799997116,1400.2631590000192,290.6647992530346
1789904761,100,GET,GET /api/bookings/me [auth],14.300000,0.000000,290,320,330,360,420,470,580,590,730,730,730,4118,0,250,267.86818279407316,74.4635590000371,2131.379423999988,5002.200339970859
1789904761,100,GET,GET /api/events,63.900000,0.000000,240,280,300,320,370,420,470,570,690,690,690,16349,0,230,248.40870518184528,14.60263500007386,2176.4711910000187,8636.591167655513
1789904761,100,GET,GET /api/events/{id},26.000000,0.000000,260,280,300,320,390,430,480,490,530,530,530,6527,0,230,253.9292679862136,22.819426000069143,2457.589189000032,428.1741994790869
1789904761,100,GET,GET /api/events?city,36.900000,0.000000,250,280,300,330,390,410,470,500,730,730,730,9753,0,230,247.4223055535745,20.26550900006896,2086.489680999989,8666.450117912436
1789904761,100,POST,POST /api/auth/login,0.000000,0.000000,0,0,0,0,0,0,0,0,0,0,0,30,0,2700,2581.041040066664,1665.7984360000455,4027.322984999955,414.3
1789904761,100,POST,POST /api/auth/register,0.000000,0.000000,0,0,0,0,0,0,0,0,0,0,0,30,0,3100,2903.5319957666684,1031.5803199999891,3955.050796000023,131.76666666666668
1789904761,100,POST,POST /api/bookings [auth],12.400000,0.000000,320,370,420,440,560,600,640,720,770,770,770,3216,0,300,315.85979182369664,110.59802799991303,2122.1652660000245,265.6856343283582
1789904761,100,,Aggregated,158.900000,0.000000,260,290,320,340,400,450,530,590,730,770,770,41194,0,240,263.7449374548006,14.60263500007386,4027.322984999955,6180.519250376268
1789904762,100,GET,/api/events [warmup],0.000000,0.000000,0,0,0,0,0,0,0,0,0,0,0,100,0,750,919.3783923100023,161.67094200000065,2319.9825649999184,43009.1
1789904762,100,DELETE,DELETE /api/bookings/{id} [auth],5.300000,0.000000,310,370,400,420,450,530,580,580,580,580,580,1077,0,320,333.68341461931414,142.95747799997116,1400.2631590000192,290.6648096564531
1789904762,100,GET,GET /api/bookings/me [auth],14.900000,0.000000,280,310,330,360,420,470,580,590,730,730,730,4135,0,250,267.7656383172898,74.4635590000371,2131.379423999988,5004.474244256348
1789904762,100,GET,GET /api/events,62.400000,0.000000,240,270,300,320,370,420,460,550,690,690,690,16411,0,230,248.32999069703186,14.60263500007386,2176.4711910000187,8636.595027725307
1789904762,100,GET,GET /api/events/{id},25.500000,0.000000,260,280,300,320,390,430,480,490,530,530,530,6556,0,230,253.8081720352375,22.819426000069143,2457.589189000032,428.16900549115314
1789904762,100,GET,GET /api/events?city,36.100000,0.000000,250,280,300,320,390,420,490,530,730,730,730,9795,0,230,247.46383618039914,20.26550900006896,2086.489680999989,8666.416130678917
1789904762,100,POST,POST /api/auth/login,0.000000,0.000000,0,0,0,0,0,0,0,0,0,0,0,30,0,2700,2581.041040066664,1665.7984360000455,4027.322984999955,414.3
1789904762,100,POST,POST /api/auth/register,0.000000,0.000000,0,0,0,0,0,0,0,0,0,0,0,30,0,3100,2903.5319957666684,1031.5803199999891,3955.050796000023,131.76666666666668
1789904762,100,POST,POST /api/bookings [auth],12.600000,0.000000,320,370,420,440,560,600,640,720,770,770,770,3228,0,300,315.6622822719976,110.59802799991303,2122.1652660000245,265.6855638166047
1789904762,100,,Aggregated,156.800000,0.000000,260,290,320,330,400,450,530,590,730,770,770,41362,0,240,263.6535698961864,14.60263500007386,4027.322984999955,6179.85723611044
1789904763,100,GET,/api/events [warmup],0.000000,0.000000,0,0,0,0,0,0,0,0,0,0,0,100,0,750,919.3783923100023,161.67094200000065,2319.9825649999184,43009.1
1789904763,100,DELETE,DELETE /api/bookings/{id} [auth],5.100000,0.000000,310,370,400,420,450,530,580,580,580,580,580,1079,0,320,333.6166781362384,142.95747799997116,1400.2631590000192,290.6654309545876
1789904763,100,GET,GET /api/bookings/me [auth],14.800000,0.000000,270,310,320,340,410,450,580,590,730,730,730,4149,0,250,267.68176874330993,74.4635590000371,2131.379423999988,5006.361050855628
1789904763,100,GET,GET /api/events,64.100000,0.000000,240,270,290,310,370,410,470,550,690,690,690,16464,0,230,248.2578057072393,14.60263500007386,2176.4711910000187,8636.59906462585
1789904763,100,GET,GET /api/events/{id},24.400000,0.000000,250,280,300,310,380,420,460,480,490,490,490,6578,0,230,253.72707737443258,22.819426000069143,2457.589189000032,428.16752812404985
1789904763,100,GET,GET /api/events?city,36.700000,0.000000,250,280,300,310,390,430,500,550,730,730,730,9836,0,230,247.42100555896795,20.26550900006896,2086.489680999989,8666.473871492477
1789904763,100,POST,POST /api/auth/login,0.000000,0.000000,0,0,0,0,0,0,0,0,0,0,0,30,0,2700,2581.041040066664,1665.7984360000455,4027.322984999955,414.3
1789904763,100,POST,POST /api/auth/register,0.000000,0.000000,0,0,0,0,0,0,0,0,0,0,0,30,0,3100,2903.5319957666684,1031.5803199999891,3955.050796000023,131.76666666666668
1789904763,100,POST,POST /api/bookings [auth],12.500000,0.000000,310,340,390,420,510,590,600,720,770,770,770,3242,0,300,315.44659681338925,110.59802799991303,2122.1652660000245,265.6875385564466
1789904763,100,,Aggregated,157.600000,0.000000,250,280,310,330,390,440,530,590,730,770,770,41508,0,240,263.55649971598416,14.60263500007386,4027.322984999955,6179.93063987665
1789904764,100,GET,/api/events [warmup],0.000000,0.000000,0,0,0,0,0,0,0,0,0,0,0,100,0,750,919.3783923100023,161.67094200000065,2319.9825649999184,43009.1
1789904764,100,DELETE,DELETE /api/bookings/{id} [auth],4.900000,0.000000,310,370,400,430,460,550,580,580,580,580,580,1083,0,320,333.9510978845808,142.95747799997116,1400.2631590000192,290.6666666666667
1789904764,100,GET,GET /api/bookings/me [auth],14.500000,0.000000,270,310,340,370,410,440,540,590,730,730,730,4170,0,250,268.0201433863293,74.4635590000371,2131.379423999988,5009.143645083933
1789904764,100,GET,GET /api/events,62.700000,0.000000,240,270,300,310,370,420,490,530,680,680,680,16520,0,230,248.46457978807433,14.60263500007386,2176.4711910000187,8636.595762711864
1789904764,100,GET,GET /api/events/{id},24.900000,0.000000,250,280,310,340,400,460,490,510,590,590,590,6607,0,230,254.084840516122,22.819426000069143,2457.589189000032,428.1651278946572
1789904764,100,GET,GET /api/events?city,36.700000,0.000000,250,280,300,320,380,410,470,550,730,730,730,9884,0,230,247.6173739276617,20.26550900006896,2086.489680999989,8666.390024281667
1789904764,100,POST,POST /api/auth/login,0.000000,0.000000,0,0,0,0,0,0,0,0,0,0,0,30,0,2700,2581.041040066664,1665.7984360000455,4027.322984999955,414.3
1789904764,100,POST,POST /api/auth/register,0.000000,0.000000,0,0,0,0,0,0,0,0,0,0,0,30,0,3100,2903.5319957666684,1031.5803199999891,3955.050796000023,131.76666666666668
1789904764,100,POST,POST /api/bookings [auth],12.600000,0.000000,310,380,420,440,520,590,600,610,770,770,770,3252,0,300,315.86782850123257,110.59802799991303,2122.1652660000245,265.68849938499386
1789904764,100,,Aggregated,156.300000,0.000000,250,290,320,340,400,450,530,590,730,770,770,41676,0,240,263.7924409447179,14.60263500007386,4027.322984999955,6179.774450523083
1789904765,100,GET,/api/events [warmup],0.000000,0.000000,0,0,0,0,0,0,0,0,0,0,0,100,0,750,919.3783923100023,161.67094200000065,2319.9825649999184,43009.1
1789904765,100,DELETE,DELETE /api/bookings/{id} [auth],4.900000,0.000000,310,340,390,410,460,560,580,580,580,580,580,1085,0,320,333.87687527004704,142.95747799997116,1400.2631590000192,290.6672811059908
1789904765,100,GET,GET /api/bookings/me [auth],14.800000,0.000000,250,300,330,360,390,420,500,540,730,730,730,4189,0,250,267.84605954117774,74.4635590000371,2131.379423999988,5011.76080210074
1789904765,100,GET,GET /api/events,63.200000,0.000000,230,270,290,310,360,400,470,510,640,640,640,16594,0,230,248.33370083409605,14.60263500007386,2176.4711910000187,8636.590635169337
1789904765,100,GET,GET /api/events/{id},24.300000,0.000000,250,280,300,330,400,460,490,510,590,590,590,6633,0,230,253.89904059942972,22.819426000069143,2457.589189000032,428.1665912859943
1789904765,100,GET,GET /api/events?city,37.500000,0.000000,240,280,300,310,370,410,490,550,730,730,730,9920,0,230,247.53875343598858,20.26550900006896,2086.489680999989,8666.443245967743
1789904765,100,POST,POST /api/auth/login,0.000000,0.000000,0,0,0,0,0,0,0,0,0,0,0,30,0,2700,2581.041040066664,1665.7984360000455,4027.322984999955,414.3
1789904765,100,POST,POST /api/auth/register,0.000000,0.000000,0,0,0,0,0,0,0,0,0,0,0,30,0,3100,2903.5319957666684,1031.5803199999891,3955.050796000023,131.76666666666668
1789904765,100,POST,POST /api/bookings [auth],12.600000,0.000000,300,340,380,420,510,590,590,600,610,610,610,3266,0,300,315.59093264268466,110.59802799991303,2122.1652660000245,265.69105939987753
1789904765,100,,Aggregated,157.300000,0.000000,250,280,300,330,380,440,510,560,730,730,730,41847,0,240,263.6271362684318,14.60263500007386,4027.322984999955,6180.166081200564
1789904766,100,GET,/api/events [warmup],0.000000,0.000000,0,0,0,0,0,0,0,0,0,0,0,100,0,750,919.3783923100023,161.67094200000065,2319.9825649999184,43009.1
1789904766,100,DELETE,DELETE /api/bookings/{id} [auth],4.900000,0.000000,310,370,390,430,460,560,580,580,580,580,580,1088,0,320,333.8715524761039,142.95747799997116,1400.2631590000192,290.66911764705884
1789904766,100,GET,GET /api/bookings/me [auth],15.300000,0.000000,240,290,320,350,390,420,500,540,730,730,730,4205,0,250,267.711199310581,74.4635590000371,2131.379423999988,5013.796670630202
1789904766,100,GET,GET /api/events,62.900000,0.000000,230,270,290,310,360,410,470,510,640,640,640,16668,0,230,248.1709246990635,14.60263500007386,2176.4711910000187,8636.584113270937
1789904766,100,GET,GET /api/events/{id},24.100000,0.000000,240,270,300,330,400,460,490,510,590,590,590,6666,0,230,253.6573244048931,22.819426000069143,2457.589189000032,428.16696669666965
1789904766,100,GET,GET /api/events?city,38.200000,0.000000,240,280,300,310,370,410,490,550,730,730,730,9952,0,230,247.35923313484804,20.26550900006896,2086.489680999989,8666.498492765273
1789904766,100,POST,POST /api/auth/login,0.000000,0.000000,0,0,0,0,0,0,0,0,0,0,0,30,0,2700,2581.041040066664,1665.7984360000455,4027.322984999955,414.3
1789904766,100,POST,POST /api/auth/register,0.000000,0.000000,0,0,0,0,0,0,0,0,0,0,0,30,0,3100,2903.5319957666684,1031.5803199999891,3955.050796000023,131.76666666666668
1789904766,100,POST,POST /api/bookings [auth],12.100000,0.000000,300,340,380,420,510,590,590,600,610,610,610,3285,0,300,315.34888821400546,110.59802799991303,2122.1652660000245,265.69284627092844
1789904766,100,,Aggregated,157.500000,0.000000,240,280,300,330,380,440,510,560,730,730,730,42024,0,240,263.4324613508724,14.60263500007386,4027.322984999955,6178.543070626309
1789904767,100,GET,/api/events [warmup],0.000000,0.000000,0,0,0,0,0,0,0,0,0,0,0,100,0,750,919.3783923100023,161.67094200000065,2319.9825649999184,43009.1
1789904767,100,DELETE,DELETE /api/bookings/{id} [auth],4.400000,0.000000,330,390,410,430,460,560,580,580,580,580,580,1091,0,320,333.9688742263987,142.95747799997116,1400.2631590000192,290.6691109074244
1789904767,100,GET,GET /api/bookings/me [auth],15.600000,0.000000,240,290,320,350,390,420,500,540,730,730,730,4223,0,250,267.45613759270503,74.4635590000371,2131.379423999988,5016.103717736207
1789904767,100,GET,GET /api/events,63.900000,0.000000,240,270,290,310,360,410,470,510,640,640,640,16734,0,230,248.0668872913226,14.60263500007386,2176.4711910000187,8636.583064419745
1789904767,100,GET,GET /api/events/{id},24.400000,0.000000,230,280,300,330,400,460,490,510,590,590,590,6692,0,230,253.4666836513774,22.819426000069143,2457.589189000032,428.1630304841602
1789904767,100,GET,GET /api/events?city,38.400000,0.000000,240,280,300,310,370,410,470,550,730,730,730,9992,0,230,247.24386103522895,20.26550900006896,2086.489680999989,8666.454863891113
1789904767,100,POST,POST /api/auth/login,0.000000,0.000000,0,0,0,0,0,0,0,0,0,0,0,30,0,2700,2581.041040066664,1665.7984360000455,4027.322984999955,414.3
1789904767,100,POST,POST /api/auth/register,0.000000,0.000000,0,0,0,0,0,0,0,0,0,0,0,30,0,3100,2903.5319957666684,1031.5803199999891,3955.050796000023,131.76666666666668
1789904767,100,POST,POST /api/bookings [auth],12.500000,0.000000,290,330,380,410,500,560,590,600,610,610,610,3298,0,300,315.102905036388,110.59802799991303,2122.1652660000245,265.694057004245
1789904767,100,,Aggregated,159.200000,0.000000,240,280,300,330,390,440,510,560,730,730,730,42190,0,240,263.2690855734311,14.60263500007386,4027.322984999955,6178.6855178952355
1789904768,100,GET,/api/events [warmup],0.000000,0.000000,0,0,0,0,0,0,0,0,0,0,0,100,0,750,919.3783923100023,161.67094200000065,2319.9825649999184,43009.1
1789904768,100,DELETE,DELETE /api/bookings/{id} [auth],4.100000,0.000000,330,390,430,430,490,560,580,580,580,580,580,1091,0,320,333.9688742263987,142.95747799997116,1400.2631590000192,290.6691109074244
1789904768,100,GET,GET /api/bookings/me [auth],15.800000,0.000000,240,300,340,370,420,460,500,540,730,730,730,4243,0,250,267.69118663162675,74.4635590000371,2131.379423999988,5018.74569879802
1789904768,100,GET,GET /api/events,65.400000,0.000000,240,270,300,330,390,460,510,560,640,640,640,16795,0,230,248.32503037921947,14.60263500007386,2176.4711910000187,8636.58886573385
1789904768,100,GET,GET /api/events/{id},25.800000,0.000000,230,280,310,350,430,480,510,560,660,660,660,6721,0,230,253.6992108083645,22.819426000069143,2457.589189000032,428.16664186876955
1789904768,100,GET,GET /api/events?city,36.800000,0.000000,230,270,300,320,380,430,490,550,730,730,730,10022,0,230,247.3154514397334,20.26550900006896,2086.489680999989,8666.455298343644
1789904768,100,POST,POST /api/auth/login,0.000000,0.000000,0,0,0,0,0,0,0,0,0,0,0,30,0,2700,2581.041040066664,1665.7984360000455,4027.322984999955,414.3
1789904768,100,POST,POST /api/auth/register,0.000000,0.000000,0,0,0,0,0,0,0,0,0,0,0,30,0,3100,2903.5319957666684,1031.5803199999891,3955.050796000023,131.76666666666668
1789904768,100,POST,POST /api/bookings [auth],12.800000,0.000000,290,330,380,420,510,590,600,600,610,610,610,3306,0,300,315.1883753399902,110.59802799991303,2122.1652660000245,265.6954022988506
1789904768,100,,Aggregated,160.700000,0.000000,240,280,320,340,410,470,530,590,730,730,730,42338,0,240,263.4273768536552,14.60263500007386,4027.322984999955,6178.652085596863
1789904769,100,GET,/api/events [warmup],0.000000,0.000000,0,0,0,0,0,0,0,0,0,0,0,100,0,750,919.3783923100023,161.67094200000065,2319.9825649999184,43009.1
1789904769,100,DELETE,DELETE /api/bookings/{id} [auth],4.000000,0.000000,330,370,400,430,490,560,640,640,640,640,640,1098,0,320,333.9729501748642,142.95747799997116,1400.2631590000192,290.6703096539162
1789904769,100,GET,GET /api/bookings/me [auth],16.000000,0.000000,240,280,320,350,400,450,500,540,730,730,730,4260,0,250,267.55806460797953,74.4635590000371,2131.379423999988,5020.849061032864
1789904769,100,GET,GET /api/events,65.300000,0.000000,230,260,280,300,360,440,500,560,630,630,630,16858,0,230,248.1816283654639,14.60263500007386,2176.4711910000187,8636.59651204176
1789904769,100,GET,GET /api/events/{id},25.200000,0.000000,220,270,300,320,400,460,510,560,660,660,660,6748,0,230,253.61414955320353,22.819426000069143,2457.589189000032,428.1658269116775
1789904769,100,GET,GET /api/events?city,36.900000,0.000000,230,270,290,300,360,410,490,530,730,730,730,10064,0,230,247.18574319187283,20.26550900006896,2086.489680999989,8666.557333068362
1789904769,100,POST,POST /api/auth/login,0.000000,0.000000,0,0,0,0,0,0,0,0,0,0,0,30,0,2700,2581.041040066664,1665.7984360000455,4027.322984999955,414.3
1789904769,100,POST,POST /api/auth/register,0.000000,0.000000,0,0,0,0,0,0,0,0,0,0,0,30,0,3100,2903.5319957666684,1031.5803199999891,3955.050796000023,131.76666666666668
1789904769,100,POST,POST /api/bookings [auth],12.800000,0.000000,280,310,340,360,440,540,590,600,610,610,610,3321,0,300,315.11995952875884,110.59802799991303,2122.1652660000245,265.6973803071364
1789904769,100,,Aggregated,160.200000,0.000000,230,270,300,320,380,450,510,570,730,730,730,42509,0,240,263.2948213807911,14.60263500007386,4027.322984999955,6177.818485497189
1789904770,100,GET,/api/events [warmup],0.000000,0.000000,0,0,0,0,0,0,0,0,0,0,0,100,0,750,919.3783923100023,161.67094200000065,2319.9825649999184,43009.1
1789904770,100,DELETE,DELETE /api/bookings/{id} [auth],3.300000,0.000000,320,330,400,410,450,560,640,640,640,640,640,1103,0,320,333.85535717135156,142.95747799997116,1400.2631590000192,290.67543064369903
1789904770,100,GET,GET /api/bookings/me [auth],15.900000,0.000000,230,260,300,340,390,440,480,520,540,540,540,4274,0,250,267.3389521602698,74.4635590000371,2131.379423999988,5022.577678989237
1789904770,100,GET,GET /api/events,63.800000,0.000000,220,250,270,290,350,440,500,560,630,630,630,16931,0,230,248.0426191170628,14.60263500007386,2176.4711910000187,8636.597661095033
1789904770,100,GET,GET /api/events/{id},24.700000,0.000000,210,250,290,320,400,460,510,560,660,660,660,6770,0,230,253.45958644017983,22.819426000069143,2457.589189000032,428.1669128508124
1789904770,100,GET,GET /api/events?city,37.500000,0.000000,220,270,290,300,360,410,480,510,570,570,570,10100,0,230,247.18530419356512,20.26550900006896,2086.489680999989,8666.59811881188
1789904770,100,POST,POST /api/auth/login,0.000000,0.000000,0,0,0,0,0,0,0,0,0,0,0,30,0,2700,2581.041040066664,1665.7984360000455,4027.322984999955,414.3
1789904770,100,POST,POST /api/auth/register,0.000000,0.000000,0,0,0,0,0,0,0,0,0,0,0,30,0,3100,2903.5319957666684,1031.5803199999891,3955.050796000023,131.76666666666668
1789904770,100,POST,POST /api/bookings [auth],12.900000,0.000000,270,300,330,340,430,470,590,600,610,610,610,3337,0,300,314.9440036281113,110.59802799991303,2122.1652660000245,265.69823194486065
1789904770,100,,Aggregated,158.100000,0.000000,230,270,290,320,380,450,510,560,640,660,660,42675,0,240,263.16098108335217,14.60263500007386,4027.322984999955,6178.057527826596
1789904771,100,GET,/api/events [warmup],0.000000,0.000000,0,0,0,0,0,0,0,0,0,0,0,100,0,750,919.3783923100023,161.67094200000065,2319.9825649999184,43009.1
1789904771,100,DELETE,DELETE /api/bookings/{id} [auth],3.200000,0.000000,320,330,400,410,450,560,640,640,640,640,640,1105,0,320,333.8709667384621,142.95747799997116,1400.2631590000192,290.6751131221719
1789904771,100,GET,GET /api/bookings/me [auth],16.900000,0.000000,230,270,310,340,400,440,480,520,540,540,540,4292,0,250,267.3982103646303,74.4635590000371,2131.379423999988,5024.789375582479
1789904771,100,GET,GET /api/events,63.300000,0.000000,220,250,270,290,360,440,500,560,630,630,630,16996,0,230,247.98219903489021,14.60263500007386,2176.4711910000187,8636.594080960225
1789904771,100,GET,GET /api/events/{id},25.100000,0.000000,220,260,300,320,400,460,510,560,660,660,660,6794,0,230,253.43945966102694,22.819426000069143,2457.589189000032,428.1652929055049
1789904771,100,GET,GET /api/events?city,39.000000,0.000000,220,260,290,300,360,400,490,500,550,550,550,10138,0,230,247.1454892499514,20.26550900006896,2086.489680999989,8666.665121325705
1789904771,100,POST,POST /api/auth/login,0.000000,0.000000,0,0,0,0,0,0,0,0,0,0,0,30,0,2700,2581.041040066664,1665.7984360000455,4027.322984999955,414.3
1789904771,100,POST,POST /api/auth/register,0.000000,0.000000,0,0,0,0,0,0,0,0,0,0,0,30,0,3100,2903.5319957666684,1031.5803199999891,3955.050796000023,131.76666666666668
1789904771,100,POST,POST /api/bookings [auth],13.400000,0.000000,280,310,330,340,420,470,590,600,610,610,610,3348,0,300,314.8627046977322,110.59802799991303,2122.1652660000245,265.700119474313
1789904771,100,,Aggregated,160.900000,0.000000,230,270,290,320,380,450,510,550,640,660,660,42833,0,240,263.10018015350437,14.60263500007386,4027.322984999955,6178.731515420353
1789904772,100,GET,/api/events [warmup],0.000000,0.000000,0,0,0,0,0,0,0,0,0,0,0,100,0,750,919.3783923100023,161.67094200000065,2319.9825649999184,43009.1
1789904772,100,DELETE,DELETE /api/bookings/{id} [auth],3.400000,0.000000,330,380,410,410,490,560,640,640,640,640,640,1107,0,320,333.9110399638668,142.95747799997116,1400.2631590000192,290.67570009033426
1789904772,100,GET,GET /api/bookings/me [auth],17.000000,0.000000,230,300,330,370,410,440,480,520,540,540,540,4310,0,250,267.5502137016225,74.4635590000371,2131.379423999988,5026.986542923434
1789904772,100,GET,GET /api/events,64.600000,0.000000,220,250,270,300,350,440,500,530,630,630,630,17068,0,230,247.98571329130502,14.60263500007386,2176.4711910000187,8636.589055542536
1789904772,100,GET,GET /api/events/{id},26.100000,0.000000,220,270,320,340,410,460,510,560,660,660,660,6816,0,230,253.55858685680994,22.819426000069143,2457.589189000032,428.1654929577465
1789904772,100,GET,GET /api/events?city,39.500000,0.000000,220,260,290,310,360,400,480,490,540,540,540,10173,0,230,247.17910635260074,20.26550900006896,2086.489680999989,8666.683967364592
1789904772,100,POST,POST /api/auth/login,0.000000,0.000000,0,0,0,0,0,0,0,0,0,0,0,30,0,2700,2581.041040066664,1665.7984360000455,4027.322984999955,414.3
1789904772,100,POST,POST /api/auth/register,0.000000,0.000000,0,0,0,0,0,0,0,0,0,0,0,30,0,3100,2903.5319957666684,1031.5803199999891,3955.050796000023,131.76666666666668
1789904772,100,POST,POST /api/bookings [auth],13.300000,0.000000,280,310,340,370,440,530,590,600,610,610,610,3362,0,300,314.8552365154692,110.59802799991303,2122.1652660000245,265.7007733491969
1789904772,100,,Aggregated,163.900000,0.000000,230,270,300,320,380,440,510,550,640,660,660,42996,0,240,263.12279768262306,14.60263500007386,4027.322984999955,6179.470694948367
1789904773,100,GET,/api/events [warmup],0.000000,0.000000,0,0,0,0,0,0,0,0,0,0,0,100,0,750,919.3783923100023,161.67094200000065,2319.9825649999184,43009.1
1789904773,100,DELETE,DELETE /api/bookings/{id} [auth],3.400000,0.000000,330,330,380,400,430,450,640,640,640,640,640,1110,0,320,333.7755471351357,142.95747799997116,1400.2631590000192,290.6747747747748
1789904773,100,GET,GET /api/bookings/me [auth],17.200000,0.000000,230,280,310,330,380,440,460,500,520,520,520,4333,0,250,267.6584540987753,74.4635590000371,2131.379423999988,5029.693745672744
1789904773,100,GET,GET /api/events,64.000000,0.000000,220,250,270,290,340,420,490,520,630,630,630,17135,0,230,248.04247400898737,14.60263500007386,2176.4711910000187,8636.58908666472
1789904773,100,GET,GET /api/events/{id},26.300000,0.000000,220,260,290,320,380,430,480,560,660,660,660,6841,0,230,253.70151362286447,22.819426000069143,2457.589189000032,428.1670808361351
1789904773,100,GET,GET /api/events?city,38.400000,0.000000,220,250,280,300,360,410,490,500,570,570,570,10210,0,230,247.3006756221358,20.26550900006896,2086.489680999989,8666.669049951028
1789904773,100,POST,POST /api/auth/login,0.000000,0.000000,0,0,0,0,0,0,0,0,0,0,0,30,0,2700,2581.041040066664,1665.7984360000455,4027.322984999955,414.3
1789904773,100,POST,POST /api/auth/register,0.000000,0.000000,0,0,0,0,0,0,0,0,0,0,0,30,0,3100,2903.5319957666684,1031.5803199999891,3955.050796000023,131.76666666666668
1789904773,100,POST,POST /api/bookings [auth],13.200000,0.000000,280,310,330,360,420,460,550,560,600,600,600,3374,0,300,315.0964281870206,110.59802799991303,2122.1652660000245,265.7006520450504
1789904773,100,,Aggregated,162.500000,0.000000,230,260,290,310,370,430,490,530,640,660,660,43163,0,240,263.2019336672394,14.60263500007386,4027.322984999955,6179.686629752334
1789904774,100,GET,/api/events [warmup],0.000000,0.000000,0,0,0,0,0,0,0,0,0,0,0,100,0,750,919.3783923100023,161.67094200000065,2319.9825649999184,43009.1
1789904774,100,DELETE,DELETE /api/bookings/{id} [auth],3.200000,0.000000,320,330,380,400,430,460,640,640,640,640,640,1115,0,320,333.5957599103146,142.95747799997116,1400.2631590000192,290.67713004484307
1789904774,100,GET,GET /api/bookings/me [auth],17.500000,0.000000,240,300,330,340,380,440,460,500,520,520,520,4351,0,250,267.6501446285896,74.4635590000371,2131.379423999988,5031.813606067571
1789904774,100,GET,GET /api/events,65.900000,0.000000,230,260,270,290,350,440,490,530,630,630,630,17196,0,230,248.07921087659926,14.60263500007386,2176.4711910000187,8636.59211444522
1789904774,100,GET,GET /api/events/{id},25.500000,0.000000,220,270,300,320,380,430,480,560,660,660,660,6868,0,230,253.6535046269678,22.819426000069143,2457.589189000032,428.1630751310425
1789904774,100,GET,GET /api/events?city,37.500000,0.000000,220,260,280,300,360,410,490,500,570,570,570,10243,0,230,247.28392645514083,20.26550900006896,2086.489680999989,8666.602948354974
1789904774,100,POST,POST /api/auth/login,0.000000,0.000000,0,0,0,0,0,0,0,0,0,0,0,30,0,2700,2581.041040066664,1665.7984360000455,4027.322984999955,414.3
1789904774,100,POST,POST /api/auth/register,0.000000,0.000000,0,0,0,0,0,0,0,0,0,0,0,30,0,3100,2903.5319957666684,1031.5803199999891,3955.050796000023,131.76666666666668
1789904774,100,POST,POST /api/bookings [auth],13.400000,0.000000,290,320,360,380,440,480,560,600,610,610,610,3388,0,300,315.24984520425255,110.59802799991303,2122.1652660000245,265.7012987012987
1789904774,100,,Aggregated,163.000000,0.000000,230,270,300,320,380,440,490,550,640,660,660,43321,0,240,263.19886881948844,14.60263500007386,4027.322984999955,6178.585212714388
1789904775,100,GET,/api/events [warmup],0.000000,0.000000,0,0,0,0,0,0,0,0,0,0,0,100,0,750,919.3783923100023,161.67094200000065,2319.9825649999184,43009.1
1789904775,100,DELETE,DELETE /api/bookings/{id} [auth],3.100000,0.000000,290,330,370,380,410,460,640,640,640,640,640,1118,0,320,333.47074227012587,142.95747799997116,1400.2631590000192,290.67799642218245
1789904775,100,GET,GET /api/bookings/me [auth],18.200000,0.000000,240,290,330,340,380,440,460,480,520,520,520,4371,0,250,267.4616744804378,74.4635590000371,2131.379423999988,5034.204987417067
1789904775,100,GET,GET /api/events,65.400000,0.000000,230,260,270,290,350,440,490,530,630,630,630,17269,0,230,247.93981497116238,14.60263500007386,2176.4711910000187,8636.591696102843
1789904775,100,GET,GET /api/events/{id},26.000000,0.000000,230,280,300,320,380,410,480,560,660,660,660,6897,0,230,253.53312657242495,22.819426000069143,2457.589189000032,428.1603595766275
1789904775,100,GET,GET /api/events?city,36.700000,0.000000,220,260,280,310,360,410,490,500,570,570,570,10285,0,230,247.10280171716184,20.26550900006896,2086.489680999989,8666.60068060282
1789904775,100,POST,POST /api/auth/login,0.000000,0.000000,0,0,0,0,0,0,0,0,0,0,0,30,0,2700,2581.041040066664,1665.7984360000455,4027.322984999955,414.3
1789904775,100,POST,POST /api/auth/register,0.000000,0.000000,0,0,0,0,0,0,0,0,0,0,0,30,0,3100,2903.5319957666684,1031.5803199999891,3955.050796000023,131.76666666666668
1789904775,100,POST,POST /api/bookings [auth],12.800000,0.000000,280,320,360,380,450,530,560,600,610,610,610,3397,0,300,315.1015973090987,110.59802799991303,2122.1652660000245,265.70179570209007
1789904775,100,,Aggregated,162.200000,0.000000,230,270,300,320,370,440,490,550,640,660,660,43497,0,240,263.0184467835724,14.60263500007386,4027.322984999955,6179.361358254592
1789904776,100,GET,/api/events [warmup],0.000000,0.000000,0,0,0,0,0,0,0,0,0,0,0,100,0,750,919.3783923100023,161.67094200000065,2319.9825649999184,43009.1
1789904776,100,DELETE,DELETE /api/bookings/{id} [auth],3.300000,0.000000,320,330,370,380,450,460,640,640,640,640,640,1123,0,320,333.51106957346474,142.95747799997116,1400.2631590000192,290.6785396260018
1789904776,100,GET,GET /api/bookings/me [auth],17.700000,0.000000,250,300,330,340,380,440,460,480,520,520,520,4388,0,250,267.5250995619859,74.4635590000371,2131.379423999988,5036.148814949864
1789904776,100,GET,GET /api/events,67.300000,0.000000,230,270,280,300,360,440,490,530,630,630,630,17331,0,230,248.02359695776374,14.60263500007386,2176.4711910000187,8636.588483065028
1789904776,100,GET,GET /api/events/{id},26.000000,0.000000,250,290,320,330,390,440,550,580,660,660,660,6921,0,230,253.78137639344249,22.819426000069143,2457.589189000032,428.15951452102297
1789904776,100,GET,GET /api/events?city,35.400000,0.000000,230,260,290,310,370,410,490,510,570,570,570,10317,0,230,247.14202750828824,20.26550900006896,2086.489680999989,8666.475719685955
1789904776,100,POST,POST /api/auth/login,0.000000,0.000000,0,0,0,0,0,0,0,0,0,0,0,30,0,2700,2581.041040066664,1665.7984360000455,4027.322984999955,414.3
1789904776,100,POST,POST /api/auth/register,0.000000,0.000000,0,0,0,0,0,0,0,0,0,0,0,30,0,3100,2903.5319957666684,1031.5803199999891,3955.050796000023,131.76666666666668
1789904776,100,POST,POST /api/bookings [auth],13.300000,0.000000,300,330,380,390,460,530,560,600,610,610,610,3408,0,300,315.1705346085703,110.59802799991303,2122.1652660000245,265.70217136150234
1789904776,100,,Aggregated,163.000000,0.000000,240,280,310,320,380,440,500,560,640,660,660,43648,0,240,263.09776949592293,14.60263500007386,4027.322984999955,6179.066509347507
1789904777,100,GET,/api/events [warmup],0.000000,0.000000,0,0,0,0,0,0,0,0,0,0,0,100,0,750,919.3783923100023,161.67094200000065,2319.9825649999184,43009.1
1789904777,100,DELETE,DELETE /api/bookings/{id} [auth],3.400000,0.000000,320,340,370,380,460,480,640,640,640,640,640,1127,0,320,333.6203305607816,142.95747799997116,1400.2631590000192,290.6796805678793
1789904777,100,GET,GET /api/bookings/me [auth],18.300000,0.000000,260,310,330,350,380,420,450,460,460,460,460,4404,0,250,267.64619020254173,74.4635590000371,2131.379423999988,5038.047456857403
1789904777,100,GET,GET /api/events,67.400000,0.000000,240,270,290,300,340,390,490,530,630,630,630,17395,0,230,248.10772239229695,14.60263500007386,2176.4711910000187,8636.589882150043
1789904777,100,GET,GET /api/events/{id},26.200000,0.000000,260,300,320,330,380,430,530,580,660,660,660,6944,0,230,253.93043583266342,22.819426000069143,2457.589189000032,428.1604262672811
1789904777,100,GET,GET /api/events?city,36.000000,0.000000,230,270,290,310,360,400,480,510,570,570,570,10350,0,230,247.17801478338254,20.26550900006896,2086.489680999989,8666.422512077295
1789904777,100,POST,POST /api/auth/login,0.000000,0.000000,0,0,0,0,0,0,0,0,0,0,0,30,0,2700,2581.041040066664,1665.7984360000455,4027.322984999955,414.3
1789904777,100,POST,POST /api/auth/register,0.000000,0.000000,0,0,0,0,0,0,0,0,0,0,0,30,0,3100,2903.5319957666684,1031.5803199999891,3955.050796000023,131.76666666666668
1789904777,100,POST,POST /api/bookings [auth],13.000000,0.000000,300,340,380,390,460,530,550,560,610,610,610,3422,0,300,315.1870042139122,110.59802799991303,2122.1652660000245,265.7039742840444
1789904777,100,,Aggregated,164.300000,0.000000,250,280,310,320,370,430,490,550,640,660,660,43802,0,240,263.1653377326158,14.60263500007386,4027.322984999955,6178.84544084745
1789904778,100,GET,/api/events [warmup],0.000000,0.000000,0,0,0,0,0,0,0,0,0,0,0,100,0,750,919.3783923100023,161.67094200000065,2319.9825649999184,43009.1
1789904778,100,DELETE,DELETE /api/bookings/{id} [auth],3.500000,0.000000,320,340,360,380,450,460,480,480,480,480,480,1130,0,320,333.6148625150451,142.95747799997116,1400.2631590000192,290.6796460176991
1789904778,100,GET,GET /api/bookings/me [auth],18.600000,0.000000,260,300,320,330,370,410,430,450,460,460,460,4421,0,250,267.5717422404419,74.4635590000371,2131.379423999988,5040.012666817463
1789904778,100,GET,GET /api/events,66.700000,0.000000,240,260,280,290,330,370,440,480,560,560,560,17469,0,230,247.99474994870934,14.60263500007386,2176.4711910000187,8636.591733928673
1789904778,100,GET,GET /api/events/{id},25.100000,0.000000,250,280,310,320,350,410,480,530,590,590,590,6972,0,230,253.82087151477546,22.819426000069143,2457.589189000032,428.1584911072863
1789904778,100,GET,GET /api/events?city,36.500000,0.000000,230,260,280,300,350,390,440,510,570,570,570,10385,0,230,247.0917780846422,20.26550900006896,2086.489680999989,8666.469523350986
1789904778,100,POST,POST /api/auth/login,0.000000,0.000000,0,0,0,0,0,0,0,0,0,0,0,30,0,2700,2581.041040066664,1665.7984360000455,4027.322984999955,414.3
1789904778,100,POST,POST /api/auth/register,0.000000,0.000000,0,0,0,0,0,0,0,0,0,0,0,30,0,3100,2903.5319957666684,1031.5803199999891,3955.050796000023,131.76666666666668
1789904778,100,POST,POST /api/bookings [auth],12.300000,0.000000,300,330,360,380,450,490,550,560,610,610,610,3439,0,300,314.94359348880704,110.59802799991303,2122.1652660000245,265.70398371619655
1789904778,100,,Aggregated,162.700000,0.000000,250,280,300,320,360,400,480,510,590,610,610,43976,0,240,263.0387719179789,14.60263500007386,4027.322984999955,6178.380025468437
1789904779,100,GET,/api/events [warmup],0.000000,0.000000,0,0,0,0,0,0,0,0,0,0,0,100,0,750,919.3783923100023,161.67094200000065,2319.9825649999184,43009.1
1789904779,100,DELETE,DELETE /api/bookings/{id} [auth],3.600000,0.000000,320,350,380,380,410,460,480,480,480,480,480,1134,0,320,333.5651588783078,142.95747799997116,1400.2631590000192,290.68342151675483
1789904779,100,GET,GET /api/bookings/me [auth],18.400000,0.000000,260,310,330,340,370,410,430,450,460,460,460,4440,0,250,267.4410593529264,74.4635590000371,2131.379423999988,5042.176126126126
1789904779,100,GET,GET /api/events,65.700000,0.000000,240,260,280,300,330,370,440,480,560,560,560,17538,0,230,247.86604226662135,14.60263500007386,2176.4711910000187,8636.592142775688
1789904779,100,GET,GET /api/events/{id},25.100000,0.000000,260,290,310,320,360,410,480,530,590,590,590,6989,0,230,253.67527527514875,22.819426000069143,2457.589189000032,428.1581055945056
1789904779,100,GET,GET /api/events?city,35.800000,0.000000,230,260,280,290,340,370,410,500,570,570,570,10438,0,230,246.91657591837603,20.26550900006896,2086.489680999989,8666.484863000574
1789904779,100,POST,POST /api/auth/login,0.000000,0.000000,0,0,0,0,0,0,0,0,0,0,0,30,0,2700,2581.041040066664,1665.7984360000455,4027.322984999955,414.3
1789904779,100,POST,POST /api/auth/register,0.000000,0.000000,0,0,0,0,0,0,0,0,0,0,0,30,0,3100,2903.5319957666684,1031.5803199999891,3955.050796000023,131.76666666666668
1789904779,100,POST,POST /api/bookings [auth],12.400000,0.000000,310,340,360,380,450,490,540,560,610,610,610,3453,0,300,314.89641061309203,110.59802799991303,2122.1652660000245,265.70721112076455
1789904779,100,,Aggregated,161.000000,0.000000,250,280,300,320,360,400,460,500,590,610,610,44152,0,240,262.88367225616145,14.60263500007386,4027.322984999955,6180.317879144773
1789904780,100,GET,/api/events [warmup],0.000000,0.000000,0,0,0,0,0,0,0,0,0,0,0,100,0,750,919.3783923100023,161.67094200000065,2319.9825649999184,43009.1
1789904780,100,DELETE,DELETE /api/bookings/{id} [auth],3.700000,0.000000,320,340,370,380,410,460,480,480,480,480,480,1137,0,320,333.4348357484616,142.95747799997116,1400.2631590000192,290.68601583113457
1789904780,100,GET,GET /api/bookings/me [auth],17.900000,0.000000,250,310,330,340,370,380,420,450,460,460,460,4460,0,250,267.4332600948416,74.4635590000371,2131.379423999988,5044.349775784754
1789904780,100,GET,GET /api/events,66.900000,0.000000,240,270,290,300,340,370,440,480,560,560,560,17605,0,230,247.89843263748972,14.60263500007386,2176.4711910000187,8636.592331723941
1789904780,100,GET,GET /api/events/{id},25.500000,0.000000,260,290,320,320,360,410,480,530,590,590,590,7014,0,230,253.7820382480774,22.819426000069143,2457.589189000032,428.15896777872825
1789904780,100,GET,GET /api/events?city,36.300000,0.000000,230,260,280,290,340,370,400,410,570,570,570,10469,0,230,246.92088492625925,20.26550900006896,2086.489680999989,8666.507020727864
1789904780,100,POST,POST /api/auth/login,0.000000,0.000000,0,0,0,0,0,0,0,0,0,0,0,30,0,2700,2581.041040066664,1665.7984360000455,4027.322984999955,414.3
1789904780,100,POST,POST /api/auth/register,0.000000,0.000000,0,0,0,0,0,0,0,0,0,0,0,30,0,3100,2903.5319957666684,1031.5803199999891,3955.050796000023,131.76666666666668
1789904780,100,POST,POST /api/bookings [auth],13.300000,0.000000,310,350,380,390,450,490,540,560,610,610,610,3466,0,300,314.8759242524541,110.59802799991303,2122.1652660000245,265.70946335833816
1789904780,100,,Aggregated,163.600000,0.000000,250,280,300,320,360,400,460,490,590,610,610,44311,0,240,262.89175597892273,14.60263500007386,4027.322984999955,6180.102638171109
1789904781,100,GET,/api/events [warmup],0.000000,0.000000,0,0,0,0,0,0,0,0,0,0,0,100,0,750,919.3783923100023,161.67094200000065,2319.9825649999184,43009.1
1789904781,100,DELETE,DELETE /api/bookings/{id} [auth],3.600000,0.000000,300,340,360,380,410,460,480,480,480,480,480,1139,0,320,333.4068849561025,142.95747799997116,1400.2631590000192,290.6865671641791
1789904781,100,GET,GET /api/bookings/me [auth],18.100000,0.000000,250,290,320,330,360,370,410,440,460,460,460,4485,0,250,267.3671762595303,74.4635590000371,2131.379423999988,5047.113266443701
1789904781,100,GET,GET /api/events,66.800000,0.000000,240,270,290,300,340,380,440,490,560,560,560,17659,0,230,247.7958916747273,14.60263500007386,2176.4711910000187,8636.592842176793
1789904781,100,GET,GET /api/events/{id},24.700000,0.000000,250,280,310,320,370,410,480,530,590,590,590,7037,0,230,253.68636679110622,22.819426000069143,2457.589189000032,428.1574534602814
1789904781,100,GET,GET /api/events?city,36.600000,0.000000,230,260,280,290,340,370,400,410,570,570,570,10515,0,230,246.79968664897854,20.26550900006896,2086.489680999989,8666.469995244888
1789904781,100,POST,POST /api/auth/login,0.000000,0.000000,0,0,0,0,0,0,0,0,0,0,0,30,0,2700,2581.041040066664,1665.7984360000455,4027.322984999955,414.3
1789904781,100,POST,POST /api/auth/register,0.000000,0.000000,0,0,0,0,0,0,0,0,0,0,0,30,0,3100,2903.5319957666684,1031.5803199999891,3955.050796000023,131.76666666666668
1789904781,100,POST,POST /api/bookings [auth],13.000000,0.000000,300,350,380,380,440,480,540,560,610,610,610,3472,0,300,314.73076449308945,110.59802799991303,2122.1652660000245,265.7105414746544
1789904781,100,,Aggregated,162.800000,0.000000,240,280,300,320,360,400,460,490,590,610,610,44467,0,240,262.76181868401386,14.60263500007386,4027.322984999955,6181.251332448782
1789904782,100,GET,/api/events [warmup],0.000000,0.000000,0,0,0,0,0,0,0,0,0,0,0,100,0,750,919.3783923100023,161.67094200000065,2319.9825649999184,43009.1
1789904782,100,DELETE,DELETE /api/bookings/{id} [auth],3.500000,0.000000,300,340,360,370,410,460,480,480,480,480,480,1142,0,320,333.2737989921196,142.95747799997116,1400.2631590000192,290.6865148861646
1789904782,100,GET,GET /api/bookings/me [auth],18.200000,0.000000,240,280,300,320,350,370,410,420,440,440,440,4505,0,250,267.11256156514844,74.4635590000371,2131.379423999988,5049.330743618202
1789904782,100,GET,GET /api/events,65.900000,0.000000,230,260,280,300,340,370,440,480,560,560,560,17720,0,230,247.76287617375897,14.60263500007386,2176.4711910000187,8636.594356659141
1789904782,100,GET,GET /api/events/{id},23.600000,0.000000,250,280,300,320,360,410,480,530,590,590,590,7059,0,230,253.70170702507644,22.819426000069143,2457.589189000032,428.15979600509985
1789904782,100,GET,GET /api/events?city,36.600000,0.000000,220,250,270,280,320,360,390,470,590,590,590,10561,0,230,246.73752302386222,20.26550900006896,2086.489680999989,8666.456585550612
1789904782,100,POST,POST /api/auth/login,0.000000,0.000000,0,0,0,0,0,0,0,0,0,0,0,30,0,2700,2581.041040066664,1665.7984360000455,4027.322984999955,414.3
1789904782,100,POST,POST /api/auth/register,0.000000,0.000000,0,0,0,0,0,0,0,0,0,0,0,30,0,3100,2903.5319957666684,1031.5803199999891,3955.050796000023,131.76666666666668
1789904782,100,POST,POST /api/bookings [auth],12.600000,0.000000,290,340,360,380,420,480,490,540,610,610,610,3485,0,300,314.66088008206793,110.59802799991303,2122.1652660000245,265.7116212338594
1789904782,100,,Aggregated,160.400000,0.000000,240,270,290,310,350,390,460,490,590,610,610,44632,0,240,262.68243551792557,14.60263500007386,4027.322984999955,6181.927227101631
1789904783,100,GET,/api/events [warmup],0.000000,0.000000,0,0,0,0,0,0,0,0,0,0,0,100,0,750,919.3783923100023,161.67094200000065,2319.9825649999184,43009.1
1789904783,100,DELETE,DELETE /api/bookings/{id} [auth],3.200000,0.000000,310,340,360,370,410,460,480,480,480,480,480,1143,0,320,333.1721972370959,142.95747799997116,1400.2631590000192,290.6859142607174
1789904783,100,GET,GET /api/bookings/me [auth],18.600000,0.000000,240,280,300,320,350,370,410,420,440,440,440,4528,0,250,266.9859953800781,74.4635590000371,2131.379423999988,5051.814487632509
1789904783,100,GET,GET /api/events,66.200000,0.000000,220,260,280,290,330,360,430,450,520,520,520,17786,0,230,247.65022356550162,14.60263500007386,2176.4711910000187,8636.585629146519
1789904783,100,GET,GET /api/events/{id},24.200000,0.000000,240,270,290,300,350,410,480,530,590,590,590,7095,0,230,253.46384266751446,22.819426000069143,2457.589189000032,428.1558844256519
1789904783,100,GET,GET /api/events?city,37.500000,0.000000,220,240,260,280,310,350,390,460,590,590,590,10604,0,230,246.59279668992926,20.26550900006896,2086.489680999989,8666.42106752169
1789904783,100,POST,POST /api/auth/login,0.000000,0.000000,0,0,0,0,0,0,0,0,0,0,0,30,0,2700,2581.041040066664,1665.7984360000455,4027.322984999955,414.3
1789904783,100,POST,POST /api/auth/register,0.000000,0.000000,0,0,0,0,0,0,0,0,0,0,0,30,0,3100,2903.5319957666684,1031.5803199999891,3955.050796000023,131.76666666666668
1789904783,100,POST,POST /api/bookings [auth],12.500000,0.000000,280,330,350,380,420,480,490,490,540,540,540,3496,0,300,314.4925610248875,110.59802799991303,2122.1652660000245,265.7116704805492
1789904783,100,,Aggregated,162.200000,0.000000,230,260,280,300,340,380,440,480,590,590,590,44812,0,240,262.5094235547187,14.60263500007386,4027.322984999955,6181.377689011872
1789904784,100,GET,/api/events [warmup],0.000000,0.000000,0,0,0,0,0,0,0,0,0,0,0,100,0,750,919.3783923100023,161.67094200000065,2319.9825649999184,43009.1
1789904784,100,DELETE,DELETE /api/bookings/{id} [auth],3.500000,0.000000,300,340,360,380,410,460,480,480,480,480,480,1147,0,320,333.10831116739377,142.95747799997116,1400.2631590000192,290.6878814298169
1789904784,100,GET,GET /api/bookings/me [auth],19.000000,0.000000,240,280,290,320,350,370,410,420,440,440,440,4544,0,250,266.92253645884534,74.4635590000371,2131.379423999988,5053.498679577465
1789904784,100,GET,GET /api/events,65.100000,0.000000,220,250,280,290,320,350,410,450,520,520,520,17857,0,230,247.54848047085244,14.60263500007386,2176.4711910000187,8636.573388587109
1789904784,100,GET,GET /api/events/{id},24.400000,0.000000,240,260,280,300,350,410,480,530,590,590,590,7118,0,230,253.37196447864787,22.819426000069143,2457.589189000032,428.15580219162683
1789904784,100,GET,GET /api/events?city,39.200000,0.000000,220,250,260,280,310,350,380,460,590,590,590,10641,0,230,246.4726199984973,20.26550900006896,2086.489680999989,8666.428531153088
1789904784,100,POST,POST /api/auth/login,0.000000,0.000000,0,0,0,0,0,0,0,0,0,0,0,30,0,2700,2581.041040066664,1665.7984360000455,4027.322984999955,414.3
1789904784,100,POST,POST /api/auth/register,0.000000,0.000000,0,0,0,0,0,0,0,0,0,0,0,30,0,3100,2903.5319957666684,1031.5803199999891,3955.050796000023,131.76666666666668
1789904784,100,POST,POST /api/bookings [auth],12.100000,0.000000,280,320,350,360,420,480,490,490,540,540,540,3509,0,300,314.3876835924785,110.59802799991303,2122.1652660000245,265.7115987460815
1789904784,100,,Aggregated,163.300000,0.000000,230,260,280,300,340,380,440,480,590,590,590,44976,0,240,262.3915568067647,14.60263500007386,4027.322984999955,6181.8872509783
1789904785,100,GET,/api/events [warmup],0.000000,0.000000,0,0,0,0,0,0,0,0,0,0,0,100,0,750,919.3783923100023,161.67094200000065,2319.9825649999184,43009.1
1789904785,100,DELETE,DELETE /api/bookings/{id} [auth],3.300000,0.000000,300,330,360,380,410,460,480,480,480,480,480,1154,0,320,332.84482412824985,142.95747799997116,1400.2631590000192,290.6880415944541
1789904785,100,GET,GET /api/bookings/me [auth],18.900000,0.000000,240,270,290,310,350,370,410,430,440,440,440,4561,0,250,266.92393768055115,74.4635590000371,2131.379423999988,5055.331944748958
1789904785,100,GET,GET /api/events,65.300000,0.000000,220,250,270,280,320,360,430,480,520,520,520,17906,0,230,247.53142732787958,14.60263500007386,2176.4711910000187,8636.572489668268
1789904785,100,GET,GET /api/events/{id},24.300000,0.000000,230,260,270,280,340,420,480,510,590,590,590,7150,0,230,253.32498168545663,22.819426000069143,2457.589189000032,428.1523076923077
1789904785,100,GET,GET /api/events?city,39.200000,0.000000,220,240,260,270,300,340,380,440,590,590,590,10685,0,230,246.41182978549452,20.26550900006896,2086.489680999989,8666.399625643426
1789904785,100,POST,POST /api/auth/login,0.000000,0.000000,0,0,0,0,0,0,0,0,0,0,0,30,0,2700,2581.041040066664,1665.7984360000455,4027.322984999955,414.3
1789904785,100,POST,POST /api/auth/register,0.000000,0.000000,0,0,0,0,0,0,0,0,0,0,0,30,0,3100,2903.5319957666684,1031.5803199999891,3955.050796000023,131.76666666666668
1789904785,100,POST,POST /api/bookings [auth],12.400000,0.000000,280,320,340,360,400,480,490,490,540,540,540,3518,0,300,314.2938502365002,110.59802799991303,2122.1652660000245,265.71432632177374
1789904785,100,,Aggregated,163.400000,0.000000,230,260,280,290,340,380,440,480,590,590,590,45134,0,240,262.334062132429,14.60263500007386,4027.322984999955,6180.554216333584
1789904786,100,GET,/api/events [warmup],0.000000,0.000000,0,0,0,0,0,0,0,0,0,0,0,100,0,750,919.3783923100023,161.67094200000065,2319.9825649999184,43009.1
1789904786,100,DELETE,DELETE /api/bookings/{id} [auth],3.000000,0.000000,310,350,380,400,420,510,530,530,530,530,530,1160,0,320,333.40182601810415,142.95747799997116,1400.2631590000192,290.6853448275862
1789904786,100,GET,GET /api/bookings/me [auth],19.800000,0.000000,240,260,290,290,350,370,410,430,430,430,430,4576,0,250,266.96116666936047,74.4635590000371,2131.379423999988,5056.931818181818
1789904786,100,GET,GET /api/events,65.300000,0.000000,220,250,270,280,310,360,440,480,590,590,590,17981,0,230,247.5617016115907,14.60263500007386,2176.4711910000187,8636.566653690006
1789904786,100,GET,GET /api/events/{id},24.700000,0.000000,230,260,270,280,320,390,480,530,680,680,680,7176,0,230,253.4707908876834,22.819426000069143,2457.589189000032,428.1495261984392
1789904786,100,GET,GET /api/events?city,39.700000,0.000000,220,240,260,270,300,330,360,440,590,590,590,10722,0,230,246.4089799811611,20.26550900006896,2086.489680999989,8666.391624696886
1789904786,100,POST,POST /api/auth/login,0.000000,0.000000,0,0,0,0,0,0,0,0,0,0,0,30,0,2700,2581.041040066664,1665.7984360000455,4027.322984999955,414.3
1789904786,100,POST,POST /api/auth/register,0.000000,0.000000,0,0,0,0,0,0,0,0,0,0,0,30,0,3100,2903.5319957666684,1031.5803199999891,3955.050796000023,131.76666666666668
1789904786,100,POST,POST /api/bookings [auth],12.000000,0.000000,280,310,340,360,390,420,480,480,490,490,490,3529,0,300,314.24262761235684,110.59802799991303,2122.1652660000245,265.71578350807596
1789904786,100,,Aggregated,164.500000,0.000000,230,260,280,290,330,370,430,480,590,680,680,45304,0,240,262.3633258753319,14.60263500007386,4027.322984999955,6180.917247925128
1789904787,100,GET,/api/events [warmup],0.000000,0.000000,0,0,0,0,0,0,0,0,0,0,0,100,0,750,919.3783923100023,161.67094200000065,2319.9825649999184,43009.1
1789904787,100,DELETE,DELETE /api/bookings/{id} [auth],3.200000,0.000000,310,350,380,410,450,510,530,530,530,530,530,1163,0,320,333.42098045743836,142.95747799997116,1400.2631590000192,290.68443680137574
1789904787,100,GET,GET /api/bookings/me [auth],19.300000,0.000000,240,260,290,310,350,370,410,430,520,520,520,4599,0,250,266.8675222522274,74.4635590000371,2131.379423999988,5059.337682104805
1789904787,100,GET,GET /api/events,64.000000,0.000000,220,250,270,280,320,360,440,480,590,590,590,18045,0,230,247.49408259905852,14.60263500007386,2176.4711910000187,8636.565253532835
1789904787,100,GET,GET /api/events/{id},25.100000,0.000000,230,260,270,280,320,390,450,510,680,680,680,7208,0,230,253.40057908254946,22.819426000069143,2457.589189000032,428.1496947835738
1789904787,100,GET,GET /api/events?city,39.900000,0.000000,220,250,260,280,310,340,370,440,590,590,590,10758,0,230,246.39911870431396,20.26550900006896,2086.489680999989,8666.381576501208
1789904787,100,POST,POST /api/auth/login,0.000000,0.000000,0,0,0,0,0,0,0,0,0,0,0,30,0,2700,2581.041040066664,1665.7984360000455,4027.322984999955,414.3
1789904787,100,POST,POST /api/auth/register,0.000000,0.000000,0,0,0,0,0,0,0,0,0,0,0,30,0,3100,2903.5319957666684,1031.5803199999891,3955.050796000023,131.76666666666668
1789904787,100,POST,POST /api/bookings [auth],11.900000,0.000000,290,320,350,360,390,420,460,480,490,490,490,3541,0,300,314.27943169189706,110.59802799991303,2122.1652660000245,265.71844111832814
1789904787,100,,Aggregated,163.400000,0.000000,230,260,280,290,330,380,440,480,590,680,680,45474,0,240,262.29789872421685,14.60263500007386,4027.322984999955,6180.015327439855
1789904788,100,GET,/api/events [warmup],0.000000,0.000000,0,0,0,0,0,0,0,0,0,0,0,100,0,750,919.3783923100023,161.67094200000065,2319.9825649999184,43009.1
1789904788,100,DELETE,DELETE /api/bookings/{id} [auth],3.800000,0.000000,310,340,360,380,450,510,530,530,530,530,530,1166,0,320,333.3305245137228,142.95747799997116,1400.2631590000192,290.6852487135506
1789904788,100,GET,GET /api/bookings/me [auth],18.700000,0.000000,240,260,290,300,350,370,430,430,520,520,520,4618,0,250,266.7667103856634,74.4635590000371,2131.379423999988,5061.337158943265
1789904788,100,GET,GET /api/events,63.500000,0.000000,220,250,270,280,320,360,440,490,590,590,590,18114,0,230,247.43371097421928,14.60263500007386,2176.4711910000187,8636.57226454676
1789904788,100,GET,GET /api/events/{id},25.300000,0.000000,240,260,270,280,320,380,450,510,680,680,680,7229,0,230,253.34714324720113,22.819426000069143,2457.589189000032,428.1511965693734
1789904788,100,GET,GET /api/events?city,39.300000,0.000000,220,250,270,280,310,360,420,460,590,590,590,10800,0,230,246.40772958879725,20.26550900006896,2086.489680999989,8666.435092592592
1789904788,100,POST,POST /api/auth/login,0.000000,0.000000,0,0,0,0,0,0,0,0,0,0,0,30,0,2700,2581.041040066664,1665.7984360000455,4027.322984999955,414.3
1789904788,100,POST,POST /api/auth/register,0.000000,0.000000,0,0,0,0,0,0,0,0,0,0,0,30,0,3100,2903.5319957666684,1031.5803199999891,3955.050796000023,131.76666666666668
1789904788,100,POST,POST /api/bookings [auth],12.200000,0.000000,290,320,340,360,390,430,460,480,490,490,490,3551,0,300,314.2247773083661,110.59802799991303,2122.1652660000245,265.71895240777246
1789904788,100,,Aggregated,162.800000,0.000000,230,260,280,290,340,380,440,480,590,680,680,45638,0,240,262.2276062349809,14.60263500007386,4027.322984999955,6181.439326876725
1789904789,100,GET,/api/events [warmup],0.000000,0.000000,0,0,0,0,0,0,0,0,0,0,0,100,0,750,919.3783923100023,161.67094200000065,2319.9825649999184,43009.1
1789904789,100,DELETE,DELETE /api/bookings/{id} [auth],3.500000,0.000000,310,340,350,380,450,510,530,530,530,530,530,1170,0,320,333.25138963418885,142.95747799997116,1400.2631590000192,290.6837606837607
1789904789,100,GET,GET /api/bookings/me [auth],19.100000,0.000000,250,260,290,300,340,370,430,520,560,560,560,4638,0,250,266.68893610995957,74.4635590000371,2131.379423999988,5063.3917636912465
1789904789,100,GET,GET /api/events,64.300000,0.000000,220,250,270,280,320,360,440,490,590,590,590,18175,0,230,247.34241559834973,14.60263500007386,2176.4711910000187,8636.578817056396
1789904789,100,GET,GET /api/events/{id},26.000000,0.000000,230,250,270,280,310,390,430,510,680,680,680,7256,0,230,253.22961945424714,22.819426000069143,2457.589189000032,428.1481532524807
1789904789,100,GET,GET /api/events?city,40.600000,0.000000,220,250,270,280,320,360,430,460,590,590,590,10849,0,230,246.38870484726792,20.26550900006896,2086.489680999989,8666.357083602175
1789904789,100,POST,POST /api/auth/login,0.000000,0.000000,0,0,0,0,0,0,0,0,0,0,0,30,0,2700,2581.041040066664,1665.7984360000455,4027.322984999955,414.3
1789904789,100,POST,POST /api/auth/register,0.000000,0.000000,0,0,0,0,0,0,0,0,0,0,0,30,0,3100,2903.5319957666684,1031.5803199999891,3955.050796000023,131.76666666666668
1789904789,100,POST,POST /api/bookings [auth],11.800000,0.000000,280,300,330,340,390,430,460,480,490,490,490,3563,0,300,314.0084549840047,110.59802799991303,2122.1652660000245,265.71737300028065
1789904789,100,,Aggregated,165.300000,0.000000,230,260,280,290,330,380,440,490,590,680,680,45811,0,240,262.1215024363595,14.60263500007386,4027.322984999955,6181.614131977036
1789904790,100,GET,/api/events [warmup],0.000000,0.000000,0,0,0,0,0,0,0,0,0,0,0,100,0,750,919.3783923100023,161.67094200000065,2319.9825649999184,43009.1
1789904790,100,DELETE,DELETE /api/bookings/{id} [auth],3.800000,0.000000,310,340,360,410,480,530,600,600,600,600,600,1172,0,320,333.4538097832771,142.95747799997116,1400.2631590000192,290.68515358361776
1789904790,100,GET,GET /api/bookings/me [auth],19.600000,0.000000,250,280,310,320,360,410,460,520,560,560,560,4652,0,250,266.96883570851094,74.4635590000371,2131.379423999988,5064.893809114359
1789904790,100,GET,GET /api/events,64.200000,0.000000,230,260,280,290,340,390,450,490,590,590,590,18219,0,230,247.51791003189024,14.60263500007386,2176.4711910000187,8636.58658543279
1789904790,100,GET,GET /api/events/{id},25.800000,0.000000,230,260,280,300,390,430,500,530,680,680,680,7277,0,230,253.59383497430485,22.819426000069143,2457.589189000032,428.1460766799505
1789904790,100,GET,GET /api/events?city,41.100000,0.000000,230,260,290,300,350,400,440,470,590,590,590,10886,0,230,246.60555218197769,20.26550900006896,2086.489680999989,8666.383887562006
1789904790,100,POST,POST /api/auth/login,0.000000,0.000000,0,0,0,0,0,0,0,0,0,0,0,30,0,2700,2581.041040066664,1665.7984360000455,4027.322984999955,414.3
1789904790,100,POST,POST /api/auth/register,0.000000,0.000000,0,0,0,0,0,0,0,0,0,0,0,30,0,3100,2903.5319957666684,1031.5803199999891,3955.050796000023,131.76666666666668
1789904790,100,POST,POST /api/bookings [auth],11.100000,0.000000,290,320,360,390,450,490,610,620,690,690,690,3576,0,300,314.51261999664666,110.59802799991303,2122.1652660000245,265.71951901565996
1789904790,100,,Aggregated,165.600000,0.000000,240,270,290,310,360,420,480,520,680,690,690,45942,0,240,262.36119953915943,14.60263500007386,4027.322984999955,6181.226742414348
1789904791,100,GET,/api/events [warmup],0.000000,0.000000,0,0,0,0,0,0,0,0,0,0,0,100,0,750,919.3783923100023,161.67094200000065,2319.9825649999184,43009.1
1789904791,100,DELETE,DELETE /api/bookings/{id} [auth],3.700000,0.000000,310,340,350,410,480,530,600,600,600,600,600,1174,0,320,333.3446133006821,142.95747799997116,1400.2631590000192,290.6848381601363
1789904791,100,GET,GET /api/bookings/me [auth],19.800000,0.000000,250,270,300,320,360,430,500,560,680,680,680,4673,0,250,266.8138751904543,74.4635590000371,2131.379423999988,5067.0532848277335
1789904791,100,GET,GET /api/events,64.300000,0.000000,220,250,270,280,330,380,440,470,590,590,590,18285,0,230,247.33630506781566,14.60263500007386,2176.4711910000187,8636.584413453651
1789904791,100,GET,GET /api/events/{id},26.200000,0.000000,230,250,270,280,380,430,490,510,680,680,680,7304,0,230,253.4048090193066,22.819426000069143,2457.589189000032,428.151013143483
1789904791,100,GET,GET /api/events?city,39.800000,0.000000,230,250,270,290,350,380,430,450,530,530,530,10929,0,230,246.36634214941984,20.26550900006896,2086.489680999989,8666.280172019398
1789904791,100,POST,POST /api/auth/login,0.000000,0.000000,0,0,0,0,0,0,0,0,0,0,0,30,0,2700,2581.041040066664,1665.7984360000455,4027.322984999955,414.3
1789904791,100,POST,POST /api/auth/register,0.000000,0.000000,0,0,0,0,0,0,0,0,0,0,0,30,0,3100,2903.5319957666684,1031.5803199999891,3955.050796000023,131.76666666666668
1789904791,100,POST,POST /api/bookings [auth],10.900000,0.000000,290,320,360,390,470,520,620,660,690,690,690,3587,0,300,314.5872030030689,110.59802799991303,2122.1652660000245,265.7184276554224
1789904791,100,,Aggregated,164.700000,0.000000,230,260,290,300,360,410,470,520,680,690,690,46112,0,240,262.1664199959028,14.60263500007386,4027.322984999955,6181.708991151978
1789904792,100,GET,/api/events [warmup],0.000000,0.000000,0,0,0,0,0,0,0,0,0,0,0,100,0,750,919.3783923100023,161.67094200000065,2319.9825649999184,43009.1
1789904792,100,DELETE,DELETE /api/bookings/{id} [auth],3.400000,0.000000,310,340,350,380,480,530,600,600,600,600,600,1182,0,320,333.0125770778349,142.95747799997116,1400.2631590000192,290.6827411167513
1789904792,100,GET,GET /api/bookings/me [auth],19.200000,0.000000,250,270,300,320,360,430,500,560,680,680,680,4694,0,250,266.6844238875143,74.4635590000371,2131.379423999988,5069.170856412441
1789904792,100,GET,GET /api/events,62.300000,0.000000,220,250,260,280,320,370,440,470,590,590,590,18361,0,230,247.13005366880958,14.60263500007386,2176.4711910000187,8636.587059528349
1789904792,100,GET,GET /api/events/{id},26.700000,0.000000,230,250,270,280,380,430,490,510,680,680,680,7332,0,230,253.18076160065672,22.819426000069143,2457.589189000032,428.14852700490997
1789904792,100,GET,GET /api/events?city,41.000000,0.000000,220,250,270,290,350,380,430,450,530,530,530,10971,0,230,246.23562476374153,20.26550900006896,2086.489680999989,8666.204539239814
1789904792,100,POST,POST /api/auth/login,0.000000,0.000000,0,0,0,0,0,0,0,0,0,0,0,30,0,2700,2581.041040066664,1665.7984360000455,4027.322984999955,414.3
1789904792,100,POST,POST /api/auth/register,0.000000,0.000000,0,0,0,0,0,0,0,0,0,0,0,30,0,3100,2903.5319957666684,1031.5803199999891,3955.050796000023,131.76666666666668
1789904792,100,POST,POST /api/bookings [auth],10.600000,0.000000,290,320,350,380,460,520,620,660,690,690,690,3595,0,300,314.391473209738,110.59802799991303,2122.1652660000245,265.72072322670374
1789904792,100,,Aggregated,163.200000,0.000000,230,260,280,300,360,410,470,520,680,690,690,46295,0,240,261.9608430085552,14.60263500007386,4027.322984999955,6182.164877416568
1789904793,100,GET,/api/events [warmup],0.000000,0.000000,0,0,0,0,0,0,0,0,0,0,0,100,0,750,919.3783923100023,161.67094200000065,2319.9825649999184,43009.1
1789904793,100,DELETE,DELETE /api/bookings/{id} [auth],3.500000,0.000000,310,340,350,350,450,510,600,600,600,600,600,1187,0,320,332.8460710867743,142.95747799997116,1400.2631590000192,290.681550126369
1789904793,100,GET,GET /api/bookings/me [auth],19.000000,0.000000,250,270,300,320,360,430,500,560,680,680,680,4710,0,250,266.55230215286446,74.4635590000371,2131.379423999988,5070.871974522293
1789904793,100,GET,GET /api/events,62.200000,0.000000,220,250,260,280,330,370,440,470,590,590,590,18431,0,230,247.0293718986497,14.60263500007386,2176.4711910000187,8636.588519342413
1789904793,100,GET,GET /api/events/{id},27.100000,0.000000,230,250,280,290,380,430,490,510,680,680,680,7359,0,230,253.12807374711434,22.819426000069143,2457.589189000032,428.14662318249765
1789904793,100,GET,GET /api/events?city,40.600000,0.000000,220,250,280,290,350,380,430,450,530,530,530,11010,0,230,246.16478062279825,20.26550900006896,2086.489680999989,8666.312897366031
1789904793,100,POST,POST /api/auth/login,0.000000,0.000000,0,0,0,0,0,0,0,0,0,0,0,30,0,2700,2581.041040066664,1665.7984360000455,4027.322984999955,414.3
1789904793,100,POST,POST /api/auth/register,0.000000,0.000000,0,0,0,0,0,0,0,0,0,0,0,30,0,3100,2903.5319957666684,1031.5803199999891,3955.050796000023,131.76666666666668
1789904793,100,POST,POST /api/bookings [auth],11.500000,0.000000,290,320,340,380,450,520,620,660,690,690,690,3611,0,300,314.265142216563,110.59802799991303,2122.1652660000245,265.7225145389089
1789904793,100,,Aggregated,163.900000,0.000000,230,260,290,300,360,410,470,520,680,690,690,46468,0,240,261.8550006713451,14.60263500007386,4027.322984999955,6181.747891021779
1789904794,100,GET,/api/events [warmup],0.000000,0.000000,0,0,0,0,0,0,0,0,0,0,0,100,0,750,919.3783923100023,161.67094200000065,2319.9825649999184,43009.1
1789904794,100,DELETE,DELETE /api/bookings/{id} [auth],3.800000,0.000000,320,350,350,390,480,510,600,600,600,600,600,1191,0,320,333.11680295298135,142.95747799997116,1400.2631590000192,290.68178001679263
1789904794,100,GET,GET /api/bookings/me [auth],18.900000,0.000000,250,270,300,320,360,420,500,560,680,680,680,4729,0,250,266.4695798134896,74.4635590000371,2131.379423999988,5072.808204694438
1789904794,100,GET,GET /api/events,63.400000,0.000000,220,250,270,290,330,370,440,470,590,590,590,18488,0,230,247.07022430798423,14.60263500007386,2176.4711910000187,8636.59541324102
1789904794,100,GET,GET /api/events/{id},27.100000,0.000000,230,260,280,300,380,440,490,500,680,680,680,7379,0,230,253.18267996395363,22.819426000069143,2457.589189000032,428.14676785472284
1789904794,100,GET,GET /api/events?city,40.500000,0.000000,230,260,280,300,350,400,430,450,530,530,530,11051,0,230,246.2057349268853,20.26550900006896,2086.489680999989,8666.33137272645
1789904794,100,POST,POST /api/auth/login,0.000000,0.000000,0,0,0,0,0,0,0,0,0,0,0,30,0,2700,2581.041040066664,1665.7984360000455,4027.322984999955,414.3
1789904794,100,POST,POST /api/auth/register,0.000000,0.000000,0,0,0,0,0,0,0,0,0,0,0,30,0,3100,2903.5319957666684,1031.5803199999891,3955.050796000023,131.76666666666668
1789904794,100,POST,POST /api/bookings [auth],10.900000,0.000000,300,320,370,390,470,540,650,660,690,690,690,3618,0,300,314.3825006348836,110.59802799991303,2122.1652660000245,265.722498618021
1789904794,100,,Aggregated,164.600000,0.000000,230,260,290,310,360,410,480,530,680,690,690,46616,0,240,261.87739299800614,14.60263500007386,4027.322984999955,6182.82321520508
1789904795,100,GET,/api/events [warmup],0.000000,0.000000,0,0,0,0,0,0,0,0,0,0,0,100,0,750,919.3783923100023,161.67094200000065,2319.9825649999184,43009.1
1789904795,100,DELETE,DELETE /api/bookings/{id} [auth],4.200000,0.000000,320,340,360,380,450,590,600,600,600,600,600,1198,0,320,333.2118768388988,142.95747799997116,1400.2631590000192,290.6853088480801
1789904795,100,GET,GET /api/bookings/me [auth],18.300000,0.000000,240,280,300,310,350,410,500,560,680,680,680,4749,0,250,266.3848255356902,74.4635590000371,2131.379423999988,5074.831122341546
1789904795,100,GET,GET /api/events,63.900000,0.000000,220,250,270,280,330,370,450,470,570,570,570,18552,0,230,247.02363677312474,14.60263500007386,2176.4711910000187,8636.600636050021
1789904795,100,GET,GET /api/events/{id},27.000000,0.000000,230,260,280,300,360,410,490,500,610,610,610,7411,0,230,253.11827809877394,22.819426000069143,2457.589189000032,428.1388476588854
1789904795,100,GET,GET /api/events?city,40.300000,0.000000,220,260,280,290,350,400,430,450,530,530,530,11100,0,230,246.13292437919,20.26550900006896,2086.489680999989,8666.318108108107
1789904795,100,POST,POST /api/auth/login,0.000000,0.000000,0,0,0,0,0,0,0,0,0,0,0,30,0,2700,2581.041040066664,1665.7984360000455,4027.322984999955,414.3
1789904795,100,POST,POST /api/auth/register,0.000000,0.000000,0,0,0,0,0,0,0,0,0,0,0,30,0,3100,2903.5319957666684,1031.5803199999891,3955.050796000023,131.76666666666668
1789904795,100,POST,POST /api/bookings [auth],10.900000,0.000000,300,330,360,400,480,610,660,690,690,690,690,3626,0,300,314.27950037507134,106.2035840000135,2122.1652660000245,265.72255929398784
1789904795,100,,Aggregated,164.600000,0.000000,230,260,290,300,360,410,470,530,680,690,690,46796,0,240,261.79629439700057,14.60263500007386,4027.322984999955,6182.680122232669
1789904796,100,GET,/api/events [warmup],0.000000,0.000000,0,0,0,0,0,0,0,0,0,0,0,100,0,750,919.3783923100023,161.67094200000065,2319.9825649999184,43009.1
1789904796,100,DELETE,DELETE /api/bookings/{id} [auth],4.500000,0.000000,320,340,370,380,430,590,600,600,600,600,600,1201,0,320,333.22604183430536,142.95747799997116,1400.2631590000192,290.68692756036637
1789904796,100,GET,GET /api/bookings/me [auth],18.300000,0.000000,250,280,300,310,360,410,460,560,680,680,680,4770,0,250,266.38967394821634,74.4635590000371,2131.379423999988,5076.900209643606
1789904796,100,GET,GET /api/events,63.300000,0.000000,220,250,270,290,330,370,450,470,570,570,570,18621,0,230,247.0147448329849,14.60263500007386,2176.4711910000187,8636.60211589066
1789904796,100,GET,GET /api/events/{id},26.400000,0.000000,230,260,290,310,370,430,490,500,610,610,610,7431,0,230,253.1077067097313,22.819426000069143,2457.589189000032,428.1365899609743
1789904796,100,GET,GET /api/events?city,41.400000,0.000000,220,250,280,300,360,400,430,450,530,530,530,11133,0,230,246.09542644462485,20.26550900006896,2086.489680999989,8666.359471840475
1789904796,100,POST,POST /api/auth/login,0.000000,0.000000,0,0,0,0,0,0,0,0,0,0,0,30,0,2700,2581.041040066664,1665.7984360000455,4027.322984999955,414.3
1789904796,100,POST,POST /api/auth/register,0.000000,0.000000,0,0,0,0,0,0,0,0,0,0,0,30,0,3100,2903.5319957666684,1031.5803199999891,3955.050796000023,131.76666666666668
1789904796,100,POST,POST /api/bookings [auth],11.100000,0.000000,280,320,370,400,470,540,650,660,690,690,690,3640,0,300,314.0271732162111,106.2035840000135,2122.1652660000245,265.7247252747253
1789904796,100,,Aggregated,165.000000,0.000000,230,260,290,300,360,410,470,520,680,690,690,46956,0,240,261.7493499551078,14.60263500007386,4027.322984999955,6183.164877757901
1789904797,100,GET,/api/events [warmup],0.000000,0.000000,0,0,0,0,0,0,0,0,0,0,0,100,0,750,919.3783923100023,161.67094200000065,2319.9825649999184,43009.1
1789904797,100,DELETE,DELETE /api/bookings/{id} [auth],4.700000,0.000000,340,360,370,380,430,500,600,600,600,600,600,1208,0,320,333.47999275910666,142.95747799997116,1400.2631590000192,290.6887417218543
1789904797,100,GET,GET /api/bookings/me [auth],18.000000,0.000000,260,290,310,320,360,410,460,560,680,680,680,4782,0,250,266.5154184654939,74.4635590000371,2131.379423999988,5078.065662902552
1789904797,100,GET,GET /api/events,62.900000,0.000000,230,260,280,290,340,390,450,470,540,540,540,18687,0,230,247.11453203050303,14.60263500007386,2176.4711910000187,8636.598437416385
1789904797,100,GET,GET /api/events/{id},25.700000,0.000000,240,270,290,310,360,410,490,500,610,610,610,7457,0,230,253.1510208909768,22.819426000069143,2457.589189000032,428.13168834652004
1789904797,100,GET,GET /api/events?city,41.000000,0.000000,230,260,280,300,360,400,430,470,530,530,530,11166,0,230,246.2180959231603,20.26550900006896,2086.489680999989,8666.372469998209
1789904797,100,POST,POST /api/auth/login,0.000000,0.000000,0,0,0,0,0,0,0,0,0,0,0,30,0,2700,2581.041040066664,1665.7984360000455,4027.322984999955,414.3
1789904797,100,POST,POST /api/auth/register,0.000000,0.000000,0,0,0,0,0,0,0,0,0,0,0,30,0,3100,2903.5319957666684,1031.5803199999891,3955.050796000023,131.76666666666668
1789904797,100,POST,POST /api/bookings [auth],11.000000,0.000000,280,320,350,400,470,540,650,660,690,690,690,3653,0,300,313.8560178182342,101.42336600006274,2122.1652660000245,265.7257049000821
1789904797,100,,Aggregated,163.300000,0.000000,240,270,290,310,370,410,470,520,680,690,690,47113,0,240,261.82071419071235,14.60263500007386,4027.322984999955,6182.494385838304
1789904798,100,GET,/api/events [warmup],0.000000,0.000000,0,0,0,0,0,0,0,0,0,0,0,100,0,750,919.3783923100023,161.67094200000065,2319.9825649999184,43009.1
1789904798,100,DELETE,DELETE /api/bookings/{id} [auth],3.800000,0.000000,340,360,370,380,430,500,600,600,600,600,600,1212,0,320,333.43507911716245,142.95747799997116,1400.2631590000192,290.69059405940595
1789904798,100,GET,GET /api/bookings/me [auth],18.800000,0.000000,250,290,310,320,370,410,440,500,680,680,680,4803,0,250,266.4320643783035,74.4635590000371,2131.379423999988,5080.2327711846765
1789904798,100,GET,GET /api/events,64.800000,0.000000,230,260,280,290,340,390,450,470,540,540,540,18752,0,230,247.01567154607554,14.60263500007386,2176.4711910000187,8636.59438993174
1789904798,100,GET,GET /api/events/{id},25.400000,0.000000,250,270,300,310,370,430,490,500,610,610,610,7479,0,230,253.16715443013965,22.819426000069143,2457.589189000032,428.1300976066319
1789904798,100,GET,GET /api/events?city,41.600000,0.000000,230,260,280,300,350,400,430,470,530,530,530,11211,0,230,246.12339889082227,20.26550900006896,2086.489680999989,8666.269556685398
1789904798,100,POST,POST /api/auth/login,0.000000,0.000000,0,0,0,0,0,0,0,0,0,0,0,30,0,2700,2581.041040066664,1665.7984360000455,4027.322984999955,414.3
1789904798,100,POST,POST /api/auth/register,0.000000,0.000000,0,0,0,0,0,0,0,0,0,0,0,30,0,3100,2903.5319957666684,1031.5803199999891,3955.050796000023,131.76666666666668
1789904798,100,POST,POST /api/bookings [auth],10.600000,0.000000,280,320,350,400,480,540,650,660,690,690,690,3662,0,300,313.8247812741699,101.42336600006274,2122.1652660000245,265.72747132714363
1789904798,100,,Aggregated,165.000000,0.000000,240,270,300,310,370,410,470,520,680,690,690,47279,0,240,261.7285125787566,14.60263500007386,4027.322984999955,6183.633579390427
1789904799,100,GET,/api/events [warmup],0.000000,0.000000,0,0,0,0,0,0,0,0,0,0,0,100,0,750,919.3783923100023,161.67094200000065,2319.9825649999184,43009.1
1789904799,100,DELETE,DELETE /api/bookings/{id} [auth],4.200000,0.000000,350,370,380,390,490,570,600,600,600,600,600,1218,0,320,333.707964464697,142.95747799997116,1400.2631590000192,290.6896551724138
1789904799,100,GET,GET /api/bookings/me [auth],18.200000,0.000000,260,290,310,330,370,380,440,440,680,680,680,4820,0,250,266.57149057717663,74.4635590000371,2131.379423999988,5081.894398340249
1789904799,100,GET,GET /api/events,63.800000,0.000000,220,260,280,290,330,380,420,470,550,550,550,18817,0,230,247.06420267752603,14.60263500007386,2176.4711910000187,8636.59286815114
1789904799,100,GET,GET /api/events/{id},24.000000,0.000000,240,270,290,310,350,400,490,530,660,660,660,7505,0,230,253.24642893604454,22.819426000069143,2457.589189000032,428.13124583610926
1789904799,100,GET,GET /api/events?city,40.300000,0.000000,220,250,280,290,330,380,430,450,530,530,530,11247,0,230,246.12073071628063,20.26550900006896,2086.489680999989,8666.351738241308
1789904799,100,POST,POST /api/auth/login,0.000000,0.000000,0,0,0,0,0,0,0,0,0,0,0,30,0,2700,2581.041040066664,1665.7984360000455,4027.322984999955,414.3
1789904799,100,POST,POST /api/auth/register,0.000000,0.000000,0,0,0,0,0,0,0,0,0,0,0,30,0,3100,2903.5319957666684,1031.5803199999891,3955.050796000023,131.76666666666668
1789904799,100,POST,POST /api/bookings [auth],11.100000,0.000000,290,320,360,380,480,540,650,660,690,690,690,3675,0,300,313.8383135869415,101.42336600006274,2122.1652660000245,265.72925170068027
1789904799,100,,Aggregated,161.600000,0.000000,240,270,290,310,350,400,480,530,680,690,690,47442,0,240,261.77022737979064,14.60263500007386,4027.322984999955,6183.1497196576875
1789904800,100,GET,/api/events [warmup],0.000000,0.000000,0,0,0,0,0,0,0,0,0,0,0,100,0,750,919.3783923100023,161.67094200000065,2319.9825649999184,43009.1
1789904800,100,DELETE,DELETE /api/bookings/{id} [auth],4.600000,0.000000,340,360,370,380,430,500,570,590,590,590,590,1223,0,320,333.54055729027027,142.95747799997116,1400.2631590000192,290.6901062959935
1789904800,100,GET,GET /api/bookings/me [auth],18.600000,0.000000,260,290,310,320,360,380,420,440,530,530,530,4831,0,250,266.6266566162267,74.4635590000371,2131.379423999988,5082.9867522252125
1789904800,100,GET,GET /api/events,63.700000,0.000000,230,260,280,290,320,370,420,470,550,550,550,18890,0,230,246.98898348793045,14.60263500007386,2176.4711910000187,8636.593965060878
1789904800,100,GET,GET /api/events/{id},24.500000,0.000000,250,270,290,300,340,390,450,520,660,660,660,7533,0,230,253.19722624837559,22.819426000069143,2457.589189000032,428.1278375149343
1789904800,100,GET,GET /api/events?city,40.300000,0.000000,230,250,280,290,330,370,430,440,530,530,530,11281,0,230,246.03816191942275,20.26550900006896,2086.489680999989,8666.25033241734
1789904800,100,POST,POST /api/auth/login,0.000000,0.000000,0,0,0,0,0,0,0,0,0,0,0,30,0,2700,2581.041040066664,1665.7984360000455,4027.322984999955,414.3
1789904800,100,POST,POST /api/auth/register,0.000000,0.000000,0,0,0,0,0,0,0,0,0,0,0,30,0,3100,2903.5319957666684,1031.5803199999891,3955.050796000023,131.76666666666668
1789904800,100,POST,POST /api/bookings [auth],11.100000,0.000000,290,320,340,360,400,430,490,520,650,650,650,3694,0,300,313.8979163294559,101.42336600006274,2122.1652660000245,265.73253925284246
1789904800,100,,Aggregated,162.800000,0.000000,240,270,290,310,350,390,440,490,650,660,660,47612,0,240,261.7096639699031,14.60263500007386,4027.322984999955,6182.152566579854
