Timestamp,User Count,Type,Name,Requests/s,Failures/s,50%,66%,75%,80%,90%,95%,98%,99%,99.9%,99.99%,100%,Total Request Count,Total Failure Count,Total Median Response Time,Total Average Response Time,Total Min Response Time,Total Max Response Time,Total Average Content Size
1789905702,0,,Aggregated,0.000000,0.000000,N/A,N/A,N/A,N/A,N/A,N/A,N/A,N/A,N/A,N/A,N/A,0,0,0,0.0,0,0,0
1789905703,50,GET,/api/events [warmup],0.000000,0.000000,0,0,0,0,0,0,0,0,0,0,0,35,0,510,507.69217537143567,174.52460799995606,759.3736710000485,487.0
1789905703,50,GET,GET /api/events,0.000000,0.000000,0,0,0,0,0,0,0,0,0,0,0,13,0,330,329.4584391538032,247.2335289999137,393.9979950000634,288.0
1789905703,50,GET,GET /api/events/{id},0.000000,0.000000,0,0,0,0,0,0,0,0,0,0,0,4,0,410,406.46338550004657,362.05827599997065,457.3779470001682,429.0
1789905703,50,GET,GET /api/events?city,0.000000,0.000000,0,0,0,0,0,0,0,0,0,0,0,4,0,360,345.68417499997395,254.79456499988373,432.9014659997483,164.25
1789905703,50,,Aggregated,0.000000,0.000000,0,0,0,0,0,0,0,0,0,0,0,56,0,400,447.51385873213883,174.52460799995606,759.3736710000485,413.60714285714283
1789905704,100,GET,/api/events [warmup],0.000000,0.000000,0,0,0,0,0,0,0,0,0,0,0,35,0,510,507.69217537143567,174.52460799995606,759.3736710000485,487.0
1789905704,100,GET,GET /api/events,0.000000,0.000000,0,0,0,0,0,0,0,0,0,0,0,14,0,330,395.84482249996915,247.2335289999137,1258.8678060001257,271.5
1789905704,100,GET,GET /api/events/{id},0.000000,0.000000,0,0,0,0,0,0,0,0,0,0,0,4,0,410,406.46338550004657,362.05827599997065,457.3779470001682,429.0
1789905704,100,GET,GET /api/events?city,0.000000,0.000000,0,0,0,0,0,0,0,0,0,0,0,4,0,360,345.68417499997395,254.79456499988373,432.9014659997483,164.25
1789905704,100,POST,POST /api/auth/register,0.000000,0.000000,0,0,0,0,0,0,0,0,0,0,0,1,0,1617.3997679998138,1617.3997679998138,1617.3997679998138,1617.3997679998138,131.0
1789905704,100,,Aggregated,0.000000,0.000000,400,510,590,690,730,760,1300,1600,1600,1600,1600,58,0,400,481.67316660344335,174.52460799995606,1617.3997679998138,402.58620689655174
1789905705,100,GET,/api/events [warmup],0.000000,0.000000,1000,1300,1500,1500,1500,1600,1600,1600,1600,1600,1600,70,0,1000,954.9102116285603,174.52460799995606,1600.0239330001023,487.0
1789905705,100,GET,GET /api/events,0.000000,0.000000,1300,1400,1700,1700,1700,1800,1800,1800,1800,1800,1800,29,0,960,907.4423206551384,247.2335289999137,1757.9401939997297,204.93103448275863
1789905705,100,GET,GET /api/events/{id},0.000000,0.000000,1400,1400,1400,1400,1400,1600,1600,1600,1600,1600,1600,14,0,1400,1106.0418257143283,362.05827599997065,1555.532686999868,429.0
1789905705,100,GET,GET /api/events?city,0.000000,0.000000,1300,1400,1400,1400,1400,1800,1800,1800,1800,1800,1800,13,0,1300,1011.6623073846102,254.79456499988373,1811.7111299998214,90.0
1789905705,100,POST,POST /api/auth/register,0.000000,0.000000,0,0,0,0,0,0,0,0,0,0,0,13,0,2500,2428.675405769214,1617.3997679998138,2687.3294830002123,131.46153846153845
1789905705,100,,Aggregated,0.000000,0.000000,1300,1400,1500,1500,1800,2500,2600,2600,2700,2700,2700,139,0,1300,1103.3706326906367,174.52460799995606,2687.3294830002123,351.9280575539568
1789905706,100,GET,/api/events [warmup],0.000000,0.000000,1000,1300,1500,1500,1500,1600,1600,1600,1600,1600,1600,70,0,1000,954.9102116285603,174.52460799995606,1600.0239330001023,487.0
1789905706,100,GET,GET /api/events,0.000000,0.000000,1300,1400,1700,1700,1700,1800,1800,1800,1800,1800,1800,29,0,960,907.4423206551384,247.2335289999137,1757.9401939997297,204.93103448275863
1789905706,100,GET,GET /api/events/{id},0.000000,0.000000,1400,1400,1400,1400,1400,1600,1600,1600,1600,1600,1600,14,0,1400,1106.0418257143283,362.05827599997065,1555.532686999868,429.0
1789905706,100,GET,GET /api/events?city,0.000000,0.000000,1300,1400,1400,1400,1400,1800,1800,1800,1800,1800,1800,13,0,1300,1011.6623073846102,254.79456499988373,1811.7111299998214,90.0
1789905706,100,POST,POST /api/auth/register,0.000000,0.000000,2500,2500,2600,2600,2600,2700,2700,2700,2700,2700,2700,13,0,2500,2428.675405769214,1617.3997679998138,2687.3294830002123,131.46153846153845
1789905706,100,,Aggregated,0.000000,0.000000,1300,1400,1500,1500,1800,2500,2600,2600,2700,2700,2700,139,0,1300,1103.3706326906367,174.52460799995606,2687.3294830002123,351.9280575539568
1789905707,100,GET,/api/events [warmup],11.666667,0.000000,1000,1300,1500,1500,1500,1600,1600,1600,1600,1600,1600,70,0,1000,954.9102116285603,174.52460799995606,1600.0239330001023,487.0
1789905707,100,GET,GET /api/events,5.000000,0.000000,2100,2200,2200,2200,2200,2300,2300,2300,2300,2300,2300,59,0,2100,1547.8373323898177,247.2335289999137,2347.568787,187.88135593220338
1789905707,100,GET,GET /api/events/{id},1.333333,0.000000,1400,2200,2200,2300,2300,2400,2400,2400,2400,2400,2400,23,0,1400,1565.1949833044177,362.05827599997065,2400.2485620003426,429.0
1789905707,100,GET,GET /api/events?city,1.333333,0.000000,2100,2100,2200,2200,2200,2200,2300,2300,2300,2300,2300,31,0,2100,1670.5597514838676,254.79456499988373,2306.872662999922,112.35483870967742
1789905707,100,POST,POST /api/auth/login,0.000000,0.000000,0,0,0,0,0,0,0,0,0,0,0,1,0,2844.300333999854,2844.300333999854,2844.300333999854,2844.300333999854,412.0
1789905707,100,POST,POST /api/auth/register,0.333333,0.000000,3200,3400,3500,3600,3700,4200,4200,4200,4200,4200,4200,29,0,3200,3034.6475107930924,1617.3997679998138,4232.800876000056,131.75862068965517
1789905707,100,,Aggregated,19.666667,0.000000,1500,2100,2200,2200,2500,3400,3600,3700,4200,4200,4200,213,0,1500,1581.2301994553975,174.52460799995606,4232.800876000056,294.63849765258215
1789905709,100,GET,/api/events [warmup],17.500000,0.000000,1000,1300,1500,1500,1500,1600,1600,1600,1600,1600,1600,70,0,1000,954.9102116285603,174.52460799995606,1600.0239330001023,487.0
1789905709,100,GET,GET /api/events,7.250000,0.000000,2100,2200,2200,2200,2200,2300,2300,2300,2300,2300,2300,61,0,2100,1556.887295377036,247.2335289999137,2347.568787,190.62295081967213
1789905709,100,GET,GET /api/events/{id},3.500000,0.000000,1400,2200,2200,2300,2300,2400,2400,2400,2400,2400,2400,23,0,1400,1565.1949833044177,362.05827599997065,2400.2485620003426,429.0
1789905709,100,GET,GET /api/events?city,3.250000,0.000000,2100,2200,2200,2200,2200,2300,2500,2500,2500,2500,2500,33,0,2100,1714.9451798181738,254.79456499988373,2518.598073999783,135.0
1789905709,100,POST,POST /api/auth/login,0.000000,0.000000,2800,2800,2800,2800,2800,2800,2800,2800,2800,2800,2800,1,0,2844.300333999854,2844.300333999854,2844.300333999854,2844.300333999854,412.0
1789905709,100,POST,POST /api/auth/register,3.250000,0.000000,3200,3400,3500,3600,3700,4200,4200,4200,4200,4200,4200,29,0,3200,3034.6475107930924,1617.3997679998138,4232.800876000056,131.75862068965517
1789905709,100,,Aggregated,34.750000,0.000000,1500,2100,2200,2200,2500,3400,3600,3700,4200,4200,4200,217,0,1500,1591.0396015161264,174.52460799995606,4232.800876000056,296.1889400921659
1789905710,100,GET,/api/events [warmup],14.000000,0.000000,1000,1300,1500,1500,1500,1600,1600,2200,2200,2200,2200,71,0,1000,972.1097455915403,174.52460799995606,2176.077123000141,487.0
1789905710,100,GET,GET /api/events,5.800000,0.000000,2100,2200,2200,2200,2300,2300,3000,3400,3400,3400,3400,65,0,2100,1625.9111920615255,247.2335289999137,3404.855849999876,195.6
1789905710,100,GET,GET /api/events/{id},2.800000,0.000000,2200,2300,2400,3400,3500,3500,3500,3500,3500,3500,3500,29,0,2200,1954.1128936207474,362.05827599997065,3506.527799000196,429.0
1789905710,100,GET,GET /api/events?city,2.600000,0.000000,2100,2200,2200,2200,2300,2500,3400,3400,3400,3400,3400,34,0,2100,1764.7144970588167,254.79456499988373,3407.1019660000275,145.3235294117647
1789905710,100,POST,POST /api/auth/login,0.000000,0.000000,4000,4000,4000,4000,4100,4100,4100,4100,4100,4100,4100,6,0,4000,3793.834159666782,2844.300333999854,4149.767509000412,413.0
1789905710,100,POST,POST /api/auth/register,2.600000,0.000000,3200,3500,3500,3600,4200,4200,5100,5100,5100,5100,5100,30,0,3200,3103.719108699988,1617.3997679998138,5106.795447999957,131.76666666666668
1789905710,100,,Aggregated,27.800000,0.000000,1600,2200,2200,2300,3400,3600,4000,4200,5100,5100,5100,235,0,1600,1732.97091257447,174.52460799995606,5106.795447999957,302.5702127659574
1789905711,100,GET,/api/events [warmup],10.000000,0.000000,1000,1300,1500,1500,1500,1600,1600,2200,2200,2200,2200,72,0,1000,970.8022169722122,174.52460799995606,2176.077123000141,487.0
1789905711,100,GET,GET /api/events,8.714286,0.000000,2200,2300,2400,2400,2500,2900,3400,4100,4100,4100,4100,97,0,2200,1888.2326484536047,247.2335289999137,4123.521510000046,185.2577319587629
1789905711,100,GET,GET /api/events/{id},3.285714,0.000000,2300,2600,2900,2900,3400,3500,3500,3500,3500,3500,3500,41,0,2300,2124.1503435610025,362.05827599997065,3506.527799000196,429.0
1789905711,100,GET,GET /api/events?city,4.714286,0.000000,2200,2200,2300,2400,2500,2800,3400,3400,3400,3400,3400,48,0,2200,1916.4192469999841,254.79456499988373,3407.1019660000275,137.4375
1789905711,100,POST,POST /api/auth/login,0.142857,0.000000,4100,4500,4600,4600,4600,4600,4600,4600,4600,4600,4600,16,0,4100,3991.415286937552,2844.300333999854,4629.7412429998985,413.6875
1789905711,100,POST,POST /api/auth/register,4.142857,0.000000,3200,3500,3500,3600,4200,4200,5100,5100,5100,5100,5100,30,0,3200,3103.719108699988,1617.3997679998138,5106.795447999957,131.76666666666668
1789905711,100,,Aggregated,31.000000,0.000000,2100,2300,2400,2600,3400,3800,4500,4600,5100,5100,5100,304,0,2100,1937.8580010394726,174.52460799995606,5106.795447999957,288.7894736842105
1789905712,100,GET,/api/events [warmup],8.875000,0.000000,870,1300,1400,1500,1500,1700,2100,2200,2200,2200,2200,100,0,870,932.3714424399941,174.52460799995606,2176.077123000141,486.96
1789905712,100,GET,GET /api/bookings/me [auth],0.000000,0.000000,0,0,0,0,0,0,0,0,0,0,0,18,0,360,407.23064972217395,143.81207499991433,1681.2817429999996,57.0
1789905712,100,GET,GET /api/events,8.125000,0.000000,1700,2200,2200,2300,2400,2500,3000,3400,4100,4100,4100,163,0,1300,1365.9169897361796,89.82149399980699,4123.521510000046,188.5521472392638
1789905712,100,GET,GET /api/events/{id},3.625000,0.000000,1400,2300,2600,2900,3100,3400,3500,3500,3500,3500,3500,68,0,1400,1641.590865867664,161.19631499987008,3506.527799000196,428.8529411764706
1789905712,100,GET,GET /api/events?city,4.250000,0.000000,1400,2100,2200,2200,2400,2500,2900,3400,3400,3400,3400,82,0,1400,1284.489633890239,96.9520100002228,3407.1019660000275,145.890243902439
1789905712,100,POST,POST /api/auth/login,0.750000,0.000000,3800,4000,4100,4500,4600,4600,4600,4600,4600,4600,4600,30,0,3800,3838.034492733367,2266.729508000026,4629.7412429998985,414.3
1789905712,100,POST,POST /api/auth/register,3.750000,0.000000,3200,3500,3500,3600,4200,4200,5100,5100,5100,5100,5100,30,0,3200,3103.719108699988,1617.3997679998138,5106.795447999957,131.76666666666668
1789905712,100,POST,POST /api/bookings [auth],0.000000,0.000000,0,0,0,0,0,0,0,0,0,0,0,7,0,430,423.9554677142873,285.6775010000092,664.1344429999663,262.57142857142856
1789905712,100,,Aggregated,29.375000,0.000000,1400,2100,2300,2400,3200,3700,4200,4600,5100,5100,5100,498,0,1400,1508.812028997986,89.82149399980699,5106.795447999957,280.72489959839356
1789905713,100,GET,/api/events [warmup],8.000000,0.000000,870,1300,1400,1500,1500,1700,2100,2200,2200,2200,2200,100,0,870,932.3714424399941,174.52460799995606,2176.077123000141,486.96
1789905713,100,DELETE,DELETE /api/bookings/{id} [auth],0.000000,0.000000,0,0,0,0,0,0,0,0,0,0,0,1,0,320.25129700014077,320.25129700014077,320.25129700014077,320.25129700014077,289.0
1789905713,100,GET,GET /api/bookings/me [auth],0.000000,0.000000,190,220,240,250,260,290,290,290,290,290,290,38,0,220,290.8408928684175,91.17346399989401,1681.2817429999996,119.26315789473684
1789905713,100,GET,GET /api/events,10.777778,0.000000,440,1400,2100,2200,2300,2500,2900,3000,4100,4100,4100,244,0,370,971.6196435983486,60.37510199985263,4123.521510000046,185.22540983606558
1789905713,100,GET,GET /api/events/{id},4.444444,0.000000,610,1400,2200,2400,2900,3400,3500,3500,3500,3500,3500,99,0,610,1183.0386330000172,58.01723500007938,3506.527799000196,428.5858585858586
1789905713,100,GET,GET /api/events?city,5.333333,0.000000,370,1400,2100,2200,2300,2500,2800,2900,3400,3400,3400,116,0,370,955.6781557241253,63.059676000193576,3407.1019660000275,153.04310344827587
1789905713,100,POST,POST /api/auth/login,1.777778,0.000000,3800,4000,4100,4500,4600,4600,4600,4600,4600,4600,4600,30,0,3800,3838.034492733367,2266.729508000026,4629.7412429998985,414.3
1789905713,100,POST,POST /api/auth/register,3.333333,0.000000,3200,3500,3500,3600,4200,4200,5100,5100,5100,5100,5100,30,0,3200,3103.719108699988,1617.3997679998138,5106.795447999957,131.76666666666668
1789905713,100,POST,POST /api/bookings [auth],0.000000,0.000000,240,280,290,320,330,370,370,370,370,370,370,20,0,290,307.74241444999006,133.92365700019582,664.1344429999663,263.15
1789905713,100,,Aggregated,33.666667,0.000000,750,1600,2200,2300,2900,3600,4000,4500,5100,5100,5100,678,0,590,1156.447624735984,58.01723500007938,5106.795447999957,266.283185840708
1789905714,100,GET,/api/events [warmup],10.000000,0.000000,1300,1500,1500,1500,1600,1800,2100,2200,2200,2200,2200,100,0,870,932.3714424399941,174.52460799995606,2176.077123000141,486.96
1789905714,100,DELETE,DELETE /api/bookings/{id} [auth],0.000000,0.000000,430,430,430,430,430,430,430,430,430,430,430,2,0,430,375.91114850010854,320.25129700014077,431.5710000000763,289.0
1789905714,100,GET,GET /api/bookings/me [auth],1.800000,0.000000,210,240,240,250,260,290,290,290,290,290,290,58,0,230,265.07561125863344,91.17346399989401,1681.2817429999996,161.79310344827587
1789905714,100,GET,GET /api/events,16.000000,0.000000,240,700,1700,2100,2300,2400,2800,3000,4100,4100,4100,314,0,250,796.5932870159135,60.37510199985263,4123.521510000046,198.89490445859872
1789905714,100,GET,GET /api/events/{id},6.800000,0.000000,270,1200,1600,2200,2900,3100,3500,3500,3500,3500,3500,130,0,280,950.4515987153985,58.01723500007938,3506.527799000196,428.44615384615383
1789905714,100,GET,GET /api/events?city,7.700000,0.000000,230,470,1400,2000,2200,2400,2700,2900,3400,3400,3400,159,0,230,748.788417540881,63.059676000193576,3407.1019660000275,145.91194968553458
1789905714,100,POST,POST /api/auth/login,3.000000,0.000000,3800,4000,4100,4500,4600,4600,4600,4600,4600,4600,4600,30,0,3800,3838.034492733367,2266.729508000026,4629.7412429998985,414.3
1789905714,100,POST,POST /api/auth/register,3.000000,0.000000,3200,3500,3500,3600,4200,4200,5100,5100,5100,5100,5100,30,0,3200,3103.719108699988,1617.3997679998138,5106.795447999957,131.76666666666668
1789905714,100,POST,POST /api/bookings [auth],0.700000,0.000000,290,300,330,330,370,400,410,410,410,410,410,31,0,290,307.80613674191807,133.92365700019582,664.1344429999663,263.38709677419354
1789905714,100,,Aggregated,49.000000,0.000000,290,1200,1800,2200,2500,3400,3900,4400,5100,5100,5100,854,0,320,960.0753028348928,58.01723500007938,5106.795447999957,262.94613583138175
1789905715,100,GET,/api/events [warmup],10.000000,0.000000,1300,1500,1500,1500,1600,1800,2100,2200,2200,2200,2200,100,0,870,932.3714424399941,174.52460799995606,2176.077123000141,486.96
1789905715,100,DELETE,DELETE /api/bookings/{id} [auth],0.100000,0.000000,380,380,430,430,430,430,430,430,430,430,430,7,0,380,342.5591105715934,175.72817800009943,431.5710000000763,288.85714285714283
1789905715,100,GET,GET /api/bookings/me [auth],3.700000,0.000000,200,240,250,250,270,290,310,530,530,530,530,70,0,220,254.07168164288123,69.68099000005168,1681.2817429999996,212.34285714285716
1789905715,100,GET,GET /api/events,24.300000,0.000000,230,340,950,1700,2200,2400,2500,3000,4100,4100,4100,390,0,240,679.217649405119,59.12250399978802,4123.521510000046,203.06923076923076
1789905715,100,GET,GET /api/events/{id},9.900000,0.000000,270,560,1400,1600,2800,3100,3400,3500,3500,3500,3500,157,0,280,835.6187881465108,58.01723500007938,3506.527799000196,428.36942675159236
1789905715,100,GET,GET /api/events?city,11.600000,0.000000,210,320,810,1400,2200,2400,2700,2900,3400,3400,3400,194,0,220,649.151092561854,63.059676000193576,3407.1019660000275,147.52061855670104
1789905715,100,POST,POST /api/auth/login,3.000000,0.000000,3800,4000,4100,4500,4600,4600,4600,4600,4600,4600,4600,30,0,3800,3838.034492733367,2266.729508000026,4629.7412429998985,414.3
1789905715,100,POST,POST /api/auth/register,3.000000,0.000000,3200,3500,3500,3600,4200,4200,5100,5100,5100,5100,5100,30,0,3200,3103.719108699988,1617.3997679998138,5106.795447999957,131.76666666666668
1789905715,100,POST,POST /api/bookings [auth],1.900000,0.000000,290,330,370,400,440,490,510,510,510,510,510,45,0,300,317.78206142217743,133.92365700019582,664.1344429999663,263.53333333333336
1789905715,100,,Aggregated,67.500000,0.000000,270,530,1400,1800,2400,3200,3800,4200,5100,5100,5100,1023,0,280,838.7050063577694,58.01723500007938,5106.795447999957,262.8475073313783
1789905716,100,GET,/api/events [warmup],6.500000,0.000000,1300,1500,1500,1500,1600,1800,2100,2200,2200,2200,2200,100,0,870,932.3714424399941,174.52460799995606,2176.077123000141,486.96
1789905716,100,DELETE,DELETE /api/bookings/{id} [auth],0.200000,0.000000,370,380,380,430,430,430,430,430,430,430,430,10,0,370,340.8680682000977,175.72817800009943,431.5710000000763,288.7
1789905716,100,GET,GET /api/bookings/me [auth],5.600000,0.000000,190,220,240,240,260,290,310,530,530,530,530,85,0,190,234.12192994119323,69.68099000005168,1681.2817429999996,270.29411764705884
1789905716,100,GET,GET /api/events,29.900000,0.000000,200,250,360,700,2200,2400,2500,2900,4100,4100,4100,465,0,210,593.3141980064502,59.12250399978802,4123.521510000046,204.36129032258066
1789905716,100,GET,GET /api/events/{id},12.400000,0.000000,230,340,560,1100,2600,3000,3400,3500,3500,3500,3500,184,0,240,734.0567133424123,58.01723500007938,3506.527799000196,428.3152173913044
1789905716,100,GET,GET /api/events?city,15.100000,0.000000,190,240,310,450,2200,2300,2500,2800,3400,3400,3400,242,0,200,548.7552887024858,57.86417400031496,3407.1019660000275,147.2520661157025
1789905716,100,POST,POST /api/auth/login,3.000000,0.000000,3800,4000,4100,4500,4600,4600,4600,4600,4600,4600,4600,30,0,3800,3838.034492733367,2266.729508000026,4629.7412429998985,414.3
1789905716,100,POST,POST /api/auth/register,3.000000,0.000000,3500,3600,3700,3700,4200,5100,5100,5100,5100,5100,5100,30,0,3200,3103.719108699988,1617.3997679998138,5106.795447999957,131.76666666666668
1789905716,100,POST,POST /api/bookings [auth],3.000000,0.000000,320,350,390,400,490,640,730,850,850,850,850,63,0,320,343.0989575555205,133.92365700019582,853.0110149999928,263.58730158730157
1789905716,100,,Aggregated,78.700000,0.000000,220,310,470,960,2300,3100,3800,4100,4600,5100,5100,1209,0,240,736.2864752142293,57.86417400031496,5106.795447999957,262.21588089330027
1789905717,100,GET,/api/events [warmup],6.500000,0.000000,870,1100,1200,1500,1900,2100,2200,2200,2200,2200,2200,100,0,870,932.3714424399941,174.52460799995606,2176.077123000141,486.96
1789905717,100,DELETE,DELETE /api/bookings/{id} [auth],0.700000,0.000000,360,370,380,380,430,430,430,430,430,430,430,13,0,320,315.28930146161935,154.104069999903,431.5710000000763,288.7692307692308
1789905717,100,GET,GET /api/bookings/me [auth],6.900000,0.000000,180,220,240,250,270,290,360,530,530,530,530,103,0,190,225.64519431068564,69.68099000005168,1681.2817429999996,332.2135922330097
1789905717,100,GET,GET /api/events,37.200000,0.000000,190,240,270,310,1000,2300,2500,2900,4100,4100,4100,531,0,210,542.395000312617,59.12250399978802,4123.521510000046,202.97175141242937
1789905717,100,GET,GET /api/events/{id},15.300000,0.000000,210,290,440,860,2400,2900,3400,3500,3500,3500,3500,205,0,230,676.3507051805036,58.01723500007938,3506.527799000196,428.2829268292683
1789905717,100,GET,GET /api/events?city,18.800000,0.000000,180,210,240,280,450,2300,2500,2800,3400,3400,3400,299,0,190,478.8857018963208,57.86417400031496,3407.1019660000275,155.81270903010034
1789905717,100,POST,POST /api/auth/login,3.000000,0.000000,3800,4000,4100,4500,4600,4600,4600,4600,4600,4600,4600,30,0,3800,3838.034492733367,2266.729508000026,4629.7412429998985,414.3
1789905717,100,POST,POST /api/auth/register,2.900000,0.000000,3500,3600,3700,3700,4200,5100,5100,5100,5100,5100,5100,30,0,3200,3103.719108699988,1617.3997679998138,5106.795447999957,131.76666666666668
1789905717,100,POST,POST /api/bookings [auth],4.400000,0.000000,320,350,390,400,480,530,730,850,850,850,850,75,0,320,338.2753339466399,133.92365700019582,853.0110149999928,263.58666666666664
1789905717,100,,Aggregated,95.700000,0.000000,200,260,310,380,1500,2500,3700,4000,4600,5100,5100,1386,0,230,666.703522987735,57.86417400031496,5106.795447999957,263.33549783549785
1789905718,100,GET,/api/events [warmup],3.000000,0.000000,870,1100,1200,1500,1900,2100,2200,2200,2200,2200,2200,100,0,870,932.3714424399941,174.52460799995606,2176.077123000141,486.96
1789905718,100,DELETE,DELETE /api/bookings/{id} [auth],1.000000,0.000000,340,370,380,430,430,460,460,460,460,460,460,16,0,340,321.98976600002993,154.104069999903,457.0105319999129,288.625
1789905718,100,GET,GET /api/bookings/me [auth],8.400000,0.000000,180,210,230,240,270,310,360,530,530,530,530,117,0,190,219.82435019657729,69.68099000005168,1681.2817429999996,384.3333333333333
1789905718,100,GET,GET /api/events,42.900000,0.000000,180,230,250,280,700,2300,2500,2800,4100,4100,4100,616,0,200,490.54814727273066,59.12250399978802,4123.521510000046,202.9788961038961
1789905718,100,GET,GET /api/events/{id},16.900000,0.000000,200,260,330,430,1800,2900,3400,3500,3500,3500,3500,223,0,210,635.2008876726617,47.62573100015288,3506.527799000196,428.26008968609864
1789905718,100,GET,GET /api/events?city,22.500000,0.000000,180,210,240,260,350,1400,2400,2700,3400,3400,3400,341,0,190,441.43964433723744,57.86417400031496,3407.1019660000275,156.19354838709677
1789905718,100,POST,POST /api/auth/login,3.000000,0.000000,3800,4000,4100,4500,4600,4600,4600,4600,4600,4600,4600,30,0,3800,3838.034492733367,2266.729508000026,4629.7412429998985,414.3
1789905718,100,POST,POST /api/auth/register,1.700000,0.000000,5100,5100,5100,5100,5100,5100,5100,5100,5100,5100,5100,30,0,3200,3103.719108699988,1617.3997679998138,5106.795447999957,131.76666666666668
1789905718,100,POST,POST /api/bookings [auth],6.100000,0.000000,320,350,370,390,450,530,730,850,850,850,850,88,0,320,336.485399420424,133.92365700019582,853.0110149999928,263.625
1789905718,100,,Aggregated,105.500000,0.000000,200,250,290,340,1000,2400,3600,3900,4600,5100,5100,1561,0,220,612.6394157943619,47.62573100015288,5106.795447999957,263.7162075592569
1789905719,100,GET,/api/events [warmup],3.000000,0.000000,710,1100,1200,1400,1800,1900,2100,2100,2100,2100,2100,100,0,870,932.3714424399941,174.52460799995606,2176.077123000141,486.96
1789905719,100,DELETE,DELETE /api/bookings/{id} [auth],1.300000,0.000000,340,370,380,380,430,460,460,460,460,460,460,18,0,340,322.0131700000163,154.104069999903,457.0105319999129,288.6111111111111
1789905719,100,GET,GET /api/bookings/me [auth],10.200000,0.000000,190,220,240,250,290,320,360,410,530,530,530,140,0,190,218.5042350142859,69.68099000005168,1681.2817429999996,462.45
1789905719,100,GET,GET /api/events,50.000000,0.000000,180,220,250,270,480,2000,2400,2500,4100,4100,4100,690,0,190,458.8942450449316,59.12250399978802,4123.521510000046,203.45072463768116
1789905719,100,GET,GET /api/events/{id},19.100000,0.000000,190,240,290,330,880,2500,2900,3000,3100,3100,3100,252,0,210,583.6116188174743,47.62573100015288,3506.527799000196,428.23015873015873
1789905719,100,GET,GET /api/events?city,28.400000,0.000000,180,210,240,260,330,810,2400,2500,2900,2900,2900,380,0,190,417.0872856578856,57.86417400031496,3407.1019660000275,159.52894736842106
1789905719,100,POST,POST /api/auth/login,3.000000,0.000000,3800,3900,4500,4500,4600,4600,4600,4600,4600,4600,4600,30,0,3800,3838.034492733367,2266.729508000026,4629.7412429998985,414.3
1789905719,100,POST,POST /api/auth/register,1.700000,0.000000,5100,5100,5100,5100,5100,5100,5100,5100,5100,5100,5100,30,0,3200,3103.719108699988,1617.3997679998138,5106.795447999957,131.76666666666668
1789905719,100,POST,POST /api/bookings [auth],7.500000,0.000000,330,350,390,410,480,610,730,850,850,850,850,100,0,330,341.2445893499717,133.92365700019582,853.0110149999928,263.64
1789905719,100,,Aggregated,124.200000,0.000000,200,240,280,320,610,2300,2900,3800,4600,4600,4600,1740,0,220,571.3800958373556,47.62573100015288,5106.795447999957,270.2850574712644
1789905720,100,GET,/api/events [warmup],3.000000,0.000000,710,1100,1200,1400,1800,1900,2100,2100,2100,2100,2100,100,0,870,932.3714424399941,174.52460799995606,2176.077123000141,486.96
1789905720,100,DELETE,DELETE /api/bookings/{id} [auth],1.600000,0.000000,340,370,380,400,430,460,460,460,460,460,460,20,0,340,312.0225393000055,42.985895999663626,457.0105319999129,288.65
1789905720,100,GET,GET /api/bookings/me [auth],11.600000,0.000000,190,220,250,260,310,360,450,500,530,530,530,158,0,190,219.58147513291632,23.71635300005437,1681.2817429999996,520.379746835443
1789905720,100,GET,GET /api/events,55.400000,0.000000,180,220,250,270,360,470,920,1100,2800,2800,2800,762,0,200,438.47002967979216,9.745828999712103,4123.521510000046,201.40813648293963
1789905720,100,GET,GET /api/events/{id},19.800000,0.000000,190,240,280,310,440,880,1800,3000,3100,3100,3100,279,0,210,550.556458698936,7.393351999780862,3506.527799000196,428.2078853046595
1789905720,100,GET,GET /api/events?city,30.600000,0.000000,180,210,230,240,310,370,490,810,1700,1700,1700,417,0,190,397.56483988248607,9.996752999995806,3407.1019660000275,156.58992805755395
1789905720,100,POST,POST /api/auth/login,2.900000,0.000000,3800,3800,3800,3800,3900,3900,3900,3900,3900,3900,3900,30,0,3800,3838.034492733367,2266.729508000026,4629.7412429998985,414.3
1789905720,100,POST,POST /api/auth/register,0.100000,0.000000,5100,5100,5100,5100,5100,5100,5100,5100,5100,5100,5100,30,0,3200,3103.719108699988,1617.3997679998138,5106.795447999957,131.76666666666668
1789905720,100,POST,POST /api/bookings [auth],8.700000,0.000000,320,350,390,410,480,610,730,850,850,850,850,106,0,320,336.62702623582686,133.92365700019582,853.0110149999928,263.70754716981133
1789905720,100,,Aggregated,133.700000,0.000000,190,240,270,300,410,610,1500,3000,3900,3900,3900,1902,0,220,542.381963064668,7.393351999780862,5106.795447999957,273.0099894847529
1789905721,100,GET,/api/events [warmup],3.000000,0.000000,710,1100,1200,1400,1800,1900,2100,2100,2100,2100,2100,100,0,870,932.3714424399941,174.52460799995606,2176.077123000141,486.96
1789905721,100,DELETE,DELETE /api/bookings/{id} [auth],1.800000,0.000000,360,380,430,490,710,740,810,810,810,810,810,31,0,350,375.0472140322927,42.985895999663626,813.487245000033,288.741935483871
1789905721,100,GET,GET /api/bookings/me [auth],13.600000,0.000000,190,220,250,260,310,360,450,500,530,530,530,168,0,190,217.85811460714618,23.71635300005437,1681.2817429999996,547.952380952381
1789905721,100,GET,GET /api/events,62.200000,0.000000,170,200,230,240,300,360,420,440,590,590,590,835,0,190,415.5203764047954,9.745828999712103,4123.521510000046,203.64790419161676
1789905721,100,GET,GET /api/events/{id},22.500000,0.000000,170,210,250,270,340,410,460,470,490,490,490,310,0,190,512.1116816645272,7.393351999780862,3506.527799000196,428.18709677419355
1789905721,100,GET,GET /api/events?city,34.200000,0.000000,170,200,220,230,280,320,370,410,560,560,560,465,0,190,373.1194479483832,9.996752999995806,3407.1019660000275,156.43440860215054
1789905721,100,POST,POST /api/auth/login,2.900000,0.000000,3800,3800,3800,3800,3900,3900,3900,3900,3900,3900,3900,30,0,3800,3838.034492733367,2266.729508000026,4629.7412429998985,414.3
1789905721,100,POST,POST /api/auth/register,0.100000,0.000000,5100,5100,5100,5100,5100,5100,5100,5100,5100,5100,5100,30,0,3200,3103.719108699988,1617.3997679998138,5106.795447999957,131.76666666666668
1789905721,100,POST,POST /api/bookings [auth],9.900000,0.000000,330,360,410,420,530,640,730,780,850,850,850,118,0,330,350.53543531353574,133.92365700019582,853.0110149999928,263.8220338983051
1789905721,100,,Aggregated,150.200000,0.000000,180,220,250,270,340,400,470,590,810,850,850,2087,0,210,512.8386389329197,7.393351999780862,5106.795447999957,274.43315764254913
1789905722,100,GET,/api/events [warmup],2.900000,0.000000,710,1100,1200,1400,1800,1900,2100,2100,2100,2100,2100,100,0,870,932.3714424399941,174.52460799995606,2176.077123000141,486.96
1789905722,100,DELETE,DELETE /api/bookings/{id} [auth],1.900000,0.000000,350,380,430,460,640,740,810,810,810,810,810,33,0,340,371.60332678791804,42.985895999663626,813.487245000033,288.75757575757575
1789905722,100,GET,GET /api/bookings/me [auth],15.600000,0.000000,180,220,240,250,290,360,410,500,530,530,530,188,0,190,211.54790983511006,23.71635300005437,1681.2817429999996,606.8031914893617
1789905722,100,GET,GET /api/events,69.400000,0.000000,170,200,220,240,300,350,420,440,590,590,590,907,0,180,394.2218157916205,9.745828999712103,4123.521510000046,201.44432194046306
1789905722,100,GET,GET /api/events/{id},24.400000,0.000000,170,200,240,260,340,410,460,470,490,490,490,341,0,190,479.71043221408615,7.393351999780862,3506.527799000196,428.1700879765396
1789905722,100,GET,GET /api/events?city,37.900000,0.000000,170,200,210,220,270,320,370,400,560,560,560,518,0,180,349.37737669884547,9.996752999995806,3407.1019660000275,154.52316602316603
1789905722,100,POST,POST /api/auth/login,2.400000,0.000000,3800,3800,3800,3800,3900,3900,3900,3900,3900,3900,3900,30,0,3800,3838.034492733367,2266.729508000026,4629.7412429998985,414.3
1789905722,100,POST,POST /api/auth/register,0.000000,0.000000,5100,5100,5100,5100,5100,5100,5100,5100,5100,5100,5100,30,0,3200,3103.719108699988,1617.3997679998138,5106.795447999957,131.76666666666668
1789905722,100,POST,POST /api/bookings [auth],10.600000,0.000000,330,370,410,440,540,650,730,780,850,850,850,134,0,330,348.11867558953884,133.92365700019582,853.0110149999928,263.94029850746267
1789905722,100,,Aggregated,165.100000,0.000000,180,210,240,270,340,400,470,590,810,850,850,2281,0,200,483.2483547071473,7.393351999780862,5106.795447999957,277.42788250767205
1789905723,100,GET,/api/events [warmup],2.800000,0.000000,710,1100,1200,1400,1800,1900,2100,2100,2100,2100,2100,100,0,870,932.3714424399941,174.52460799995606,2176.077123000141,486.96
1789905723,100,DELETE,DELETE /api/bookings/{id} [auth],3.000000,0.000000,340,370,400,430,640,740,810,810,810,810,810,41,0,340,360.6430944634512,42.985895999663626,813.487245000033,288.8536585365854
1789905723,100,GET,GET /api/bookings/me [auth],16.800000,0.000000,170,210,240,260,320,380,450,500,530,530,530,204,0,190,211.40004889706265,23.71635300005437,1681.2817429999996,655.7990196078431
1789905723,100,GET,GET /api/events,73.200000,0.000000,160,190,220,240,300,350,420,440,590,590,590,984,0,180,375.2721919288641,9.745828999712103,4123.521510000046,201.4502032520325
1789905723,100,GET,GET /api/events/{id},26.800000,0.000000,170,190,230,260,340,420,460,470,490,490,490,368,0,190,455.8946486875083,7.393351999780862,3506.527799000196,428.1576086956522
1789905723,100,GET,GET /api/events?city,41.100000,0.000000,160,190,210,220,270,320,370,400,560,560,560,556,0,180,336.98284632554174,9.996752999995806,3407.1019660000275,160.17446043165467
1789905723,100,POST,POST /api/auth/login,1.400000,0.000000,3800,3800,3800,3800,3900,3900,3900,3900,3900,3900,3900,30,0,3800,3838.034492733367,2266.729508000026,4629.7412429998985,414.3
1789905723,100,POST,POST /api/auth/register,0.000000,0.000000,5100,5100,5100,5100,5100,5100,5100,5100,5100,5100,5100,30,0,3200,3103.719108699988,1617.3997679998138,5106.795447999957,131.76666666666668
1789905723,100,POST,POST /api/bookings [auth],11.800000,0.000000,340,390,420,450,540,650,730,780,850,850,850,141,0,320,348.76970237587403,133.92365700019582,853.0110149999928,263.97872340425533
1789905723,100,,Aggregated,176.900000,0.000000,170,210,240,260,340,400,470,590,810,850,850,2454,0,200,461.6861398948677,7.393351999780862,5106.795447999957,282.30277098614505
1789905724,100,GET,/api/events [warmup],0.000000,0.000000,710,1100,1200,1400,1800,1900,2100,2100,2100,2100,2100,100,0,870,932.3714424399941,174.52460799995606,2176.077123000141,486.96
1789905724,100,DELETE,DELETE /api/bookings/{id} [auth],3.200000,0.000000,340,370,390,400,640,740,810,810,810,810,810,44,0,340,361.1701465682183,42.985895999663626,813.487245000033,288.9318181818182
1789905724,100,GET,GET /api/bookings/me [auth],16.900000,0.000000,180,210,250,260,320,360,410,450,500,500,500,219,0,190,212.93299334702874,23.71635300005437,1681.2817429999996,705.0913242009133
1789905724,100,GET,GET /api/events,74.100000,0.000000,170,200,220,240,290,350,400,440,590,590,590,1063,0,180,363.82186562653084,9.745828999712103,4123.521510000046,203.19661335841957
1789905724,100,GET,GET /api/events/{id},26.900000,0.000000,170,190,220,250,300,340,430,460,470,470,470,400,0,190,437.45384048251003,7.393351999780862,3506.527799000196,428.145
1789905724,100,GET,GET /api/events?city,43.400000,0.000000,160,200,210,220,270,300,370,410,560,560,560,587,0,180,330.39685526916736,9.996752999995806,3407.1019660000275,162.01703577512777
1789905724,100,POST,POST /api/auth/login,0.000000,0.000000,3800,3800,3800,3800,3900,3900,3900,3900,3900,3900,3900,30,0,3800,3838.034492733367,2266.729508000026,4629.7412429998985,414.3
1789905724,100,POST,POST /api/auth/register,0.000000,0.000000,5100,5100,5100,5100,5100,5100,5100,5100,5100,5100,5100,30,0,3200,3103.719108699988,1617.3997679998138,5106.795447999957,131.76666666666668
1789905724,100,POST,POST /api/bookings [auth],12.600000,0.000000,340,410,450,480,590,680,760,780,850,850,850,156,0,330,360.50413428844985,133.92365700019582,853.0110149999928,264.05128205128204
1789905724,100,,Aggregated,177.100000,0.000000,180,210,240,260,330,400,480,590,810,850,850,2629,0,200,447.2876921357952,7.393351999780862,5106.795447999957,287.46976036515787
1789905725,100,GET,/api/events [warmup],0.000000,0.000000,710,1100,1200,1400,1800,1900,2100,2100,2100,2100,2100,100,0,870,932.3714424399941,174.52460799995606,2176.077123000141,486.96
1789905725,100,DELETE,DELETE /api/bookings/{id} [auth],4.000000,0.000000,340,370,400,460,640,740,810,810,810,810,810,44,0,340,361.1701465682183,42.985895999663626,813.487245000033,288.9318181818182
1789905725,100,GET,GET /api/bookings/me [auth],16.600000,0.000000,190,230,270,290,360,410,450,500,500,500,500,238,0,190,218.94815287394997,23.71635300005437,1681.2817429999996,767.3235294117648
1789905725,100,GET,GET /api/events,73.800000,0.000000,170,210,240,250,310,370,430,440,590,590,590,1124,0,180,356.84728123576593,9.745828999712103,4123.521510000046,202.11654804270464
1789905725,100,GET,GET /api/events/{id},26.900000,0.000000,170,210,250,270,320,400,430,460,470,470,470,432,0,190,421.74241184723104,7.393351999780862,3506.527799000196,428.13425925925924
1789905725,100,GET,GET /api/events?city,43.700000,0.000000,170,200,220,240,280,350,400,430,560,560,560,624,0,180,324.1935705721175,9.996752999995806,3407.1019660000275,164.02083333333334
1789905725,100,POST,POST /api/auth/login,0.000000,0.000000,3800,3800,3800,3800,3900,3900,3900,3900,3900,3900,3900,30,0,3800,3838.034492733367,2266.729508000026,4629.7412429998985,414.3
1789905725,100,POST,POST /api/auth/register,0.000000,0.000000,5100,5100,5100,5100,5100,5100,5100,5100,5100,5100,5100,30,0,3200,3103.719108699988,1617.3997679998138,5106.795447999957,131.76666666666668
1789905725,100,POST,POST /api/bookings [auth],12.100000,0.000000,340,410,450,480,590,640,700,760,780,780,780,170,0,330,359.1747167294029,133.92365700019582,853.0110149999928,264.11176470588236
1789905725,100,,Aggregated,177.100000,0.000000,180,230,260,280,350,410,480,590,780,810,810,2792,0,200,435.5789595372512,7.393351999780862,5106.795447999957,293.62285100286533
1789905726,100,GET,/api/events [warmup],0.000000,0.000000,710,1100,1200,1400,1800,1900,2100,2100,2100,2100,2100,100,0,870,932.3714424399941,174.52460799995606,2176.077123000141,486.96
1789905726,100,DELETE,DELETE /api/bookings/{id} [auth],4.200000,0.000000,350,380,400,490,700,740,810,810,810,810,810,47,0,340,366.96580523407937,42.985895999663626,813.487245000033,288.97872340425533
1789905726,100,GET,GET /api/bookings/me [auth],16.300000,0.000000,190,230,260,280,360,410,450,500,500,500,500,253,0,190,216.61393710672002,23.71635300005437,1681.2817429999996,817.5494071146245
1789905726,100,GET,GET /api/events,74.500000,0.000000,170,210,240,250,310,370,430,440,590,590,590,1199,0,190,346.26861888407257,9.745828999712103,4123.521510000046,198.75062552126772
1789905726,100,GET,GET /api/events/{id},27.000000,0.000000,170,210,250,260,320,400,430,460,470,470,470,449,0,190,412.128352688205,7.393351999780862,3506.527799000196,428.1291759465479
1789905726,100,GET,GET /api/events?city,42.800000,0.000000,170,200,220,230,280,350,400,430,560,560,560,672,0,180,312.88094640922793,9.996752999995806,3407.1019660000275,162.74553571428572
1789905726,100,POST,POST /api/auth/login,0.000000,0.000000,3800,3800,3800,3800,3900,3900,3900,3900,3900,3900,3900,30,0,3800,3838.034492733367,2266.729508000026,4629.7412429998985,414.3
1789905726,100,POST,POST /api/auth/register,0.000000,0.000000,5100,5100,5100,5100,5100,5100,5100,5100,5100,5100,5100,30,0,3200,3103.719108699988,1617.3997679998138,5106.795447999957,131.76666666666668
1789905726,100,POST,POST /api/bookings [auth],12.400000,0.000000,350,420,450,510,590,650,700,760,780,780,780,184,0,340,363.2157192825972,133.92365700019582,853.0110149999928,264.1576086956522
1789905726,100,,Aggregated,177.200000,0.000000,180,220,260,280,360,420,500,600,780,810,810,2964,0,200,422.01412414136536,7.393351999780862,5106.795447999957,294.8724696356275
1789905727,100,GET,/api/events [warmup],0.000000,0.000000,710,1100,1200,1400,1800,1900,2100,2100,2100,2100,2100,100,0,870,932.3714424399941,174.52460799995606,2176.077123000141,486.96
1789905727,100,DELETE,DELETE /api/bookings/{id} [auth],3.700000,0.000000,350,390,400,490,700,740,810,810,810,810,810,53,0,340,368.5883663773859,42.985895999663626,813.487245000033,289.0943396226415
1789905727,100,GET,GET /api/bookings/me [auth],16.800000,0.000000,200,260,280,310,360,410,450,500,500,500,500,270,0,190,218.8726173518564,23.71635300005437,1681.2817429999996,874.0851851851852
1789905727,100,GET,GET /api/events,72.700000,0.000000,180,210,240,250,320,370,430,440,590,590,590,1259,0,190,338.61627343526925,9.745828999712103,4123.521510000046,200.83399523431294
1789905727,100,GET,GET /api/events/{id},27.100000,0.000000,170,200,250,270,320,400,430,460,470,470,470,476,0,190,399.97337413445945,7.393351999780862,3506.527799000196,428.1218487394958
1789905727,100,GET,GET /api/events?city,43.100000,0.000000,180,200,220,230,290,350,400,430,560,560,560,726,0,180,304.8048583774111,9.996752999995806,3407.1019660000275,163.133608815427
1789905727,100,POST,POST /api/auth/login,0.000000,0.000000,3800,3800,3800,3800,3900,3900,3900,3900,3900,3900,3900,30,0,3800,3838.034492733367,2266.729508000026,4629.7412429998985,414.3
1789905727,100,POST,POST /api/auth/register,0.000000,0.000000,0,0,0,0,0,0,0,0,0,0,0,30,0,3200,3103.719108699988,1617.3997679998138,5106.795447999957,131.76666666666668
1789905727,100,POST,POST /api/bookings [auth],12.400000,0.000000,370,430,450,510,590,650,700,760,780,780,780,195,0,330,362.92506916921786,133.92365700019582,853.0110149999928,264.1948717948718
1789905727,100,,Aggregated,175.800000,0.000000,190,230,260,290,360,420,500,600,780,810,810,3139,0,200,410.60352736636037,7.393351999780862,5106.795447999957,300.4115960496974
1789905728,100,GET,/api/events [warmup],0.000000,0.000000,710,1100,1200,1400,1800,1900,2100,2100,2100,2100,2100,100,0,870,932.3714424399941,174.52460799995606,2176.077123000141,486.96
1789905728,100,DELETE,DELETE /api/bookings/{id} [auth],3.600000,0.000000,350,390,400,490,700,740,810,810,810,810,810,56,0,340,366.13645675003323,42.985895999663626,813.487245000033,289.10714285714283
1789905728,100,GET,GET /api/bookings/me [auth],16.900000,0.000000,210,260,290,310,380,410,450,500,500,500,500,290,0,200,219.91154262414358,23.71635300005437,1681.2817429999996,954.2793103448275
1789905728,100,GET,GET /api/events,73.300000,0.000000,180,210,240,260,320,380,430,450,590,590,590,1332,0,180,329.95230217642813,9.745828999712103,4123.521510000046,199.69894894894895
1789905728,100,GET,GET /api/events/{id},26.500000,0.000000,180,200,240,260,320,400,430,460,470,470,470,499,0,190,389.36297305010316,7.393351999780862,3506.527799000196,428.11623246492985
1789905728,100,GET,GET /api/events?city,42.900000,0.000000,170,200,220,230,290,360,410,450,560,560,560,764,0,180,299.1886559450265,9.996752999995806,3407.1019660000275,167.3782722513089
1789905728,100,POST,POST /api/auth/login,0.000000,0.000000,3800,3800,3800,3800,3900,3900,3900,3900,3900,3900,3900,30,0,3800,3838.034492733367,2266.729508000026,4629.7412429998985,414.3
1789905728,100,POST,POST /api/auth/register,0.000000,0.000000,0,0,0,0,0,0,0,0,0,0,0,30,0,3200,3103.719108699988,1617.3997679998138,5106.795447999957,131.76666666666668
1789905728,100,POST,POST /api/bookings [auth],12.200000,0.000000,350,420,450,480,580,650,700,760,780,780,780,207,0,340,361.1704155603742,133.92365700019582,853.0110149999928,264.22705314009664
1789905728,100,,Aggregated,175.400000,0.000000,190,220,260,290,370,420,490,590,780,810,810,3308,0,200,399.9089300000008,7.393351999780862,5106.795447999957,308.406892382104
1789905729,100,GET,/api/events [warmup],0.000000,0.000000,0,0,0,0,0,0,0,0,0,0,0,100,0,870,932.3714424399941,174.52460799995606,2176.077123000141,486.96
1789905729,100,DELETE,DELETE /api/bookings/{id} [auth],3.900000,0.000000,360,390,400,490,640,710,810,810,810,810,810,60,0,350,367.2861782666966,42.985895999663626,813.487245000033,289.1666666666667
1789905729,100,GET,GET /api/bookings/me [auth],16.500000,0.000000,210,260,290,310,360,400,450,450,500,500,500,306,0,200,221.9334116960845,23.71635300005437,1681.2817429999996,994.8006535947712
1789905729,100,GET,GET /api/events,72.500000,0.000000,170,200,220,240,280,330,390,440,590,590,590,1418,0,180,320.38669319746276,9.745828999712103,4123.521510000046,199.79760225669958
1789905729,100,GET,GET /api/events/{id},26.700000,0.000000,180,200,230,250,310,360,420,450,470,470,470,531,0,190,378.4423095951068,7.393351999780862,3506.527799000196,428.1092278719397
1789905729,100,GET,GET /api/events?city,42.100000,0.000000,180,200,220,230,280,330,390,450,560,560,560,809,0,180,293.7597233152065,9.996752999995806,3407.1019660000275,166.52904820766378
1789905729,100,POST,POST /api/auth/login,0.000000,0.000000,0,0,0,0,0,0,0,0,0,0,0,30,0,3800,3838.034492733367,2266.729508000026,4629.7412429998985,414.3
1789905729,100,POST,POST /api/auth/register,0.000000,0.000000,0,0,0,0,0,0,0,0,0,0,0,30,0,3200,3103.719108699988,1617.3997679998138,5106.795447999957,131.76666666666668
1789905729,100,POST,POST /api/bookings [auth],12.000000,0.000000,350,420,450,480,580,670,700,760,780,780,780,219,0,330,359.91881082647575,133.92365700019582,853.0110149999928,264.25570776255705
1789905729,100,,Aggregated,173.700000,0.000000,180,220,250,280,340,410,490,590,780,810,810,3503,0,200,389.1446132012573,7.393351999780862,5106.795447999957,311.1818441335998
1789905730,100,GET,/api/events [warmup],0.000000,0.000000,0,0,0,0,0,0,0,0,0,0,0,100,0,870,932.3714424399941,174.52460799995606,2176.077123000141,486.96
1789905730,100,DELETE,DELETE /api/bookings/{id} [auth],4.000000,0.000000,360,390,440,450,540,660,700,700,700,700,700,64,0,360,376.35351970315156,42.985895999663626,813.487245000033,289.203125
1789905730,100,GET,GET /api/bookings/me [auth],17.300000,0.000000,210,260,290,310,350,400,430,450,500,500,500,322,0,200,222.19191064286218,23.71635300005437,1681.2817429999996,1046.8354037267081
1789905730,100,GET,GET /api/events,71.700000,0.000000,170,210,230,250,280,320,380,430,590,590,590,1496,0,180,314.3064810454555,9.745828999712103,4123.521510000046,199.21858288770053
1789905730,100,GET,GET /api/events/{id},27.600000,0.000000,180,210,230,250,310,350,410,420,470,470,470,556,0,190,369.86004248741267,7.393351999780862,3506.527799000196,428.1043165467626
1789905730,100,GET,GET /api/events?city,42.700000,0.000000,180,210,220,240,290,350,400,450,480,480,480,848,0,180,290.468358516514,9.996752999995806,3407.1019660000275,167.0436320754717
1789905730,100,POST,POST /api/auth/login,0.000000,0.000000,0,0,0,0,0,0,0,0,0,0,0,30,0,3800,3838.034492733367,2266.729508000026,4629.7412429998985,414.3
1789905730,100,POST,POST /api/auth/register,0.000000,0.000000,0,0,0,0,0,0,0,0,0,0,0,30,0,3200,3103.719108699988,1617.3997679998138,5106.795447999957,131.76666666666668
1789905730,100,POST,POST /api/bookings [auth],12.000000,0.000000,360,420,450,470,560,610,670,680,760,760,760,232,0,340,365.86018779740147,133.92365700019582,853.0110149999928,264.28879310344826
1789905730,100,,Aggregated,175.300000,0.000000,190,230,260,280,340,400,470,560,700,760,760,3678,0,200,381.7736768985874,7.393351999780862,5106.795447999957,315.305328983143
1789905731,100,GET,/api/events [warmup],0.000000,0.000000,0,0,0,0,0,0,0,0,0,0,0,100,0,870,932.3714424399941,174.52460799995606,2176.077123000141,486.96
1789905731,100,DELETE,DELETE /api/bookings/{id} [auth],4.100000,0.000000,360,390,440,450,540,660,700,700,700,700,700,71,0,360,379.2804919295942,42.985895999663626,813.487245000033,289.2535211267606
1789905731,100,GET,GET /api/bookings/me [auth],16.900000,0.000000,210,270,290,310,360,400,450,450,500,500,500,336,0,200,219.5453181904783,23.71635300005437,1681.2817429999996,1097.5982142857142
1789905731,100,GET,GET /api/events,72.800000,0.000000,180,210,230,250,280,320,390,430,480,480,480,1567,0,180,307.5445001595431,9.745828999712103,4123.521510000046,197.6911295469049
1789905731,100,GET,GET /api/events/{id},28.000000,0.000000,180,210,230,250,310,350,400,420,470,470,470,589,0,180,357.84549379626634,7.393351999780862,3506.527799000196,428.0984719864177
1789905731,100,GET,GET /api/events?city,42.800000,0.000000,180,210,230,240,300,350,400,450,480,480,480,887,0,180,284.60635468884414,9.996752999995806,3407.1019660000275,167.9954904171364
1789905731,100,POST,POST /api/auth/login,0.000000,0.000000,0,0,0,0,0,0,0,0,0,0,0,30,0,3800,3838.034492733367,2266.729508000026,4629.7412429998985,414.3
1789905731,100,POST,POST /api/auth/register,0.000000,0.000000,0,0,0,0,0,0,0,0,0,0,0,30,0,3200,3103.719108699988,1617.3997679998138,5106.795447999957,131.76666666666668
1789905731,100,POST,POST /api/bookings [auth],11.800000,0.000000,370,420,460,480,570,610,670,680,760,760,760,242,0,340,365.75131514048223,133.92365700019582,853.0110149999928,264.31404958677683
1789905731,100,,Aggregated,176.400000,0.000000,190,230,260,280,350,410,480,560,700,760,760,3852,0,200,372.7509804244563,7.393351999780862,5106.795447999957,319.13707165109037
1789905732,100,GET,/api/events [warmup],0.000000,0.000000,0,0,0,0,0,0,0,0,0,0,0,100,0,870,932.3714424399941,174.52460799995606,2176.077123000141,486.96
1789905732,100,DELETE,DELETE /api/bookings/{id} [auth],4.500000,0.000000,370,430,450,520,600,700,820,820,820,820,820,74,0,360,384.93117302704303,42.985895999663626,816.6301639998892,289.2837837837838
1789905732,100,GET,GET /api/bookings/me [auth],16.400000,0.000000,210,270,300,310,360,400,450,450,500,500,500,343,0,200,218.92359543731928,23.71635300005437,1681.2817429999996,1117.0466472303208
1789905732,100,GET,GET /api/events,72.500000,0.000000,190,210,240,250,290,340,390,440,720,720,720,1631,0,180,303.44108123544106,9.745828999712103,4123.521510000046,196.36909871244634
1789905732,100,GET,GET /api/events/{id},27.800000,0.000000,180,210,240,250,310,350,410,430,480,480,480,618,0,180,349.81333169417644,7.393351999780862,3506.527799000196,428.0938511326861
1789905732,100,GET,GET /api/events?city,43.100000,0.000000,190,210,230,250,310,350,400,450,480,480,480,931,0,180,280.24395181203624,9.996752999995806,3407.1019660000275,166.88721804511277
1789905732,100,POST,POST /api/auth/login,0.000000,0.000000,0,0,0,0,0,0,0,0,0,0,0,30,0,3800,3838.034492733367,2266.729508000026,4629.7412429998985,414.3
1789905732,100,POST,POST /api/auth/register,0.000000,0.000000,0,0,0,0,0,0,0,0,0,0,0,30,0,3200,3103.719108699988,1617.3997679998138,5106.795447999957,131.76666666666668
1789905732,100,POST,POST /api/bookings [auth],12.300000,0.000000,380,440,480,510,580,630,680,760,810,810,810,263,0,340,372.1442259391502,133.92365700019582,853.0110149999928,264.34980988593156
1789905732,100,,Aggregated,176.600000,0.000000,200,230,270,290,360,420,510,600,810,820,820,4020,0,200,366.9013794445289,7.393351999780862,5106.795447999957,318.2507462686567
1789905733,100,GET,/api/events [warmup],0.000000,0.000000,0,0,0,0,0,0,0,0,0,0,0,100,0,870,932.3714424399941,174.52460799995606,2176.077123000141,486.96
1789905733,100,DELETE,DELETE /api/bookings/{id} [auth],3.900000,0.000000,380,440,470,520,660,700,820,820,820,820,820,80,0,360,389.3854058625152,42.985895999663626,816.6301639998892,289.325
1789905733,100,GET,GET /api/bookings/me [auth],16.700000,0.000000,210,260,300,310,370,400,450,450,500,500,500,363,0,200,218.68138402204093,23.71635300005437,1681.2817429999996,1201.5013774104684
1789905733,100,GET,GET /api/events,72.700000,0.000000,180,200,220,240,290,340,390,440,720,720,720,1706,0,180,297.4730374372815,9.745828999712103,4123.521510000046,197.51758499413833
1789905733,100,GET,GET /api/events/{id},27.600000,0.000000,180,200,220,240,300,350,410,430,480,480,480,639,0,180,344.4473710391248,7.393351999780862,3506.527799000196,428.0907668231612
1789905733,100,GET,GET /api/events?city,42.300000,0.000000,190,210,230,240,310,350,400,450,480,480,480,982,0,180,275.37237430652345,9.996752999995806,3407.1019660000275,166.84623217922606
1789905733,100,POST,POST /api/auth/login,0.000000,0.000000,0,0,0,0,0,0,0,0,0,0,0,30,0,3800,3838.034492733367,2266.729508000026,4629.7412429998985,414.3
1789905733,100,POST,POST /api/auth/register,0.000000,0.000000,0,0,0,0,0,0,0,0,0,0,0,30,0,3200,3103.719108699988,1617.3997679998138,5106.795447999957,131.76666666666668
1789905733,100,POST,POST /api/bookings [auth],12.400000,0.000000,370,440,460,480,570,630,670,680,810,810,810,271,0,340,372.42905386345524,133.92365700019582,853.0110149999928,264.36162361623616
1789905733,100,,Aggregated,175.600000,0.000000,190,220,250,280,360,420,500,600,810,820,820,4201,0,200,359.66597102689934,7.393351999780862,5106.795447999957,326.2006665079743
1789905734,100,GET,/api/events [warmup],0.000000,0.000000,0,0,0,0,0,0,0,0,0,0,0,100,0,870,932.3714424399941,174.52460799995606,2176.077123000141,486.96
1789905734,100,DELETE,DELETE /api/bookings/{id} [auth],4.200000,0.000000,410,440,470,520,640,680,820,820,820,820,820,86,0,370,392.6596120930372,42.985895999663626,816.6301639998892,289.3488372093023
1789905734,100,GET,GET /api/bookings/me [auth],15.400000,0.000000,210,240,280,290,330,370,400,410,430,430,430,375,0,200,218.7104460853357,23.71635300005437,1681.2817429999996,1240.616
1789905734,100,GET,GET /api/events,72.500000,0.000000,170,200,210,230,260,310,370,420,720,720,720,1784,0,180,292.4351215257869,9.745828999712103,4123.521510000046,196.41199551569505
1789905734,100,GET,GET /api/events/{id},27.300000,0.000000,180,200,220,230,270,330,350,390,480,480,480,665,0,180,339.31599929624065,7.393351999780862,3506.527799000196,428.08721804511276
1789905734,100,GET,GET /api/events?city,41.500000,0.000000,180,210,220,230,280,340,390,420,460,460,460,1018,0,180,272.4976155432293,9.996752999995806,3407.1019660000275,169.26817288801573
1789905734,100,POST,POST /api/auth/login,0.000000,0.000000,0,0,0,0,0,0,0,0,0,0,0,30,0,3800,3838.034492733367,2266.729508000026,4629.7412429998985,414.3
1789905734,100,POST,POST /api/auth/register,0.000000,0.000000,0,0,0,0,0,0,0,0,0,0,0,30,0,3200,3103.719108699988,1617.3997679998138,5106.795447999957,131.76666666666668
1789905734,100,POST,POST /api/bookings [auth],12.700000,0.000000,370,440,460,490,560,630,670,680,810,810,810,282,0,350,372.2995706524676,133.92365700019582,853.0110149999928,264.3829787234043
1789905734,100,,Aggregated,173.600000,0.000000,190,220,240,260,340,410,500,600,810,820,820,4370,0,200,354.00808789244945,7.393351999780862,5106.795447999957,328.8652173913043
1789905735,100,GET,/api/events [warmup],0.000000,0.000000,0,0,0,0,0,0,0,0,0,0,0,100,0,870,932.3714424399941,174.52460799995606,2176.077123000141,486.96
1789905735,100,DELETE,DELETE /api/bookings/{id} [auth],3.800000,0.000000,410,440,470,520,640,680,900,900,900,900,900,92,0,370,399.36950816305585,42.985895999663626,895.7877630000439,289.3804347826087
1789905735,100,GET,GET /api/bookings/me [auth],15.300000,0.000000,210,250,290,300,340,390,410,430,430,430,430,389,0,200,218.7127361748092,23.71635300005437,1681.2817429999996,1290.3830334190231
1789905735,100,GET,GET /api/events,71.700000,0.000000,180,200,220,230,260,310,370,420,720,720,720,1846,0,180,288.5565727762748,9.745828999712103,4123.521510000046,197.29414951245937
1789905735,100,GET,GET /api/events/{id},26.900000,0.000000,180,200,220,230,280,330,360,420,480,480,480,691,0,180,333.6364983690295,7.393351999780862,3506.527799000196,428.0839363241679
1789905735,100,GET,GET /api/events?city,41.900000,0.000000,190,210,230,240,300,350,390,410,460,460,460,1071,0,180,269.33500095332226,9.996752999995806,3407.1019660000275,170.90569561157795
1789905735,100,POST,POST /api/auth/login,0.000000,0.000000,0,0,0,0,0,0,0,0,0,0,0,30,0,3800,3838.034492733367,2266.729508000026,4629.7412429998985,414.3
1789905735,100,POST,POST /api/auth/register,0.000000,0.000000,0,0,0,0,0,0,0,0,0,0,0,30,0,3200,3103.719108699988,1617.3997679998138,5106.795447999957,131.76666666666668
1789905735,100,POST,POST /api/bookings [auth],13.100000,0.000000,370,440,480,510,610,690,810,820,1100,1100,1100,298,0,350,379.70285024830395,133.92365700019582,1060.9908539995558,264.4026845637584
1789905735,100,,Aggregated,172.700000,0.000000,190,220,250,270,340,420,520,630,900,1100,1100,4547,0,200,349.27171553177953,7.393351999780862,5106.795447999957,333.2973389047724
1789905736,100,GET,/api/events [warmup],0.000000,0.000000,0,0,0,0,0,0,0,0,0,0,0,100,0,870,932.3714424399941,174.52460799995606,2176.077123000141,486.96
1789905736,100,DELETE,DELETE /api/bookings/{id} [auth],4.100000,0.000000,410,440,500,550,650,680,900,900,900,900,900,97,0,370,401.32727160825834,42.985895999663626,895.7877630000439,289.4020618556701
1789905736,100,GET,GET /api/bookings/me [auth],15.600000,0.000000,210,250,290,300,380,400,430,430,440,440,440,405,0,200,221.4236596963006,23.71635300005437,1681.2817429999996,1357.5925925925926
1789905736,100,GET,GET /api/events,71.300000,0.000000,180,200,220,230,270,320,360,420,720,720,720,1911,0,180,285.7616246933554,9.745828999712103,4123.521510000046,197.0015698587127
1789905736,100,GET,GET /api/events/{id},26.100000,0.000000,180,210,230,240,290,330,350,390,480,480,480,714,0,190,330.2901638571425,7.393351999780862,3506.527799000196,428.0812324929972
1789905736,100,GET,GET /api/events?city,43.100000,0.000000,190,220,240,250,320,350,400,430,460,460,460,1117,0,190,268.12859479857457,9.996752999995806,3407.1019660000275,169.28021486123546
1789905736,100,POST,POST /api/auth/login,0.000000,0.000000,0,0,0,0,0,0,0,0,0,0,0,30,0,3800,3838.034492733367,2266.729508000026,4629.7412429998985,414.3
1789905736,100,POST,POST /api/auth/register,0.000000,0.000000,0,0,0,0,0,0,0,0,0,0,0,30,0,3200,3103.719108699988,1617.3997679998138,5106.795447999957,131.76666666666668
1789905736,100,POST,POST /api/bookings [auth],12.700000,0.000000,380,440,480,510,610,690,810,820,1100,1100,1100,309,0,350,379.3321415080732,133.92365700019582,1060.9908539995558,264.41747572815535
1789905736,100,,Aggregated,172.900000,0.000000,200,230,250,290,350,420,520,640,900,1100,1100,4713,0,200,345.58158152111235,7.393351999780862,5106.795447999957,338.61362189688094
1789905737,100,GET,/api/events [warmup],0.000000,0.000000,0,0,0,0,0,0,0,0,0,0,0,100,0,870,932.3714424399941,174.52460799995606,2176.077123000141,486.96
1789905737,100,DELETE,DELETE /api/bookings/{id} [auth],4.700000,0.000000,410,440,520,550,650,680,900,900,900,900,900,100,0,360,396.52352584001625,42.985895999663626,895.7877630000439,289.4
1789905737,100,GET,GET /api/bookings/me [auth],14.700000,0.000000,210,230,280,290,350,400,420,430,440,440,440,421,0,200,218.90030153919616,23.71635300005437,1681.2817429999996,1408.7434679334917
1789905737,100,GET,GET /api/events,71.800000,0.000000,170,200,220,230,270,320,360,410,720,720,720,1987,0,180,280.6957311212871,9.745828999712103,4123.521510000046,197.4625062908908
1789905737,100,GET,GET /api/events/{id},25.900000,0.000000,180,200,220,230,290,330,350,390,480,480,480,739,0,180,323.56385882949957,7.393351999780862,3506.527799000196,428.07848443843034
1789905737,100,GET,GET /api/events?city,44.200000,0.000000,190,210,230,250,310,340,370,410,460,460,460,1169,0,180,263.1257660504767,9.996752999995806,3407.1019660000275,167.9469632164243
1789905737,100,POST,POST /api/auth/login,0.000000,0.000000,0,0,0,0,0,0,0,0,0,0,0,30,0,3800,3838.034492733367,2266.729508000026,4629.7412429998985,414.3
1789905737,100,POST,POST /api/auth/register,0.000000,0.000000,0,0,0,0,0,0,0,0,0,0,0,30,0,3200,3103.719108699988,1617.3997679998138,5106.795447999957,131.76666666666668
1789905737,100,POST,POST /api/bookings [auth],12.900000,0.000000,390,440,480,510,610,690,810,820,1100,1100,1100,323,0,350,377.66787278945816,133.92365700019582,1060.9908539995558,264.43034055727554
1789905737,100,,Aggregated,174.200000,0.000000,190,220,250,270,350,420,530,640,900,1100,1100,4899,0,190,338.79077049520305,7.393351999780862,5106.795447999957,342.42661767707693
1789905738,100,GET,/api/events [warmup],0.000000,0.000000,0,0,0,0,0,0,0,0,0,0,0,100,0,870,932.3714424399941,174.52460799995606,2176.077123000141,486.96
1789905738,100,DELETE,DELETE /api/bookings/{id} [auth],5.100000,0.000000,410,440,520,600,650,680,900,900,900,900,900,103,0,360,397.7236885631207,42.985895999663626,895.7877630000439,289.41747572815535
1789905738,100,GET,GET /api/bookings/me [auth],14.700000,0.000000,200,220,250,290,340,400,420,430,440,440,440,432,0,200,218.5805216666727,23.71635300005437,1681.2817429999996,1450.701388888889
1789905738,100,GET,GET /api/events,70.900000,0.000000,170,200,210,230,260,320,360,410,720,720,720,2057,0,180,276.6158616164309,9.745828999712103,4123.521510000046,197.88429752066116
1789905738,100,GET,GET /api/events/{id},26.200000,0.000000,170,200,210,230,280,320,350,390,480,480,480,773,0,180,316.0631200711528,7.393351999780862,3506.527799000196,428.07503234152654
1789905738,100,GET,GET /api/events?city,44.200000,0.000000,180,210,220,240,310,340,370,410,460,460,460,1213,0,180,259.30839354081286,9.996752999995806,3407.1019660000275,166.3924154987634
1789905738,100,POST,POST /api/auth/login,0.000000,0.000000,0,0,0,0,0,0,0,0,0,0,0,30,0,3800,3838.034492733367,2266.729508000026,4629.7412429998985,414.3
1789905738,100,POST,POST /api/auth/register,0.000000,0.000000,0,0,0,0,0,0,0,0,0,0,0,30,0,3200,3103.719108699988,1617.3997679998138,5106.795447999957,131.76666666666668
1789905738,100,POST,POST /api/bookings [auth],12.300000,0.000000,380,440,480,510,600,670,810,820,1100,1100,1100,340,0,340,376.99798274704375,133.92365700019582,1060.9908539995558,264.44117647058823
1789905738,100,,Aggregated,173.400000,0.000000,190,220,240,270,340,420,530,630,900,1100,1100,5078,0,190,333.3828460472631,7.393351999780862,5106.795447999957,344.87692004726273
1789905739,100,GET,/api/events [warmup],0.000000,0.000000,0,0,0,0,0,0,0,0,0,0,0,100,0,870,932.3714424399941,174.52460799995606,2176.077123000141,486.96
1789905739,100,DELETE,DELETE /api/bookings/{id} [auth],4.800000,0.000000,410,440,550,600,650,740,900,900,900,900,900,107,0,370,402.8427203084247,42.985895999663626,895.7877630000439,289.42056074766356
1789905739,100,GET,GET /api/bookings/me [auth],15.100000,0.000000,200,220,240,260,370,400,420,430,440,440,440,450,0,200,217.4950377444534,23.71635300005437,1681.2817429999996,1523.6
1789905739,100,GET,GET /api/events,71.700000,0.000000,170,190,210,220,260,320,360,420,720,720,720,2123,0,180,274.1615261064519,9.745828999712103,4123.521510000046,197.53650494583138
1789905739,100,GET,GET /api/events/{id},26.600000,0.000000,170,200,210,220,280,330,350,420,480,480,480,803,0,180,311.08555964383595,7.393351999780862,3506.527799000196,428.0722291407223
1789905739,100,GET,GET /api/events?city,44.000000,0.000000,180,200,220,230,290,330,360,380,450,450,450,1264,0,180,256.258384708866,9.996752999995806,3407.1019660000275,167.39636075949366
1789905739,100,POST,POST /api/auth/login,0.000000,0.000000,0,0,0,0,0,0,0,0,0,0,0,30,0,3800,3838.034492733367,2266.729508000026,4629.7412429998985,414.3
1789905739,100,POST,POST /api/auth/register,0.000000,0.000000,0,0,0,0,0,0,0,0,0,0,0,30,0,3200,3103.719108699988,1617.3997679998138,5106.795447999957,131.76666666666668
1789905739,100,POST,POST /api/bookings [auth],12.500000,0.000000,380,460,500,510,590,670,810,820,1100,1100,1100,353,0,350,379.9272958186822,133.92365700019582,1060.9908539995558,264.4560906515581
1789905739,100,,Aggregated,174.700000,0.000000,180,210,240,260,340,420,530,630,900,1100,1100,5260,0,190,329.3418723115974,7.393351999780862,5106.795447999957,351.6577946768061
1789905740,100,GET,/api/events [warmup],0.000000,0.000000,0,0,0,0,0,0,0,0,0,0,0,100,0,870,932.3714424399941,174.52460799995606,2176.077123000141,486.96
1789905740,100,DELETE,DELETE /api/bookings/{id} [auth],4.600000,0.000000,410,440,550,550,650,740,900,900,900,900,900,111,0,370,401.31806336036806,42.985895999663626,895.7877630000439,289.44144144144144
1789905740,100,GET,GET /api/bookings/me [auth],14.300000,0.000000,190,220,240,260,340,400,420,430,440,440,440,467,0,200,216.15068808137661,23.71635300005437,1681.2817429999996,1593.5417558886509
1789905740,100,GET,GET /api/events,71.800000,0.000000,170,190,210,220,260,320,360,420,720,720,720,2190,0,180,271.31366924748664,9.745828999712103,4123.521510000046,196.75479452054793
1789905740,100,GET,GET /api/events/{id},27.200000,0.000000,170,200,210,220,280,320,350,420,480,480,480,837,0,180,305.4450201409798,7.393351999780862,3506.527799000196,428.06929510155317
1789905740,100,GET,GET /api/events?city,44.000000,0.000000,180,200,220,230,290,330,360,380,450,450,450,1305,0,180,253.19542077471684,9.996752999995806,3407.1019660000275,167.20766283524904
1789905740,100,POST,POST /api/auth/login,0.000000,0.000000,0,0,0,0,0,0,0,0,0,0,0,30,0,3800,3838.034492733367,2266.729508000026,4629.7412429998985,414.3
1789905740,100,POST,POST /api/auth/register,0.000000,0.000000,0,0,0,0,0,0,0,0,0,0,0,30,0,3200,3103.719108699988,1617.3997679998138,5106.795447999957,131.76666666666668
1789905740,100,POST,POST /api/bookings [auth],12.900000,0.000000,370,440,480,510,590,670,810,820,1100,1100,1100,367,0,350,378.7187431689211,133.92365700019582,1060.9908539995558,264.4768392370572
1789905740,100,,Aggregated,174.800000,0.000000,180,210,240,260,340,420,530,630,900,1100,1100,5437,0,190,324.8524276288389,7.393351999780862,5106.795447999957,357.88964502482986
1789905741,100,GET,/api/events [warmup],0.000000,0.000000,0,0,0,0,0,0,0,0,0,0,0,100,0,870,932.3714424399941,174.52460799995606,2176.077123000141,486.96
1789905741,100,DELETE,DELETE /api/bookings/{id} [auth],4.600000,0.000000,410,450,550,550,640,680,900,900,900,900,900,115,0,370,402.8221991652255,42.985895999663626,895.7877630000439,289.45217391304345
1789905741,100,GET,GET /api/bookings/me [auth],14.300000,0.000000,200,220,260,260,320,400,420,430,440,440,440,487,0,200,216.31102701643158,23.71635300005437,1681.2817429999996,1666.069815195072
1789905741,100,GET,GET /api/events,69.900000,0.000000,170,190,210,220,260,310,360,420,720,720,720,2257,0,180,268.6148611834282,9.745828999712103,4123.521510000046,196.20912715994683
1789905741,100,GET,GET /api/events/{id},26.700000,0.000000,180,200,220,230,280,310,350,360,450,450,450,860,0,180,302.7798847546511,7.393351999780862,3506.527799000196,428.0674418604651
1789905741,100,GET,GET /api/events?city,45.100000,0.000000,180,200,220,230,290,320,350,370,450,450,450,1352,0,180,251.10033899408637,9.996752999995806,3407.1019660000275,165.90902366863907
1789905741,100,POST,POST /api/auth/login,0.000000,0.000000,0,0,0,0,0,0,0,0,0,0,0,30,0,3800,3838.034492733367,2266.729508000026,4629.7412429998985,414.3
1789905741,100,POST,POST /api/auth/register,0.000000,0.000000,0,0,0,0,0,0,0,0,0,0,0,30,0,3200,3103.719108699988,1617.3997679998138,5106.795447999957,131.76666666666668
1789905741,100,POST,POST /api/bookings [auth],13.400000,0.000000,350,430,470,490,590,690,810,820,1100,1100,1100,378,0,340,376.0742621216784,133.92365700019582,1060.9908539995558,264.484126984127
1789905741,100,,Aggregated,174.000000,0.000000,180,210,240,260,330,410,530,600,900,1100,1100,5609,0,190,321.1723921073268,7.393351999780862,5106.795447999957,364.59386699946515
1789905742,100,GET,/api/events [warmup],0.000000,0.000000,0,0,0,0,0,0,0,0,0,0,0,100,0,870,932.3714424399941,174.52460799995606,2176.077123000141,486.96
1789905742,100,DELETE,DELETE /api/bookings/{id} [auth],4.500000,0.000000,410,430,550,550,640,740,900,900,900,900,900,119,0,370,401.4466414201713,42.985895999663626,895.7877630000439,289.47058823529414
1789905742,100,GET,GET /api/bookings/me [auth],14.400000,0.000000,200,230,260,260,320,380,420,430,440,440,440,500,0,200,216.00903909400392,23.71635300005437,1681.2817429999996,1714.456
1789905742,100,GET,GET /api/events,69.500000,0.000000,170,190,210,230,260,310,360,410,570,570,570,2333,0,180,265.41468498842653,9.745828999712103,4123.521510000046,196.99442777539647
1789905742,100,GET,GET /api/events/{id},27.900000,0.000000,170,200,210,230,280,310,350,370,450,450,450,895,0,180,297.393845932961,7.393351999780862,3506.527799000196,428.0648044692737
1789905742,100,GET,GET /api/events?city,45.200000,0.000000,170,200,220,230,290,320,350,370,450,450,450,1399,0,180,247.72589658184705,9.996752999995806,3407.1019660000275,165.61543959971408
1789905742,100,POST,POST /api/auth/login,0.000000,0.000000,0,0,0,0,0,0,0,0,0,0,0,30,0,3800,3838.034492733367,2266.729508000026,4629.7412429998985,414.3
1789905742,100,POST,POST /api/auth/register,0.000000,0.000000,0,0,0,0,0,0,0,0,0,0,0,30,0,3200,3103.719108699988,1617.3997679998138,5106.795447999957,131.76666666666668
1789905742,100,POST,POST /api/bookings [auth],13.700000,0.000000,340,400,460,470,570,610,710,820,1100,1100,1100,393,0,340,373.80794640711036,133.92365700019582,1060.9908539995558,264.4936386768448
1789905742,100,,Aggregated,175.200000,0.000000,180,210,240,260,320,400,490,590,900,1100,1100,5799,0,190,316.62725066511376,7.393351999780862,5106.795447999957,368.1843421279531
1789905743,100,GET,/api/events [warmup],0.000000,0.000000,0,0,0,0,0,0,0,0,0,0,0,100,0,870,932.3714424399941,174.52460799995606,2176.077123000141,486.96
1789905743,100,DELETE,DELETE /api/bookings/{id} [auth],4.500000,0.000000,400,440,550,550,640,740,900,900,900,900,900,123,0,370,401.31337653658954,42.985895999663626,895.7877630000439,289.479674796748
1789905743,100,GET,GET /api/bookings/me [auth],14.500000,0.000000,190,230,260,270,320,400,420,430,440,440,440,513,0,200,215.4560973762215,23.71635300005437,1681.2817429999996,1769.3255360623782
1789905743,100,GET,GET /api/events,69.100000,0.000000,170,190,210,220,270,310,360,410,570,570,570,2413,0,180,262.42062447989974,9.745828999712103,4123.521510000046,196.6100290095317
1789905743,100,GET,GET /api/events/{id},27.100000,0.000000,170,190,210,220,260,310,350,370,450,450,450,931,0,180,292.5924253082712,7.393351999780862,3506.527799000196,428.062298603652
1789905743,100,GET,GET /api/events?city,45.900000,0.000000,170,200,210,230,290,310,340,360,450,450,450,1436,0,180,245.5270971894167,9.996752999995806,3407.1019660000275,165.49930362116993
1789905743,100,POST,POST /api/auth/login,0.000000,0.000000,0,0,0,0,0,0,0,0,0,0,0,30,0,3800,3838.034492733367,2266.729508000026,4629.7412429998985,414.3
1789905743,100,POST,POST /api/auth/register,0.000000,0.000000,0,0,0,0,0,0,0,0,0,0,0,30,0,3200,3103.719108699988,1617.3997679998138,5106.795447999957,131.76666666666668
1789905743,100,POST,POST /api/bookings [auth],13.500000,0.000000,330,380,440,460,580,610,710,820,1100,1100,1100,410,0,340,372.6997214560847,133.92365700019582,1060.9908539995558,264.5073170731707
1789905743,100,,Aggregated,174.600000,0.000000,180,210,240,260,320,380,500,590,900,1100,1100,5986,0,190,312.79461873504715,7.393351999780862,5106.795447999957,372.10140327430673
1789905744,100,GET,/api/events [warmup],0.000000,0.000000,0,0,0,0,0,0,0,0,0,0,0,100,0,870,932.3714424399941,174.52460799995606,2176.077123000141,486.96
1789905744,100,DELETE,DELETE /api/bookings/{id} [auth],4.500000,0.000000,390,430,440,550,560,650,740,740,740,740,740,130,0,370,398.79215906923065,42.985895999663626,895.7877630000439,289.5
1789905744,100,GET,GET /api/bookings/me [auth],15.600000,0.000000,190,230,260,290,330,400,420,430,440,440,440,529,0,200,216.15978969754556,23.71635300005437,1681.2817429999996,1837.264650283554
1789905744,100,GET,GET /api/events,69.300000,0.000000,170,200,220,230,280,320,360,400,570,570,570,2482,0,180,261.35284166720226,9.745828999712103,4123.521510000046,197.2123287671233
1789905744,100,GET,GET /api/events/{id},27.700000,0.000000,170,190,210,230,280,310,350,400,470,470,470,952,0,180,291.1177717468487,7.393351999780862,3506.527799000196,428.0609243697479
1789905744,100,GET,GET /api/events?city,46.500000,0.000000,170,200,210,230,290,310,340,350,450,450,450,1474,0,180,244.44410487720592,9.996752999995806,3407.1019660000275,166.1865671641791
1789905744,100,POST,POST /api/auth/login,0.000000,0.000000,0,0,0,0,0,0,0,0,0,0,0,30,0,3800,3838.034492733367,2266.729508000026,4629.7412429998985,414.3
1789905744,100,POST,POST /api/auth/register,0.000000,0.000000,0,0,0,0,0,0,0,0,0,0,0,30,0,3200,3103.719108699988,1617.3997679998138,5106.795447999957,131.76666666666668
1789905744,100,POST,POST /api/bookings [auth],12.900000,0.000000,330,370,410,440,500,580,600,610,670,670,670,418,0,340,372.9228600215185,133.92365700019582,1060.9908539995558,264.511961722488
1789905744,100,,Aggregated,176.500000,0.000000,180,210,240,270,320,380,460,550,670,740,740,6145,0,190,310.77225378600286,7.393351999780862,5106.795447999957,378.7056143205858
1789905745,100,GET,/api/events [warmup],0.000000,0.000000,0,0,0,0,0,0,0,0,0,0,0,100,0,870,932.3714424399941,174.52460799995606,2176.077123000141,486.96
1789905745,100,DELETE,DELETE /api/bookings/{id} [auth],4.300000,0.000000,390,430,450,550,560,740,1100,1100,1100,1100,1100,135,0,370,403.74268345925947,42.985895999663626,1102.222811000047,289.51851851851853
1789905745,100,GET,GET /api/bookings/me [auth],15.500000,0.000000,190,220,260,260,320,340,410,430,440,440,440,545,0,200,215.90714605871977,23.71635300005437,1681.2817429999996,1892.702752293578
1789905745,100,GET,GET /api/events,70.000000,0.000000,170,190,220,230,280,310,370,400,570,570,570,2549,0,180,259.74463758571795,9.745828999712103,4123.521510000046,197.0529619458611
1789905745,100,GET,GET /api/events/{id},28.200000,0.000000,170,190,210,220,270,310,350,400,470,470,470,974,0,180,289.34663930800815,7.393351999780862,3506.527799000196,428.0595482546201
1789905745,100,GET,GET /api/events?city,45.700000,0.000000,170,190,210,220,270,290,330,360,470,470,470,1526,0,180,242.95694000000145,9.996752999995806,3407.1019660000275,164.7096985583224
1789905745,100,POST,POST /api/auth/login,0.000000,0.000000,0,0,0,0,0,0,0,0,0,0,0,30,0,3800,3838.034492733367,2266.729508000026,4629.7412429998985,414.3
1789905745,100,POST,POST /api/auth/register,0.000000,0.000000,0,0,0,0,0,0,0,0,0,0,0,30,0,3200,3103.719108699988,1617.3997679998138,5106.795447999957,131.76666666666668
1789905745,100,POST,POST /api/bookings [auth],13.600000,0.000000,330,380,430,460,530,590,670,740,880,880,880,432,0,340,374.8142580995257,133.92365700019582,1060.9908539995558,264.5162037037037
1789905745,100,,Aggregated,177.300000,0.000000,180,210,240,260,320,380,470,550,880,1100,1100,6321,0,190,308.5349101387419,7.393351999780862,5106.795447999957,382.93339661445975
1789905746,100,GET,/api/events [warmup],0.000000,0.000000,0,0,0,0,0,0,0,0,0,0,0,100,0,870,932.3714424399941,174.52460799995606,2176.077123000141,486.96
1789905746,100,DELETE,DELETE /api/bookings/{id} [auth],4.200000,0.000000,400,440,470,550,560,740,1100,1100,1100,1100,1100,138,0,370,404.2291639782631,42.985895999663626,1102.222811000047,289.5289855072464
1789905746,100,GET,GET /api/bookings/me [auth],15.000000,0.000000,190,250,270,300,340,380,460,460,480,480,480,561,0,200,219.39144500891715,23.71635300005437,1681.2817429999996,1954.3279857397504
1789905746,100,GET,GET /api/events,69.700000,0.000000,180,200,230,240,300,330,400,420,570,570,570,2611,0,180,259.55829536499186,9.745828999712103,4123.521510000046,197.49751053236307
1789905746,100,GET,GET /api/events/{id},28.400000,0.000000,180,210,220,230,310,350,410,450,470,470,470,995,0,180,289.04967669246275,7.393351999780862,3506.527799000196,428.05829145728643
1789905746,100,GET,GET /api/events?city,45.300000,0.000000,170,200,220,240,290,330,360,400,490,490,490,1563,0,180,243.5320988342933,9.996752999995806,3407.1019660000275,164.62444017914268
1789905746,100,POST,POST /api/auth/login,0.000000,0.000000,0,0,0,0,0,0,0,0,0,0,0,30,0,3800,3838.034492733367,2266.729508000026,4629.7412429998985,414.3
1789905746,100,POST,POST /api/auth/register,0.000000,0.000000,0,0,0,0,0,0,0,0,0,0,0,30,0,3200,3103.719108699988,1617.3997679998138,5106.795447999957,131.76666666666668
1789905746,100,POST,POST /api/bookings [auth],13.600000,0.000000,340,380,440,460,530,610,800,850,880,880,880,441,0,340,377.69213076642956,133.92365700019582,1060.9908539995558,264.52607709750566
1789905746,100,,Aggregated,176.200000,0.000000,190,220,260,280,340,400,480,560,880,1100,1100,6469,0,190,308.0639998792683,7.393351999780862,5106.795447999957,389.08007420003094
1789905747,100,GET,/api/events [warmup],0.000000,0.000000,0,0,0,0,0,0,0,0,0,0,0,100,0,870,932.3714424399941,174.52460799995606,2176.077123000141,486.96
1789905747,100,DELETE,DELETE /api/bookings/{id} [auth],4.300000,0.000000,400,440,530,550,570,740,1100,1100,1100,1100,1100,144,0,370,406.32347716666885,42.985895999663626,1102.222811000047,289.5416666666667
1789905747,100,GET,GET /api/bookings/me [auth],15.700000,0.000000,210,260,290,310,360,380,460,460,480,480,480,576,0,200,220.05837773090698,23.71635300005437,1681.2817429999996,2001.9270833333333
1789905747,100,GET,GET /api/events,70.200000,0.000000,180,210,240,260,310,340,400,430,570,570,570,2684,0,180,258.4579066289091,9.745828999712103,4123.521510000046,197.82228017883756
1789905747,100,GET,GET /api/events/{id},28.300000,0.000000,190,210,230,250,310,360,410,450,470,470,470,1028,0,180,286.4250667461099,7.393351999780862,3506.527799000196,428.05642023346303
1789905747,100,GET,GET /api/events?city,44.900000,0.000000,180,210,230,240,300,330,370,410,520,520,520,1604,0,180,242.93384765523678,9.996752999995806,3407.1019660000275,164.54177057356608
1789905747,100,POST,POST /api/auth/login,0.000000,0.000000,0,0,0,0,0,0,0,0,0,0,0,30,0,3800,3838.034492733367,2266.729508000026,4629.7412429998985,414.3
1789905747,100,POST,POST /api/auth/register,0.000000,0.000000,0,0,0,0,0,0,0,0,0,0,0,30,0,3200,3103.719108699988,1617.3997679998138,5106.795447999957,131.76666666666668
1789905747,100,POST,POST /api/bookings [auth],13.100000,0.000000,340,410,450,470,560,670,850,880,910,910,910,450,0,340,378.46208148221325,133.92365700019582,1060.9908539995558,264.5311111111111
1789905747,100,,Aggregated,176.500000,0.000000,190,230,270,290,340,410,500,570,1000,1100,1100,6646,0,190,306.1802252309636,7.393351999780862,5106.795447999957,393.2956665663557
1789905748,100,GET,/api/events [warmup],0.000000,0.000000,0,0,0,0,0,0,0,0,0,0,0,100,0,870,932.3714424399941,174.52460799995606,2176.077123000141,486.96
1789905748,100,DELETE,DELETE /api/bookings/{id} [auth],4.100000,0.000000,400,440,450,470,550,570,1100,1100,1100,1100,1100,146,0,370,406.6227740479462,42.985895999663626,1102.222811000047,289.541095890411
1789905748,100,GET,GET /api/bookings/me [auth],15.700000,0.000000,200,250,270,300,340,380,460,460,480,480,480,594,0,200,218.82818965657088,23.71635300005437,1681.2817429999996,2070.1700336700337
1789905748,100,GET,GET /api/events,69.900000,0.000000,180,210,230,260,300,330,400,420,570,570,570,2755,0,180,256.20824149364574,9.745828999712103,4123.521510000046,198.0769509981851
1789905748,100,GET,GET /api/events/{id},28.200000,0.000000,190,210,230,240,310,350,410,440,470,470,470,1052,0,180,284.1162107528507,7.393351999780862,3506.527799000196,428.0551330798479
1789905748,100,GET,GET /api/events?city,44.600000,0.000000,180,210,230,250,300,330,380,410,520,520,520,1644,0,180,241.6815871386846,9.996752999995806,3407.1019660000275,164.5285888077859
1789905748,100,POST,POST /api/auth/login,0.000000,0.000000,0,0,0,0,0,0,0,0,0,0,0,30,0,3800,3838.034492733367,2266.729508000026,4629.7412429998985,414.3
1789905748,100,POST,POST /api/auth/register,0.000000,0.000000,0,0,0,0,0,0,0,0,0,0,0,30,0,3200,3103.719108699988,1617.3997679998138,5106.795447999957,131.76666666666668
1789905748,100,POST,POST /api/bookings [auth],13.100000,0.000000,340,400,440,460,530,670,850,880,910,910,910,466,0,340,378.59972286265275,133.92365700019582,1060.9908539995558,264.54077253218884
1789905748,100,,Aggregated,175.600000,0.000000,190,230,270,290,340,410,470,550,1000,1100,1100,6817,0,190,303.5553148145784,7.393351999780862,5106.795447999957,400.0013202288397
1789905749,100,GET,/api/events [warmup],0.000000,0.000000,0,0,0,0,0,0,0,0,0,0,0,100,0,870,932.3714424399941,174.52460799995606,2176.077123000141,486.96
1789905749,100,DELETE,DELETE /api/bookings/{id} [auth],4.200000,0.000000,390,440,460,530,570,740,1100,1100,1100,1100,1100,152,0,370,408.0221159736801,42.985895999663626,1102.222811000047,289.5394736842105
1789905749,100,GET,GET /api/bookings/me [auth],15.600000,0.000000,210,250,270,300,340,380,460,460,480,480,480,613,0,200,219.28128011746085,23.71635300005437,1681.2817429999996,2137.5595432300165
1789905749,100,GET,GET /api/events,69.500000,0.000000,180,210,230,260,300,330,390,420,500,500,500,2825,0,180,254.77036542194398,9.745828999712103,4123.521510000046,199.42938053097345
1789905749,100,GET,GET /api/events/{id},28.400000,0.000000,190,220,230,250,310,360,420,460,500,500,500,1080,0,180,282.1073008611115,7.393351999780862,3506.527799000196,428.0537037037037
1789905749,100,GET,GET /api/events?city,43.100000,0.000000,180,210,240,250,300,330,380,410,520,520,520,1692,0,180,240.24200605850862,9.996752999995806,3407.1019660000275,163.7547281323877
1789905749,100,POST,POST /api/auth/login,0.000000,0.000000,0,0,0,0,0,0,0,0,0,0,0,30,0,3800,3838.034492733367,2266.729508000026,4629.7412429998985,414.3
1789905749,100,POST,POST /api/auth/register,0.000000,0.000000,0,0,0,0,0,0,0,0,0,0,0,30,0,3200,3103.719108699988,1617.3997679998138,5106.795447999957,131.76666666666668
1789905749,100,POST,POST /api/bookings [auth],12.800000,0.000000,340,390,430,460,540,670,850,880,910,910,910,476,0,350,378.25098833192493,133.92365700019582,1060.9908539995558,264.54411764705884
1789905749,100,,Aggregated,173.600000,0.000000,190,230,270,290,340,400,480,560,1000,1100,1100,6998,0,190,301.35290805529854,7.393351999780862,5106.795447999957,406.9868533866819
1789905750,100,GET,/api/events [warmup],0.000000,0.000000,0,0,0,0,0,0,0,0,0,0,0,100,0,870,932.3714424399941,174.52460799995606,2176.077123000141,486.96
1789905750,100,DELETE,DELETE /api/bookings/{id} [auth],4.400000,0.000000,400,430,450,460,570,740,1100,1100,1100,1100,1100,156,0,370,406.773916006404,42.985895999663626,1102.222811000047,289.54487179487177
1789905750,100,GET,GET /api/bookings/me [auth],15.600000,0.000000,220,250,290,310,340,380,460,460,480,480,480,624,0,200,218.94875107692948,23.71635300005437,1681.2817429999996,2172.7403846153848
1789905750,100,GET,GET /api/events,69.200000,0.000000,190,210,230,260,300,330,390,420,500,500,500,2900,0,180,253.00913326551395,9.745828999712103,4123.521510000046,199.73068965517243
1789905750,100,GET,GET /api/events/{id},27.900000,0.000000,190,210,230,250,310,360,410,460,500,500,500,1107,0,180,279.46628419783286,7.393351999780862,3506.527799000196,428.0523938572719
1789905750,100,GET,GET /api/events?city,43.500000,0.000000,180,210,240,250,300,330,380,410,520,520,520,1739,0,180,238.30785147325912,9.996752999995806,3407.1019660000275,163.82288671650375
1789905750,100,POST,POST /api/auth/login,0.000000,0.000000,0,0,0,0,0,0,0,0,0,0,0,30,0,3800,3838.034492733367,2266.729508000026,4629.7412429998985,414.3
1789905750,100,POST,POST /api/auth/register,0.000000,0.000000,0,0,0,0,0,0,0,0,0,0,0,30,0,3200,3103.719108699988,1617.3997679998138,5106.795447999957,131.76666666666668
1789905750,100,POST,POST /api/bookings [auth],12.600000,0.000000,360,400,440,460,540,670,850,880,910,910,910,490,0,340,377.6118691346823,133.92365700019582,1060.9908539995558,264.5530612244898
1789905750,100,,Aggregated,173.200000,0.000000,200,230,270,290,340,410,470,540,1000,1100,1100,7176,0,190,298.7894839076053,7.393351999780862,5106.795447999957,408.8111761426979
1789905751,100,GET,/api/events [warmup],0.000000,0.000000,0,0,0,0,0,0,0,0,0,0,0,100,0,870,932.3714424399941,174.52460799995606,2176.077123000141,486.96
1789905751,100,DELETE,DELETE /api/bookings/{id} [auth],4.500000,0.000000,400,440,460,530,580,1000,1100,1100,1100,1100,1100,158,0,370,407.1539406265798,42.985895999663626,1102.222811000047,289.54430379746833
1789905751,100,GET,GET /api/bookings/me [auth],16.200000,0.000000,220,240,260,300,340,380,460,460,480,480,480,638,0,200,218.52387871003643,23.71635300005437,1681.2817429999996,2226.1739811912225
1789905751,100,GET,GET /api/events,69.700000,0.000000,190,210,230,260,300,340,390,420,500,500,500,2967,0,180,251.50196780653496,9.745828999712103,4123.521510000046,199.39265251095384
1789905751,100,GET,GET /api/events/{id},28.000000,0.000000,190,210,230,250,310,350,420,460,500,500,500,1136,0,180,277.00957610827425,7.393351999780862,3506.527799000196,428.05105633802816
1789905751,100,GET,GET /api/events?city,42.600000,0.000000,190,210,230,250,300,330,400,420,520,520,520,1785,0,180,237.04899187114867,9.996752999995806,3407.1019660000275,163.94733893557424
1789905751,100,POST,POST /api/auth/login,0.000000,0.000000,0,0,0,0,0,0,0,0,0,0,0,30,0,3800,3838.034492733367,2266.729508000026,4629.7412429998985,414.3
1789905751,100,POST,POST /api/auth/register,0.000000,0.000000,0,0,0,0,0,0,0,0,0,0,0,30,0,3200,3103.719108699988,1617.3997679998138,5106.795447999957,131.76666666666668
1789905751,100,POST,POST /api/bookings [auth],12.300000,0.000000,360,420,450,470,570,670,850,880,910,910,910,506,0,340,377.7245265750883,133.92365700019582,1060.9908539995558,264.55731225296444
1789905751,100,,Aggregated,173.300000,0.000000,200,230,260,290,350,410,490,570,1000,1100,1100,7350,0,190,296.65150848992795,7.393351999780862,5106.795447999957,412.99333333333334
1789905752,100,GET,/api/events [warmup],0.000000,0.000000,0,0,0,0,0,0,0,0,0,0,0,100,0,870,932.3714424399941,174.52460799995606,2176.077123000141,486.96
1789905752,100,DELETE,DELETE /api/bookings/{id} [auth],4.600000,0.000000,400,450,460,530,580,1000,1100,1100,1100,1100,1100,160,0,370,407.2397231937458,42.985895999663626,1102.222811000047,289.55
1789905752,100,GET,GET /api/bookings/me [auth],15.700000,0.000000,220,260,290,320,380,410,460,480,520,520,520,661,0,200,220.78101290015505,23.71635300005437,1681.2817429999996,2310.8260211800302
1789905752,100,GET,GET /api/events,70.800000,0.000000,190,220,260,270,320,370,410,440,500,500,500,3026,0,180,251.6873225935194,9.745828999712103,4123.521510000046,199.3037012557832
1789905752,100,GET,GET /api/events/{id},27.100000,0.000000,190,230,250,270,330,390,440,470,590,590,590,1162,0,180,276.5112475421687,7.393351999780862,3506.527799000196,428.0499139414802
1789905752,100,GET,GET /api/events?city,43.000000,0.000000,190,220,240,260,300,350,400,420,520,520,520,1831,0,180,236.40723083178574,9.996752999995806,3407.1019660000275,164.06553795740032
1789905752,100,POST,POST /api/auth/login,0.000000,0.000000,0,0,0,0,0,0,0,0,0,0,0,30,0,3800,3838.034492733367,2266.729508000026,4629.7412429998985,414.3
1789905752,100,POST,POST /api/auth/register,0.000000,0.000000,0,0,0,0,0,0,0,0,0,0,0,30,0,3200,3103.719108699988,1617.3997679998138,5106.795447999957,131.76666666666668
1789905752,100,POST,POST /api/bookings [auth],12.100000,0.000000,370,440,470,490,580,740,860,880,910,910,910,515,0,350,378.9254734543597,133.92365700019582,1060.9908539995558,264.55533980582527
1789905752,100,,Aggregated,173.300000,0.000000,200,240,280,300,370,430,500,580,1000,1100,1100,7515,0,190,295.8755188049196,7.393351999780862,5106.795447999957,422.6212907518297
1789905753,100,GET,/api/events [warmup],0.000000,0.000000,0,0,0,0,0,0,0,0,0,0,0,100,0,870,932.3714424399941,174.52460799995606,2176.077123000141,486.96
1789905753,100,DELETE,DELETE /api/bookings/{id} [auth],4.400000,0.000000,430,470,560,570,630,740,1100,1100,1100,1100,1100,169,0,380,411.51924911242287,42.985895999663626,1102.222811000047,289.56804733727813
1789905753,100,GET,GET /api/bookings/me [auth],15.500000,0.000000,220,250,270,300,370,390,460,480,520,520,520,678,0,200,220.15623997197898,23.71635300005437,1681.2817429999996,2379.6917404129795
1789905753,100,GET,GET /api/events,71.200000,0.000000,190,220,240,270,320,370,420,450,550,550,550,3097,0,180,250.61019964093953,9.745828999712103,4123.521510000046,199.77268324184695
1789905753,100,GET,GET /api/events/{id},27.400000,0.000000,200,220,240,260,330,400,440,470,590,590,590,1199,0,180,274.1465303352808,7.393351999780862,3506.527799000196,428.04837364470393
1789905753,100,GET,GET /api/events?city,43.400000,0.000000,190,220,240,260,310,350,410,420,520,520,520,1872,0,180,235.87460362446436,9.996752999995806,3407.1019660000275,164.23557692307693
1789905753,100,POST,POST /api/auth/login,0.000000,0.000000,0,0,0,0,0,0,0,0,0,0,0,30,0,3800,3838.034492733367,2266.729508000026,4629.7412429998985,414.3
1789905753,100,POST,POST /api/auth/register,0.000000,0.000000,0,0,0,0,0,0,0,0,0,0,0,30,0,3200,3103.719108699988,1617.3997679998138,5106.795447999957,131.76666666666668
1789905753,100,POST,POST /api/bookings [auth],12.600000,0.000000,370,440,480,510,580,740,860,880,910,910,910,527,0,350,379.865257030352,133.92365700019582,1060.9908539995558,264.55787476280835
1789905753,100,,Aggregated,174.500000,0.000000,200,240,280,300,370,440,530,590,1000,1100,1100,7702,0,190,294.3248718109537,7.393351999780862,5106.795447999957,429.2707089067775
1789905754,100,GET,/api/events [warmup],0.000000,0.000000,0,0,0,0,0,0,0,0,0,0,0,100,0,870,932.3714424399941,174.52460799995606,2176.077123000141,486.96
1789905754,100,DELETE,DELETE /api/bookings/{id} [auth],3.900000,0.000000,430,540,570,580,640,1000,1100,1100,1100,1100,1100,173,0,380,413.33571206358084,42.985895999663626,1102.222811000047,289.5664739884393
1789905754,100,GET,GET /api/bookings/me [auth],16.100000,0.000000,220,250,270,300,370,380,460,480,520,520,520,700,0,210,219.83140663857418,23.71635300005437,1681.2817429999996,2448.195714285714
1789905754,100,GET,GET /api/events,69.900000,0.000000,190,220,250,270,310,360,410,450,550,550,550,3166,0,180,249.61816131553618,9.745828999712103,4123.521510000046,198.95925457991157
1789905754,100,GET,GET /api/events/{id},26.800000,0.000000,200,220,240,260,320,390,420,460,590,590,590,1222,0,190,273.25573974877307,7.393351999780862,3506.527799000196,428.04746317512274
1789905754,100,GET,GET /api/events?city,42.500000,0.000000,190,210,240,260,310,350,410,420,520,520,520,1917,0,180,235.17860294731113,9.996752999995806,3407.1019660000275,164.84402712571728
1789905754,100,POST,POST /api/auth/login,0.000000,0.000000,0,0,0,0,0,0,0,0,0,0,0,30,0,3800,3838.034492733367,2266.729508000026,4629.7412429998985,414.3
1789905754,100,POST,POST /api/auth/register,0.000000,0.000000,0,0,0,0,0,0,0,0,0,0,0,30,0,3200,3103.719108699988,1617.3997679998138,5106.795447999957,131.76666666666668
1789905754,100,POST,POST /api/bookings [auth],12.400000,0.000000,370,440,470,490,560,610,860,880,910,910,910,536,0,350,379.1083568992459,133.92365700019582,1060.9908539995558,264.5615671641791
1789905754,100,,Aggregated,171.600000,0.000000,200,240,270,300,370,440,530,580,1000,1100,1100,7874,0,190,292.75182740245896,7.393351999780862,5106.795447999957,436.8427736855474
1789905755,100,GET,/api/events [warmup],0.000000,0.000000,0,0,0,0,0,0,0,0,0,0,0,100,0,870,932.3714424399941,174.52460799995606,2176.077123000141,486.96
1789905755,100,DELETE,DELETE /api/bookings/{id} [auth],4.600000,0.000000,400,470,560,570,630,740,1000,1000,1000,1000,1000,177,0,380,411.0548374350258,42.985895999663626,1102.222811000047,289.57062146892656
1789905755,100,GET,GET /api/bookings/me [auth],15.900000,0.000000,220,230,250,270,320,370,440,460,520,520,520,718,0,200,219.07434956685594,23.71635300005437,1681.2817429999996,2499.9317548746517
1789905755,100,GET,GET /api/events,68.300000,0.000000,190,210,230,260,300,340,380,450,550,550,550,3233,0,180,248.63190141230723,9.745828999712103,4123.521510000046,198.92978657593565
1789905755,100,GET,GET /api/events/{id},26.700000,0.000000,190,220,240,250,300,340,420,450,590,590,590,1250,0,190,271.32233517199916,7.393351999780862,3506.527799000196,428.0464
1789905755,100,GET,GET /api/events?city,42.900000,0.000000,190,210,230,250,290,330,390,420,520,520,520,1965,0,180,233.96891260406957,9.996752999995806,3407.1019660000275,164.387786259542
1789905755,100,POST,POST /api/auth/login,0.000000,0.000000,0,0,0,0,0,0,0,0,0,0,0,30,0,3800,3838.034492733367,2266.729508000026,4629.7412429998985,414.3
1789905755,100,POST,POST /api/auth/register,0.000000,0.000000,0,0,0,0,0,0,0,0,0,0,0,30,0,3200,3103.719108699988,1617.3997679998138,5106.795447999957,131.76666666666668
1789905755,100,POST,POST /api/bookings [auth],11.700000,0.000000,360,420,470,480,540,590,850,860,910,910,910,545,0,340,377.66248395779087,114.44207199974699,1060.9908539995558,264.5669724770642
1789905755,100,,Aggregated,170.100000,0.000000,200,230,260,280,340,420,520,570,910,1000,1000,8048,0,190,290.7674782252688,7.393351999780862,5106.795447999957,441.9348906560636
1789905756,100,GET,/api/events [warmup],0.000000,0.000000,0,0,0,0,0,0,0,0,0,0,0,100,0,870,932.3714424399941,174.52460799995606,2176.077123000141,486.96
1789905756,100,DELETE,DELETE /api/bookings/{id} [auth],4.400000,0.000000,400,460,560,560,620,640,740,740,740,740,740,178,0,380,410.6622938146031,42.985895999663626,1102.222811000047,289.5730337078652
1789905756,100,GET,GET /api/bookings/me [auth],16.900000,0.000000,210,230,240,250,290,330,370,440,520,520,520,735,0,200,218.4045420721132,23.71635300005437,1681.2817429999996,2556.4585034013608
1789905756,100,GET,GET /api/events,68.300000,0.000000,190,210,230,240,290,320,380,430,550,550,550,3295,0,180,247.32710527647555,9.745828999712103,4123.521510000046,197.94779969650986
1789905756,100,GET,GET /api/events/{id},27.400000,0.000000,190,210,230,240,290,330,410,450,590,590,590,1281,0,180,269.25273551287944,7.393351999780862,3506.527799000196,428.04527712724433
1789905756,100,GET,GET /api/events?city,43.500000,0.000000,180,200,230,240,280,320,390,410,470,470,470,2009,0,180,232.85870087754924,9.996752999995806,3407.1019660000275,163.31408661025387
1789905756,100,POST,POST /api/auth/login,0.000000,0.000000,0,0,0,0,0,0,0,0,0,0,0,30,0,3800,3838.034492733367,2266.729508000026,4629.7412429998985,414.3
1789905756,100,POST,POST /api/auth/register,0.000000,0.000000,0,0,0,0,0,0,0,0,0,0,0,30,0,3200,3103.719108699988,1617.3997679998138,5106.795447999957,131.76666666666668
1789905756,100,POST,POST /api/bookings [auth],11.800000,0.000000,340,390,450,470,530,570,590,610,860,860,860,557,0,340,376.16537967503785,114.44207199974699,1060.9908539995558,264.572710951526
1789905756,100,,Aggregated,172.300000,0.000000,190,220,240,260,330,390,490,560,740,860,860,8215,0,190,288.77757658295315,7.393351999780862,5106.795447999957,446.94437005477783
1789905757,100,GET,/api/events [warmup],0.000000,0.000000,0,0,0,0,0,0,0,0,0,0,0,100,0,870,932.3714424399941,174.52460799995606,2176.077123000141,486.96
1789905757,100,DELETE,DELETE /api/bookings/{id} [auth],4.300000,0.000000,400,450,550,560,620,640,740,740,740,740,740,185,0,380,409.16690892431825,42.985895999663626,1102.222811000047,289.572972972973
1789905757,100,GET,GET /api/bookings/me [auth],17.500000,0.000000,220,240,250,270,310,360,440,520,530,530,530,760,0,210,219.4835427013209,23.71635300005437,1681.2817429999996,2628.7105263157896
1789905757,100,GET,GET /api/events,67.700000,0.000000,190,220,230,250,300,330,380,430,550,550,550,3390,0,180,246.03925354129427,9.745828999712103,4123.521510000046,198.41681415929204
1789905757,100,GET,GET /api/events/{id},27.500000,0.000000,190,220,240,250,300,340,420,470,590,590,590,1307,0,190,268.7579039058903,7.393351999780862,3506.527799000196,428.044376434583
1789905757,100,GET,GET /api/events?city,43.700000,0.000000,180,210,230,240,280,320,380,410,470,470,470,2040,0,180,232.20098466225298,9.996752999995806,3407.1019660000275,163.1671568627451
1789905757,100,POST,POST /api/auth/login,0.000000,0.000000,0,0,0,0,0,0,0,0,0,0,0,30,0,3800,3838.034492733367,2266.729508000026,4629.7412429998985,414.3
1789905757,100,POST,POST /api/auth/register,0.000000,0.000000,0,0,0,0,0,0,0,0,0,0,0,30,0,3200,3103.719108699988,1617.3997679998138,5106.795447999957,131.76666666666668
1789905757,100,POST,POST /api/bookings [auth],11.300000,0.000000,340,400,460,470,530,570,590,610,860,860,860,566,0,340,376.01507983568143,114.44207199974699,1060.9908539995558,264.5742049469965
1789905757,100,,Aggregated,172.000000,0.000000,200,230,250,270,330,400,490,560,740,860,860,8408,0,190,287.3272260583923,7.393351999780862,5106.795447999957,455.657231208373
1789905758,100,GET,/api/events [warmup],0.000000,0.000000,0,0,0,0,0,0,0,0,0,0,0,100,0,870,932.3714424399941,174.52460799995606,2176.077123000141,486.96
1789905758,100,DELETE,DELETE /api/bookings/{id} [auth],3.900000,0.000000,400,470,540,560,620,630,640,640,640,640,640,187,0,380,410.7563005882307,42.985895999663626,1102.222811000047,289.572192513369
1789905758,100,GET,GET /api/bookings/me [auth],17.500000,0.000000,220,240,250,270,310,360,440,520,530,530,530,777,0,210,219.4045589086271,23.71635300005437,1681.2817429999996,2680.842985842986
1789905758,100,GET,GET /api/events,68.100000,0.000000,190,220,230,250,300,330,380,420,550,550,550,3460,0,180,244.97123636415873,9.745828999712103,4123.521510000046,197.90606936416185
1789905758,100,GET,GET /api/events/{id},28.400000,0.000000,190,220,230,240,290,340,420,450,590,590,590,1333,0,190,267.25087061290117,7.393351999780862,3506.527799000196,428.0435108777194
1789905758,100,GET,GET /api/events?city,44.300000,0.000000,180,210,230,240,270,310,380,410,470,470,470,2084,0,180,231.2684480858912,9.996752999995806,3407.1019660000275,163.5954894433781
1789905758,100,POST,POST /api/auth/login,0.000000,0.000000,0,0,0,0,0,0,0,0,0,0,0,30,0,3800,3838.034492733367,2266.729508000026,4629.7412429998985,414.3
1789905758,100,POST,POST /api/auth/register,0.000000,0.000000,0,0,0,0,0,0,0,0,0,0,0,30,0,3200,3103.719108699988,1617.3997679998138,5106.795447999957,131.76666666666668
1789905758,100,POST,POST /api/bookings [auth],11.800000,0.000000,340,400,460,470,520,570,580,610,860,860,860,581,0,340,376.15200636315876,114.44207199974699,1060.9908539995558,264.58347676419965
1789905758,100,,Aggregated,174.000000,0.000000,200,230,250,270,330,390,480,550,640,860,860,8582,0,190,285.84620981402475,7.393351999780862,5106.795447999957,460.52621766488
1789905759,100,GET,/api/events [warmup],0.000000,0.000000,0,0,0,0,0,0,0,0,0,0,0,100,0,870,932.3714424399941,174.52460799995606,2176.077123000141,486.96
1789905759,100,DELETE,DELETE /api/bookings/{id} [auth],4.100000,0.000000,420,510,560,570,620,640,720,720,720,720,720,191,0,380,412.44996902093993,42.985895999663626,1102.222811000047,289.5759162303665
1789905759,100,GET,GET /api/bookings/me [auth],18.100000,0.000000,210,240,250,270,320,370,440,520,530,530,530,794,0,210,219.27467511839149,23.71635300005437,1681.2817429999996,2733.7732997481107
1789905759,100,GET,GET /api/events,69.400000,0.000000,190,220,240,260,300,340,380,430,640,640,640,3529,0,180,244.27034006205457,9.745828999712103,4123.521510000046,198.1830546897138
1789905759,100,GET,GET /api/events/{id},27.900000,0.000000,200,220,240,250,290,340,420,450,590,590,590,1361,0,190,266.05815144746344,7.393351999780862,3506.527799000196,428.0426157237325
1789905759,100,GET,GET /api/events?city,44.600000,0.000000,180,210,230,240,290,330,390,420,470,470,470,2117,0,180,231.07287181530316,9.996752999995806,3407.1019660000275,164.15777042985357
1789905759,100,POST,POST /api/auth/login,0.000000,0.000000,0,0,0,0,0,0,0,0,0,0,0,30,0,3800,3838.034492733367,2266.729508000026,4629.7412429998985,414.3
1789905759,100,POST,POST /api/auth/register,0.000000,0.000000,0,0,0,0,0,0,0,0,0,0,0,30,0,3200,3103.719108699988,1617.3997679998138,5106.795447999957,131.76666666666668
1789905759,100,POST,POST /api/bookings [auth],11.600000,0.000000,340,390,470,470,520,570,610,790,860,860,860,591,0,340,375.75778476310734,114.44207199974699,1060.9908539995558,264.58714043993234
1789905759,100,,Aggregated,175.700000,0.000000,200,230,260,270,330,400,490,570,790,860,860,8743,0,190,284.77194132917333,7.393351999780862,5106.795447999957,466.298753288345
1789905760,100,GET,/api/events [warmup],0.000000,0.000000,0,0,0,0,0,0,0,0,0,0,0,100,0,870,932.3714424399941,174.52460799995606,2176.077123000141,486.96
1789905760,100,DELETE,DELETE /api/bookings/{id} [auth],3.900000,0.000000,390,490,550,560,620,630,720,720,720,720,720,198,0,380,410.480853530305,42.985895999663626,1102.222811000047,289.5808080808081
1789905760,100,GET,GET /api/bookings/me [auth],18.200000,0.000000,220,250,260,280,330,380,440,520,530,530,530,816,0,210,220.0007488517205,23.71635300005437,1681.2817429999996,2799.799019607843
1789905760,100,GET,GET /api/events,70.300000,0.000000,190,220,240,260,300,340,380,430,640,640,640,3606,0,180,243.23906571990773,9.745828999712103,4123.521510000046,197.66084303937882
1789905760,100,GET,GET /api/events/{id},27.700000,0.000000,200,220,240,250,310,350,420,450,590,590,590,1388,0,190,265.16428344452385,7.393351999780862,3506.527799000196,428.04178674351584
1789905760,100,GET,GET /api/events?city,43.400000,0.000000,190,220,240,250,290,340,390,410,470,470,470,2172,0,180,230.20414375230106,9.996752999995806,3407.1019660000275,163.80893186003684
1789905760,100,POST,POST /api/auth/login,0.000000,0.000000,0,0,0,0,0,0,0,0,0,0,0,30,0,3800,3838.034492733367,2266.729508000026,4629.7412429998985,414.3
1789905760,100,POST,POST /api/auth/register,0.000000,0.000000,0,0,0,0,0,0,0,0,0,0,0,30,0,3200,3103.719108699988,1617.3997679998138,5106.795447999957,131.76666666666668
1789905760,100,POST,POST /api/bookings [auth],11.700000,0.000000,340,380,460,470,500,570,790,860,860,860,860,599,0,340,374.7734061318807,114.44207199974699,1060.9908539995558,264.5893155258765
1789905760,100,,Aggregated,175.200000,0.000000,200,230,260,280,340,390,490,550,790,860,860,8939,0,190,283.24715731725763,7.393351999780862,5106.795447999957,473.0081664615729
1789905761,100,GET,/api/events [warmup],0.000000,0.000000,0,0,0,0,0,0,0,0,0,0,0,100,0,870,932.3714424399941,174.52460799995606,2176.077123000141,486.96
1789905761,100,DELETE,DELETE /api/bookings/{id} [auth],4.100000,0.000000,390,490,540,560,620,630,720,720,720,720,720,202,0,380,409.1019405148513,42.985895999663626,1102.222811000047,289.58415841584156
1789905761,100,GET,GET /api/bookings/me [auth],18.200000,0.000000,210,240,250,260,290,370,410,430,530,530,530,830,0,210,219.77922114699305,23.71635300005437,1681.2817429999996,2834.8144578313254
1789905761,100,GET,GET /api/events,71.200000,0.000000,190,220,230,250,290,320,370,420,640,640,640,3666,0,180,242.4860800545522,9.745828999712103,4123.521510000046,197.34342607746862
1789905761,100,GET,GET /api/events/{id},28.000000,0.000000,200,220,230,240,290,340,410,420,470,470,470,1408,0,190,263.99573718110685,7.393351999780862,3506.527799000196,428.0411931818182
1789905761,100,GET,GET /api/events?city,43.100000,0.000000,180,210,230,240,290,340,380,410,470,470,470,2211,0,180,229.5231018055158,9.996752999995806,3407.1019660000275,164.05427408412484
1789905761,100,POST,POST /api/auth/login,0.000000,0.000000,0,0,0,0,0,0,0,0,0,0,0,30,0,3800,3838.034492733367,2266.729508000026,4629.7412429998985,414.3
1789905761,100,POST,POST /api/auth/register,0.000000,0.000000,0,0,0,0,0,0,0,0,0,0,0,30,0,3200,3103.719108699988,1617.3997679998138,5106.795447999957,131.76666666666668
1789905761,100,POST,POST /api/bookings [auth],11.400000,0.000000,330,370,450,460,500,530,610,790,790,790,790,609,0,340,374.2629153793046,114.44207199974699,1060.9908539995558,264.58949096880133
1789905761,100,,Aggregated,176.000000,0.000000,200,230,250,270,330,380,480,550,720,790,790,9086,0,190,282.0390445533748,7.393351999780862,5106.795447999957,476.16905128769537
1789905762,100,GET,/api/events [warmup],0.000000,0.000000,0,0,0,0,0,0,0,0,0,0,0,100,0,870,932.3714424399941,174.52460799995606,2176.077123000141,486.96
1789905762,100,DELETE,DELETE /api/bookings/{id} [auth],4.000000,0.000000,400,480,510,520,600,620,720,720,720,720,720,208,0,390,411.5262260480787,42.985895999663626,1102.222811000047,289.58653846153845
1789905762,100,GET,GET /api/bookings/me [auth],19.100000,0.000000,210,240,260,270,370,390,430,530,550,550,550,853,0,210,221.4927777667113,23.71635300005437,1681.2817429999996,2901.5533411488864
1789905762,100,GET,GET /api/events,69.500000,0.000000,200,220,240,260,300,340,380,420,640,640,640,3741,0,180,242.88364904436884,9.745828999712103,4123.521510000046,197.16118684843624
1789905762,100,GET,GET /api/events/{id},27.700000,0.000000,200,230,250,270,320,370,420,470,540,540,540,1438,0,190,264.2136479596646,7.393351999780862,3506.527799000196,428.0403337969402
1789905762,100,GET,GET /api/events?city,42.900000,0.000000,190,220,240,250,290,350,380,440,470,470,470,2247,0,180,229.93656841877828,9.996752999995806,3407.1019660000275,164.62483311081442
1789905762,100,POST,POST /api/auth/login,0.000000,0.000000,0,0,0,0,0,0,0,0,0,0,0,30,0,3800,3838.034492733367,2266.729508000026,4629.7412429998985,414.3
1789905762,100,POST,POST /api/auth/register,0.000000,0.000000,0,0,0,0,0,0,0,0,0,0,0,30,0,3200,3103.719108699988,1617.3997679998138,5106.795447999957,131.76666666666668
1789905762,100,POST,POST /api/bookings [auth],11.000000,0.000000,330,370,410,460,480,570,680,790,790,790,790,619,0,340,375.4058102778617,114.44207199974699,1060.9908539995558,264.58966074313406
1789905762,100,,Aggregated,174.200000,0.000000,200,230,260,280,340,390,480,530,720,790,790,9266,0,200,282.0668216468766,7.393351999780862,5106.795447999957,484.2577163824736
1789905763,100,GET,/api/events [warmup],0.000000,0.000000,0,0,0,0,0,0,0,0,0,0,0,100,0,870,932.3714424399941,174.52460799995606,2176.077123000141,486.96
1789905763,100,DELETE,DELETE /api/bookings/{id} [auth],4.200000,0.000000,390,440,480,490,560,600,720,720,720,720,720,213,0,380,409.99684577465246,42.985895999663626,1102.222811000047,289.5962441314554
1789905763,100,GET,GET /api/bookings/me [auth],19.500000,0.000000,210,240,260,270,370,390,430,530,550,550,550,869,0,210,220.9359156455758,23.71635300005437,1681.2817429999996,2942.5822784810125
1789905763,100,GET,GET /api/events,69.600000,0.000000,190,220,240,260,300,330,380,420,640,640,640,3805,0,180,242.01383300314902,9.745828999712103,4123.521510000046,197.2783180026281
1789905763,100,GET,GET /api/events/{id},27.800000,0.000000,200,220,240,260,310,360,420,470,540,540,540,1467,0,190,262.3808896973401,7.393351999780862,3506.527799000196,428.0395364689843
1789905763,100,GET,GET /api/events?city,42.700000,0.000000,190,210,230,250,290,340,380,440,470,470,470,2284,0,180,229.16187214404277,9.996752999995806,3407.1019660000275,165.3174255691769
1789905763,100,POST,POST /api/auth/login,0.000000,0.000000,0,0,0,0,0,0,0,0,0,0,0,30,0,3800,3838.034492733367,2266.729508000026,4629.7412429998985,414.3
1789905763,100,POST,POST /api/auth/register,0.000000,0.000000,0,0,0,0,0,0,0,0,0,0,0,30,0,3200,3103.719108699988,1617.3997679998138,5106.795447999957,131.76666666666668
1789905763,100,POST,POST /api/bookings [auth],10.500000,0.000000,310,360,390,450,480,570,680,790,790,790,790,633,0,340,373.57147930963106,114.44207199974699,1060.9908539995558,264.5908372827804
1789905763,100,,Aggregated,174.300000,0.000000,200,230,260,280,340,390,470,520,720,790,790,9431,0,200,280.61332343080863,7.393351999780862,5106.795447999957,488.5499946983353
1789905764,100,GET,/api/events [warmup],0.000000,0.000000,0,0,0,0,0,0,0,0,0,0,0,100,0,870,932.3714424399941,174.52460799995606,2176.077123000141,486.96
1789905764,100,DELETE,DELETE /api/bookings/{id} [auth],4.900000,0.000000,390,460,490,510,570,610,720,720,720,720,720,217,0,380,411.0164524516156,42.985895999663626,1102.222811000047,289.5990783410138
1789905764,100,GET,GET /api/bookings/me [auth],19.000000,0.000000,210,250,270,290,370,390,430,530,550,550,550,880,0,210,221.59058214205078,23.71635300005437,1681.2817429999996,2973.2181818181816
1789905764,100,GET,GET /api/events,69.800000,0.000000,200,230,250,260,300,340,390,420,640,640,640,3874,0,180,241.72092573050705,9.745828999712103,4123.521510000046,196.32653588022717
1789905764,100,GET,GET /api/events/{id},27.500000,0.000000,200,230,250,270,330,370,420,470,540,540,540,1503,0,190,261.89966609913387,7.393351999780862,3506.527799000196,428.0385894876913
1789905764,100,GET,GET /api/events?city,42.300000,0.000000,190,220,240,260,300,360,380,410,440,440,440,2329,0,180,229.112304747529,9.996752999995806,3407.1019660000275,165.24602833834263
1789905764,100,POST,POST /api/auth/login,0.000000,0.000000,0,0,0,0,0,0,0,0,0,0,0,30,0,3800,3838.034492733367,2266.729508000026,4629.7412429998985,414.3
1789905764,100,POST,POST /api/auth/register,0.000000,0.000000,0,0,0,0,0,0,0,0,0,0,0,30,0,3200,3103.719108699988,1617.3997679998138,5106.795447999957,131.76666666666668
1789905764,100,POST,POST /api/bookings [auth],10.200000,0.000000,320,370,400,450,480,570,610,680,790,790,790,646,0,340,373.20672593188243,114.44207199974699,1060.9908539995558,264.59287925696594
1789905764,100,,Aggregated,173.700000,0.000000,210,240,270,290,340,390,480,540,720,790,790,9609,0,200,279.9912792059485,7.393351999780862,5106.795447999957,489.5461546466854
1789905765,100,GET,/api/events [warmup],0.000000,0.000000,0,0,0,0,0,0,0,0,0,0,0,100,0,870,932.3714424399941,174.52460799995606,2176.077123000141,486.96
1789905765,100,DELETE,DELETE /api/bookings/{id} [auth],4.300000,0.000000,390,480,490,520,570,600,720,720,720,720,720,223,0,380,410.74320822421663,42.985895999663626,1102.222811000047,289.60089686098655
1789905765,100,GET,GET /api/bookings/me [auth],19.500000,0.000000,220,250,280,290,370,390,430,530,550,550,550,901,0,210,221.36168342619737,23.71635300005437,1681.2817429999996,3027.8201997780243
1789905765,100,GET,GET /api/events,70.500000,0.000000,200,230,250,270,300,350,390,420,640,640,640,3940,0,190,241.14778595481852,9.745828999712103,4123.521510000046,196.38248730964466
1789905765,100,GET,GET /api/events/{id},27.700000,0.000000,210,230,260,270,330,370,420,470,540,540,540,1530,0,190,260.6509942457499,7.393351999780862,3506.527799000196,428.03790849673203
1789905765,100,GET,GET /api/events?city,42.000000,0.000000,200,220,250,260,300,360,380,410,440,440,440,2373,0,180,228.71984615128335,9.996752999995806,3407.1019660000275,164.50147492625368
1789905765,100,POST,POST /api/auth/login,0.000000,0.000000,0,0,0,0,0,0,0,0,0,0,0,30,0,3800,3838.034492733367,2266.729508000026,4629.7412429998985,414.3
1789905765,100,POST,POST /api/auth/register,0.000000,0.000000,0,0,0,0,0,0,0,0,0,0,0,30,0,3200,3103.719108699988,1617.3997679998138,5106.795447999957,131.76666666666668
1789905765,100,POST,POST /api/bookings [auth],10.400000,0.000000,340,380,420,460,510,580,650,680,790,790,790,656,0,340,373.6428768612747,114.44207199974699,1060.9908539995558,264.594512195122
1789905765,100,,Aggregated,174.400000,0.000000,210,250,270,290,350,400,490,570,720,790,790,9783,0,200,278.985238115502,7.393351999780862,5106.795447999957,495.7892262087294
1789905766,100,GET,/api/events [warmup],0.000000,0.000000,0,0,0,0,0,0,0,0,0,0,0,100,0,870,932.3714424399941,174.52460799995606,2176.077123000141,486.96
1789905766,100,DELETE,DELETE /api/bookings/{id} [auth],4.400000,0.000000,400,480,510,520,570,600,720,720,720,720,720,225,0,380,410.4090407644456,42.985895999663626,1102.222811000047,289.6044444444444
1789905766,100,GET,GET /api/bookings/me [auth],18.400000,0.000000,220,250,280,290,370,390,410,470,550,550,550,919,0,210,222.3163675092534,23.71635300005437,1681.2817429999996,3073.647442872688
1789905766,100,GET,GET /api/events,70.400000,0.000000,200,230,250,270,300,340,390,420,640,640,640,4012,0,190,240.4678878721303,9.745828999712103,4123.521510000046,196.01470588235293
1789905766,100,GET,GET /api/events/{id},27.500000,0.000000,210,230,260,270,320,340,390,420,540,540,540,1563,0,190,259.90552671081076,7.393351999780862,3506.527799000196,428.03710812539987
1789905766,100,GET,GET /api/events?city,41.100000,0.000000,200,220,240,260,300,360,380,440,600,600,600,2404,0,180,228.43246313602108,9.996752999995806,3407.1019660000275,164.18344425956738
1789905766,100,POST,POST /api/auth/login,0.000000,0.000000,0,0,0,0,0,0,0,0,0,0,0,30,0,3800,3838.034492733367,2266.729508000026,4629.7412429998985,414.3
1789905766,100,POST,POST /api/auth/register,0.000000,0.000000,0,0,0,0,0,0,0,0,0,0,0,30,0,3200,3103.719108699988,1617.3997679998138,5106.795447999957,131.76666666666668
1789905766,100,POST,POST /api/bookings [auth],10.600000,0.000000,320,370,410,420,500,580,650,680,790,790,790,668,0,340,372.2331209326314,114.44207199974699,1060.9908539995558,264.5988023952096
1789905766,100,,Aggregated,172.400000,0.000000,210,240,270,290,350,390,480,570,720,790,790,9951,0,200,278.055813360864,7.393351999780862,5106.795447999957,500.6334036780223
1789905767,100,GET,/api/events [warmup],0.000000,0.000000,0,0,0,0,0,0,0,0,0,0,0,100,0,870,932.3714424399941,174.52460799995606,2176.077123000141,486.96
1789905767,100,DELETE,DELETE /api/bookings/{id} [auth],4.400000,0.000000,380,460,490,520,570,600,720,720,720,720,720,230,0,380,409.1582433826104,42.985895999663626,1102.222811000047,289.60869565217394
1789905767,100,GET,GET /api/bookings/me [auth],17.900000,0.000000,220,260,280,290,370,400,420,520,550,550,550,943,0,210,222.74626714210376,23.71635300005437,1681.2817429999996,3132.8536585365855
1789905767,100,GET,GET /api/events,70.700000,0.000000,200,230,260,280,310,350,410,460,640,640,640,4091,0,190,240.15184291810942,9.745828999712103,4123.521510000046,195.63187484722562
1789905767,100,GET,GET /api/events/{id},27.400000,0.000000,210,240,270,280,330,370,420,440,540,540,540,1587,0,190,259.8635722060479,7.393351999780862,3506.527799000196,428.03654694391935
1789905767,100,GET,GET /api/events?city,40.300000,0.000000,200,230,250,270,310,360,380,440,600,600,600,2439,0,180,228.27834036203163,9.996752999995806,3407.1019660000275,163.87371873718737
1789905767,100,POST,POST /api/auth/login,0.000000,0.000000,0,0,0,0,0,0,0,0,0,0,0,30,0,3800,3838.034492733367,2266.729508000026,4629.7412429998985,414.3
1789905767,100,POST,POST /api/auth/register,0.000000,0.000000,0,0,0,0,0,0,0,0,0,0,0,30,0,3200,3103.719108699988,1617.3997679998138,5106.795447999957,131.76666666666668
1789905767,100,POST,POST /api/bookings [auth],11.300000,0.000000,320,380,410,460,520,600,680,790,790,790,790,673,0,340,372.7291254754797,114.44207199974699,1060.9908539995558,264.6002971768202
1789905767,100,,Aggregated,172.000000,0.000000,210,250,280,290,360,400,500,580,720,790,790,10123,0,200,277.40078338802317,7.393351999780862,5106.795447999957,508.0862392571372
1789905768,100,GET,/api/events [warmup],0.000000,0.000000,0,0,0,0,0,0,0,0,0,0,0,100,0,870,932.3714424399941,174.52460799995606,2176.077123000141,486.96
1789905768,100,DELETE,DELETE /api/bookings/{id} [auth],4.700000,0.000000,380,440,480,490,560,590,630,630,630,630,630,235,0,380,409.555785480852,42.985895999663626,1102.222811000047,289.6170212765957
1789905768,100,GET,GET /api/bookings/me [auth],18.100000,0.000000,220,260,270,290,370,400,420,520,550,550,550,960,0,210,221.82029271667105,23.71635300005437,1681.2817429999996,3171.7697916666666
1789905768,100,GET,GET /api/events,70.400000,0.000000,200,230,260,270,310,350,410,430,640,640,640,4163,0,190,238.88335325221874,9.745828999712103,4123.521510000046,196.11289935142926
1789905768,100,GET,GET /api/events/{id},27.500000,0.000000,210,240,270,280,330,380,420,440,540,540,540,1614,0,190,258.794785820322,7.393351999780862,3506.527799000196,428.0359355638166
1789905768,100,GET,GET /api/events?city,39.700000,0.000000,200,220,250,270,310,360,380,410,600,600,600,2474,0,180,227.68227228011273,9.996752999995806,3407.1019660000275,164.61075181891673
1789905768,100,POST,POST /api/auth/login,0.000000,0.000000,0,0,0,0,0,0,0,0,0,0,0,30,0,3800,3838.034492733367,2266.729508000026,4629.7412429998985,414.3
1789905768,100,POST,POST /api/auth/register,0.000000,0.000000,0,0,0,0,0,0,0,0,0,0,0,30,0,3200,3103.719108699988,1617.3997679998138,5106.795447999957,131.76666666666668
1789905768,100,POST,POST /api/bookings [auth],11.100000,0.000000,320,370,400,420,570,600,650,680,680,680,680,687,0,340,372.0190202547275,114.44207199974699,1060.9908539995558,264.60116448326056
1789905768,100,,Aggregated,171.500000,0.000000,210,250,280,290,350,400,480,570,650,680,680,10293,0,200,276.08200090566083,7.393351999780862,5106.795447999957,512.4194112503643
1789905769,100,GET,/api/events [warmup],0.000000,0.000000,0,0,0,0,0,0,0,0,0,0,0,100,0,870,932.3714424399941,174.52460799995606,2176.077123000141,486.96
1789905769,100,DELETE,DELETE /api/bookings/{id} [auth],4.600000,0.000000,380,440,480,490,570,610,630,630,630,630,630,235,0,380,409.555785480852,42.985895999663626,1102.222811000047,289.6170212765957
1789905769,100,GET,GET /api/bookings/me [auth],18.000000,0.000000,210,250,270,280,370,390,410,520,550,550,550,973,0,210,221.39014467832004,23.71635300005437,1681.2817429999996,3201.07605344296
1789905769,100,GET,GET /api/events,70.300000,0.000000,190,220,250,270,310,340,390,430,640,640,640,4247,0,180,237.70458317588546,9.745828999712103,4123.521510000046,195.6793030374382
1789905769,100,GET,GET /api/events/{id},27.400000,0.000000,200,230,260,270,330,350,400,440,540,540,540,1650,0,190,257.07941826121186,7.393351999780862,3506.527799000196,428.03515151515154
1789905769,100,GET,GET /api/events?city,39.000000,0.000000,190,220,240,260,300,350,380,410,600,600,600,2510,0,180,227.01757649880435,9.996752999995806,3407.1019660000275,164.09043824701195
1789905769,100,POST,POST /api/auth/login,0.000000,0.000000,0,0,0,0,0,0,0,0,0,0,0,30,0,3800,3838.034492733367,2266.729508000026,4629.7412429998985,414.3
1789905769,100,POST,POST /api/auth/register,0.000000,0.000000,0,0,0,0,0,0,0,0,0,0,0,30,0,3200,3103.719108699988,1617.3997679998138,5106.795447999957,131.76666666666668
1789905769,100,POST,POST /api/bookings [auth],10.600000,0.000000,340,390,420,460,540,580,650,650,680,680,680,705,0,340,371.924647548933,114.44207199974699,1060.9908539995558,264.60567375886524
1789905769,100,,Aggregated,169.900000,0.000000,200,240,270,290,350,400,480,570,650,680,680,10480,0,200,274.7024209026683,7.393351999780862,5106.795447999957,513.6934160305343
1789905770,100,GET,/api/events [warmup],0.000000,0.000000,0,0,0,0,0,0,0,0,0,0,0,100,0,870,932.3714424399941,174.52460799995606,2176.077123000141,486.96
1789905770,100,DELETE,DELETE /api/bookings/{id} [auth],4.900000,0.000000,380,440,480,520,570,610,630,630,630,630,630,240,0,380,408.47553616666426,42.985895999663626,1102.222811000047,289.6166666666667
1789905770,100,GET,GET /api/bookings/me [auth],18.400000,0.000000,220,250,270,280,370,390,410,520,550,550,550,987,0,210,221.0909223120624,23.71635300005437,1681.2817429999996,3234.0050658561295
1789905770,100,GET,GET /api/events,69.600000,0.000000,190,220,250,260,300,330,380,420,640,640,640,4323,0,180,236.6364069426282,9.745828999712103,4123.521510000046,195.81540596807773
1789905770,100,GET,GET /api/events/{id},28.200000,0.000000,210,230,260,270,320,350,400,440,540,540,540,1678,0,190,256.01843570858153,7.393351999780862,3506.527799000196,428.0345649582837
1789905770,100,GET,GET /api/events?city,38.600000,0.000000,200,220,240,260,300,340,380,410,600,600,600,2550,0,180,226.27646046470596,9.996752999995806,3407.1019660000275,163.75333333333333
1789905770,100,POST,POST /api/auth/login,0.000000,0.000000,0,0,0,0,0,0,0,0,0,0,0,30,0,3800,3838.034492733367,2266.729508000026,4629.7412429998985,414.3
1789905770,100,POST,POST /api/auth/register,0.000000,0.000000,0,0,0,0,0,0,0,0,0,0,0,30,0,3200,3103.719108699988,1617.3997679998138,5106.795447999957,131.76666666666668
1789905770,100,POST,POST /api/bookings [auth],10.200000,0.000000,320,370,400,450,530,580,650,650,680,680,680,717,0,340,370.10569746861347,114.44207199974699,1060.9908539995558,264.6080892608089
1789905770,100,,Aggregated,169.900000,0.000000,200,240,270,290,340,390,480,570,650,680,680,10655,0,200,273.3636323689309,7.393351999780862,5106.795447999957,516.0578132332238
1789905771,100,GET,/api/events [warmup],0.000000,0.000000,0,0,0,0,0,0,0,0,0,0,0,100,0,870,932.3714424399941,174.52460799995606,2176.077123000141,486.96
1789905771,100,DELETE,DELETE /api/bookings/{id} [auth],4.400000,0.000000,370,430,460,480,590,630,770,770,770,770,770,244,0,380,409.25967979917914,42.985895999663626,1102.222811000047,289.62295081967216
1789905771,100,GET,GET /api/bookings/me [auth],17.300000,0.000000,210,230,260,270,310,370,400,410,520,520,520,998,0,210,221.0287373186439,23.71635300005437,1681.2817429999996,3257.9579158316633
1789905771,100,GET,GET /api/events,70.200000,0.000000,190,210,230,250,290,310,350,410,640,640,640,4391,0,180,235.93952347004839,9.745828999712103,4123.521510000046,196.19995445228878
1789905771,100,GET,GET /api/events/{id},28.000000,0.000000,200,230,250,260,300,340,360,420,440,440,440,1713,0,190,254.5287860502043,7.393351999780862,3506.527799000196,428.03385872737886
1789905771,100,GET,GET /api/events?city,38.600000,0.000000,190,210,230,240,280,310,350,400,600,600,600,2592,0,180,225.3935412037037,9.996752999995806,3407.1019660000275,163.34452160493828
1789905771,100,POST,POST /api/auth/login,0.000000,0.000000,0,0,0,0,0,0,0,0,0,0,0,30,0,3800,3838.034492733367,2266.729508000026,4629.7412429998985,414.3
1789905771,100,POST,POST /api/auth/register,0.000000,0.000000,0,0,0,0,0,0,0,0,0,0,0,30,0,3200,3103.719108699988,1617.3997679998138,5106.795447999957,131.76666666666668
1789905771,100,POST,POST /api/bookings [auth],10.900000,0.000000,330,380,420,450,530,580,630,650,650,650,650,733,0,340,371.2994294747563,114.44207199974699,1060.9908539995558,264.612551159618
1789905771,100,,Aggregated,169.400000,0.000000,200,230,260,270,320,380,460,570,650,770,770,10831,0,200,272.3974326163753,7.393351999780862,5106.795447999957,516.9674083648786
1789905772,100,GET,/api/events [warmup],0.000000,0.000000,0,0,0,0,0,0,0,0,0,0,0,100,0,870,932.3714424399941,174.52460799995606,2176.077123000141,486.96
1789905772,100,DELETE,DELETE /api/bookings/{id} [auth],4.200000,0.000000,380,440,500,550,590,630,770,770,770,770,770,247,0,380,410.43254386639774,42.985895999663626,1102.222811000047,289.62348178137654
1789905772,100,GET,GET /api/bookings/me [auth],16.900000,0.000000,220,250,270,280,340,370,400,410,520,520,520,1015,0,210,221.2466803123225,23.71635300005437,1681.2817429999996,3294.6197044334976
1789905772,100,GET,GET /api/events,71.600000,0.000000,190,220,240,260,300,330,370,410,640,640,640,4448,0,190,236.23404203484313,9.745828999712103,4123.521510000046,196.34060251798562
1789905772,100,GET,GET /api/events/{id},28.900000,0.000000,210,230,260,270,310,340,400,420,440,440,440,1742,0,190,254.45261528013828,7.393351999780862,3506.527799000196,428.03329506314583
1789905772,100,GET,GET /api/events?city,38.100000,0.000000,200,210,230,250,290,320,370,410,600,600,600,2630,0,180,225.48003523155836,9.996752999995806,3407.1019660000275,162.78441064638784
1789905772,100,POST,POST /api/auth/login,0.000000,0.000000,0,0,0,0,0,0,0,0,0,0,0,30,0,3800,3838.034492733367,2266.729508000026,4629.7412429998985,414.3
1789905772,100,POST,POST /api/auth/register,0.000000,0.000000,0,0,0,0,0,0,0,0,0,0,0,30,0,3200,3103.719108699988,1617.3997679998138,5106.795447999957,131.76666666666668
1789905772,100,POST,POST /api/bookings [auth],11.500000,0.000000,340,400,450,480,580,600,640,650,650,650,650,747,0,340,373.13030857697066,114.44207199974699,1060.9908539995558,264.6131191432396
1789905772,100,,Aggregated,171.200000,0.000000,200,240,270,280,340,400,520,580,650,770,770,10989,0,200,272.3813157788662,7.393351999780862,5106.795447999957,521.011921011921
1789905773,100,GET,/api/events [warmup],0.000000,0.000000,0,0,0,0,0,0,0,0,0,0,0,100,0,870,932.3714424399941,174.52460799995606,2176.077123000141,486.96
1789905773,100,DELETE,DELETE /api/bookings/{id} [auth],4.300000,0.000000,410,440,490,550,590,630,770,770,770,770,770,254,0,380,410.1613412480324,42.985895999663626,1102.222811000047,289.62992125984255
1789905773,100,GET,GET /api/bookings/me [auth],16.300000,0.000000,220,250,270,280,320,370,400,440,520,520,520,1035,0,210,222.12153819904034,23.71635300005437,1681.2817429999996,3334.2144927536233
1789905773,100,GET,GET /api/events,70.700000,0.000000,190,220,250,270,310,350,380,420,580,580,580,4513,0,190,236.50263424728155,9.745828999712103,4123.521510000046,196.13560824285398
1789905773,100,GET,GET /api/events/{id},29.100000,0.000000,210,230,260,270,320,340,400,420,470,470,470,1768,0,190,254.5538546521494,7.393351999780862,3506.527799000196,428.03280542986425
1789905773,100,GET,GET /api/events?city,37.500000,0.000000,190,210,230,240,290,320,370,410,600,600,600,2666,0,190,225.59120463390843,9.996752999995806,3407.1019660000275,163.9246061515379
1789905773,100,POST,POST /api/auth/login,0.000000,0.000000,0,0,0,0,0,0,0,0,0,0,0,30,0,3800,3838.034492733367,2266.729508000026,4629.7412429998985,414.3
1789905773,100,POST,POST /api/auth/register,0.000000,0.000000,0,0,0,0,0,0,0,0,0,0,0,30,0,3200,3103.719108699988,1617.3997679998138,5106.795447999957,131.76666666666668
1789905773,100,POST,POST /api/bookings [auth],11.700000,0.000000,340,410,460,480,580,600,640,650,650,650,650,755,0,340,372.9353407748305,114.44207199974699,1060.9908539995558,264.61456953642386
1789905773,100,,Aggregated,169.600000,0.000000,200,240,270,290,340,400,520,580,650,770,770,11151,0,200,272.25777618347774,7.393351999780862,5106.795447999957,526.2563895614743
1789905774,100,GET,/api/events [warmup],0.000000,0.000000,0,0,0,0,0,0,0,0,0,0,0,100,0,870,932.3714424399941,174.52460799995606,2176.077123000141,486.96
1789905774,100,DELETE,DELETE /api/bookings/{id} [auth],4.000000,0.000000,410,430,470,490,590,770,780,780,780,780,780,259,0,390,411.7331722857138,42.985895999663626,1102.222811000047,289.6332046332046
1789905774,100,GET,GET /api/bookings/me [auth],15.900000,0.000000,230,260,270,280,340,390,410,440,520,520,520,1049,0,210,222.76815689800415,23.71635300005437,1681.2817429999996,3363.6768350810294
1789905774,100,GET,GET /api/events,70.900000,0.000000,190,220,250,280,320,350,390,450,580,580,580,4585,0,190,236.57365082638637,9.745828999712103,4123.521510000046,195.91101417666303
1789905774,100,GET,GET /api/events/{id},29.600000,0.000000,210,230,260,280,320,340,400,440,720,720,720,1791,0,190,254.16020893299864,7.393351999780862,3506.527799000196,428.0323841429369
1789905774,100,GET,GET /api/events?city,37.900000,0.000000,190,210,240,250,300,350,400,480,600,600,600,2701,0,190,225.97146973158038,9.996752999995806,3407.1019660000275,164.28211773417252
1789905774,100,POST,POST /api/auth/login,0.000000,0.000000,0,0,0,0,0,0,0,0,0,0,0,30,0,3800,3838.034492733367,2266.729508000026,4629.7412429998985,414.3
1789905774,100,POST,POST /api/auth/register,0.000000,0.000000,0,0,0,0,0,0,0,0,0,0,0,30,0,3200,3103.719108699988,1617.3997679998138,5106.795447999957,131.76666666666668
1789905774,100,POST,POST /api/bookings [auth],12.500000,0.000000,350,410,450,460,570,590,630,640,650,650,650,768,0,340,373.193827225256,114.44207199974699,1060.9908539995558,264.6184895833333
1789905774,100,,Aggregated,170.800000,0.000000,210,240,280,290,350,410,500,580,770,780,780,11313,0,200,272.13518631547413,7.393351999780862,5106.795447999957,528.6308671439937
1789905775,100,GET,/api/events [warmup],0.000000,0.000000,0,0,0,0,0,0,0,0,0,0,0,100,0,870,932.3714424399941,174.52460799995606,2176.077123000141,486.96
1789905775,100,DELETE,DELETE /api/bookings/{id} [auth],4.000000,0.000000,390,430,460,470,570,630,780,780,780,780,780,265,0,380,410.69023633962286,42.985895999663626,1102.222811000047,289.6377358490566
1789905775,100,GET,GET /api/bookings/me [auth],16.000000,0.000000,220,250,270,280,340,380,420,440,520,520,520,1063,0,210,222.74883006209419,23.71635300005437,1681.2817429999996,3392.201317027281
1789905775,100,GET,GET /api/events,70.400000,0.000000,190,220,250,280,320,350,390,450,580,580,580,4657,0,190,235.97679468627442,9.745828999712103,4123.521510000046,196.52050676401117
1789905775,100,GET,GET /api/events/{id},29.500000,0.000000,200,230,260,280,320,340,410,470,720,720,720,1813,0,190,253.55156978212975,7.393351999780862,3506.527799000196,428.0319911748483
1789905775,100,GET,GET /api/events?city,37.200000,0.000000,190,220,240,250,310,360,410,480,600,600,600,2745,0,190,225.61680436429762,9.996752999995806,3407.1019660000275,164.2775956284153
1789905775,100,POST,POST /api/auth/login,0.000000,0.000000,0,0,0,0,0,0,0,0,0,0,0,30,0,3800,3838.034492733367,2266.729508000026,4629.7412429998985,414.3
1789905775,100,POST,POST /api/auth/register,0.000000,0.000000,0,0,0,0,0,0,0,0,0,0,0,30,0,3200,3103.719108699988,1617.3997679998138,5106.795447999957,131.76666666666668
1789905775,100,POST,POST /api/bookings [auth],12.400000,0.000000,370,420,460,480,580,590,630,640,650,650,650,778,0,340,373.656112938298,114.44207199974699,1060.9908539995558,264.6156812339332
1789905775,100,,Aggregated,169.500000,0.000000,200,240,280,300,360,420,510,580,770,780,780,11481,0,200,271.38404180715565,7.393351999780862,5106.795447999957,530.9444299277067
1789905776,100,GET,/api/events [warmup],0.000000,0.000000,0,0,0,0,0,0,0,0,0,0,0,100,0,870,932.3714424399941,174.52460799995606,2176.077123000141,486.96
1789905776,100,DELETE,DELETE /api/bookings/{id} [auth],4.300000,0.000000,390,430,470,490,590,770,780,780,780,780,780,268,0,380,410.454127910447,42.985895999663626,1102.222811000047,289.64179104477614
1789905776,100,GET,GET /api/bookings/me [auth],16.400000,0.000000,220,250,270,280,320,360,420,420,440,440,440,1082,0,210,223.25377792976474,23.71635300005437,1681.2817429999996,3427.6719038817005
1789905776,100,GET,GET /api/events,70.000000,0.000000,190,220,250,270,320,350,390,450,580,580,580,4732,0,190,235.76440794779742,9.745828999712103,4123.521510000046,196.75126796280642
1789905776,100,GET,GET /api/events/{id},28.400000,0.000000,200,230,260,280,310,340,410,470,720,720,720,1840,0,190,252.74377941793475,7.393351999780862,3506.527799000196,428.0315217391304
1789905776,100,GET,GET /api/events?city,37.500000,0.000000,190,210,230,250,300,360,400,420,570,570,570,2784,0,190,224.99487739008583,9.996752999995806,3407.1019660000275,164.4658764367816
1789905776,100,POST,POST /api/auth/login,0.000000,0.000000,0,0,0,0,0,0,0,0,0,0,0,30,0,3800,3838.034492733367,2266.729508000026,4629.7412429998985,414.3
1789905776,100,POST,POST /api/auth/register,0.000000,0.000000,0,0,0,0,0,0,0,0,0,0,0,30,0,3200,3103.719108699988,1617.3997679998138,5106.795447999957,131.76666666666668
1789905776,100,POST,POST /api/bookings [auth],11.900000,0.000000,380,430,460,480,580,590,630,640,650,650,650,789,0,340,373.8526735500583,114.44207199974699,1060.9908539995558,264.617237008872
1789905776,100,,Aggregated,168.500000,0.000000,200,240,270,290,360,420,520,580,770,780,780,11655,0,200,270.7072738661478,7.393351999780862,5106.795447999957,535.1097383097383
1789905777,100,GET,/api/events [warmup],0.000000,0.000000,0,0,0,0,0,0,0,0,0,0,0,100,0,870,932.3714424399941,174.52460799995606,2176.077123000141,486.96
1789905777,100,DELETE,DELETE /api/bookings/{id} [auth],4.200000,0.000000,390,430,470,480,570,770,780,780,780,780,780,271,0,380,410.29428650553484,42.985895999663626,1102.222811000047,289.6420664206642
1789905777,100,GET,GET /api/bookings/me [auth],16.300000,0.000000,230,260,280,290,330,360,420,420,440,440,440,1097,0,210,223.3700485943515,23.71635300005437,1681.2817429999996,3456.390154968095
1789905777,100,GET,GET /api/events,71.100000,0.000000,200,230,260,280,320,360,390,450,570,570,570,4794,0,190,235.6994327872295,9.745828999712103,4123.521510000046,196.90801001251563
1789905777,100,GET,GET /api/events/{id},28.400000,0.000000,200,230,250,270,300,340,360,470,720,720,720,1862,0,190,252.15474386627324,7.393351999780862,3506.527799000196,428.031149301826
1789905777,100,GET,GET /api/events?city,37.400000,0.000000,190,220,240,250,300,350,400,420,570,570,570,2828,0,190,224.8617357673262,9.996752999995806,3407.1019660000275,164.76131541725601
1789905777,100,POST,POST /api/auth/login,0.000000,0.000000,0,0,0,0,0,0,0,0,0,0,0,30,0,3800,3838.034492733367,2266.729508000026,4629.7412429998985,414.3
1789905777,100,POST,POST /api/auth/register,0.000000,0.000000,0,0,0,0,0,0,0,0,0,0,0,30,0,3200,3103.719108699988,1617.3997679998138,5106.795447999957,131.76666666666668
1789905777,100,POST,POST /api/bookings [auth],12.100000,0.000000,380,430,460,480,580,590,630,640,650,650,650,800,0,340,374.2554857037447,114.44207199974699,1060.9908539995558,264.62
1789905777,100,,Aggregated,169.500000,0.000000,210,250,280,300,360,420,510,580,770,780,780,11812,0,200,270.27472387503826,7.393351999780862,5106.795447999957,537.9142397561801
1789905778,100,GET,/api/events [warmup],0.000000,0.000000,0,0,0,0,0,0,0,0,0,0,0,100,0,870,932.3714424399941,174.52460799995606,2176.077123000141,486.96
1789905778,100,DELETE,DELETE /api/bookings/{id} [auth],4.200000,0.000000,420,470,500,540,590,760,780,780,780,780,780,277,0,390,414.61605010830266,42.985895999663626,1102.222811000047,289.64981949458485
1789905778,100,GET,GET /api/bookings/me [auth],16.300000,0.000000,240,270,290,300,360,400,440,440,450,450,450,1111,0,210,224.21224263096573,23.71635300005437,1681.2817429999996,3482.6858685868588
1789905778,100,GET,GET /api/events,72.300000,0.000000,210,250,270,290,340,370,430,450,570,570,570,4867,0,190,235.86306518553107,9.745828999712103,4123.521510000046,196.65625642079308
1789905778,100,GET,GET /api/events/{id},28.000000,0.000000,210,230,260,280,330,360,460,580,720,720,720,1896,0,190,252.17447660232204,7.393351999780862,3506.527799000196,428.03059071729956
1789905778,100,GET,GET /api/events?city,36.800000,0.000000,200,230,250,270,320,380,410,450,570,570,570,2867,0,190,225.3087032549701,9.996752999995806,3407.1019660000275,164.63899546564352
1789905778,100,POST,POST /api/auth/login,0.000000,0.000000,0,0,0,0,0,0,0,0,0,0,0,30,0,3800,3838.034492733367,2266.729508000026,4629.7412429998985,414.3
1789905778,100,POST,POST /api/auth/register,0.000000,0.000000,0,0,0,0,0,0,0,0,0,0,0,30,0,3200,3103.719108699988,1617.3997679998138,5106.795447999957,131.76666666666668
1789905778,100,POST,POST /api/bookings [auth],12.000000,0.000000,390,450,480,510,580,600,630,640,1300,1300,1300,811,0,350,376.3123896177503,114.44207199974699,1275.8764569998675,264.6214549938348
1789905778,100,,Aggregated,169.600000,0.000000,220,260,290,310,380,450,540,590,780,1300,1300,11989,0,200,270.4692589738889,7.393351999780862,5106.795447999957,539.6509300191842
1789905779,100,GET,/api/events [warmup],0.000000,0.000000,0,0,0,0,0,0,0,0,0,0,0,100,0,870,932.3714424399941,174.52460799995606,2176.077123000141,486.96
1789905779,100,DELETE,DELETE /api/bookings/{id} [auth],4.100000,0.000000,430,490,540,570,710,770,860,860,860,860,860,284,0,390,416.669314179577,42.985895999663626,1102.222811000047,289.65492957746477
1789905779,100,GET,GET /api/bookings/me [auth],15.900000,0.000000,240,270,290,300,370,400,440,450,450,450,450,1128,0,210,224.22776047961366,23.71635300005437,1681.2817429999996,3514.020390070922
1789905779,100,GET,GET /api/events,70.800000,0.000000,210,250,270,290,340,370,430,460,570,570,570,4947,0,190,235.49338223630025,9.745828999712103,4123.521510000046,196.3877097230645
1789905779,100,GET,GET /api/events/{id},28.000000,0.000000,210,230,260,280,330,370,470,580,720,720,720,1915,0,190,251.55665590235168,7.393351999780862,3506.527799000196,428.03028720626634
1789905779,100,GET,GET /api/events?city,39.200000,0.000000,200,230,260,270,330,390,410,450,570,570,570,2908,0,190,225.20128850275088,9.996752999995806,3407.1019660000275,164.44601100412655
1789905779,100,POST,POST /api/auth/login,0.000000,0.000000,0,0,0,0,0,0,0,0,0,0,0,30,0,3800,3838.034492733367,2266.729508000026,4629.7412429998985,414.3
1789905779,100,POST,POST /api/auth/register,0.000000,0.000000,0,0,0,0,0,0,0,0,0,0,0,30,0,3200,3103.719108699988,1617.3997679998138,5106.795447999957,131.76666666666668
1789905779,100,POST,POST /api/bookings [auth],12.600000,0.000000,390,450,480,510,580,600,640,670,1300,1300,1300,819,0,350,376.5477798461489,114.44207199974699,1275.8764569998675,264.6251526251526
1789905779,100,,Aggregated,170.600000,0.000000,220,260,290,320,380,450,570,590,860,1300,1300,12161,0,200,269.9405877782218,7.393351999780862,5106.795447999957,542.49650522161
1789905780,100,GET,/api/events [warmup],0.000000,0.000000,0,0,0,0,0,0,0,0,0,0,0,100,0,870,932.3714424399941,174.52460799995606,2176.077123000141,486.96
1789905780,100,DELETE,DELETE /api/bookings/{id} [auth],4.000000,0.000000,420,470,500,540,600,760,860,860,860,860,860,289,0,390,415.52827295501766,42.985895999663626,1102.222811000047,289.65743944636677
1789905780,100,GET,GET /api/bookings/me [auth],15.400000,0.000000,230,260,280,300,360,400,440,450,450,450,450,1152,0,210,223.00977915972646,23.71635300005437,1681.2817429999996,3556.0
1789905780,100,GET,GET /api/events,69.400000,0.000000,210,250,270,290,340,370,420,450,570,570,570,5023,0,190,234.39296854648205,9.745828999712103,4123.521510000046,196.1532948437189
1789905780,100,GET,GET /api/events/{id},27.200000,0.000000,210,230,260,280,330,370,460,580,720,720,720,1955,0,190,249.7668782572909,7.393351999780862,3506.527799000196,428.0296675191816
1789905780,100,GET,GET /api/events?city,39.400000,0.000000,200,230,260,270,330,390,410,450,570,570,570,2946,0,190,224.28048251357808,9.996752999995806,3407.1019660000275,164.80346232179227
1789905780,100,POST,POST /api/auth/login,0.000000,0.000000,0,0,0,0,0,0,0,0,0,0,0,30,0,3800,3838.034492733367,2266.729508000026,4629.7412429998985,414.3
1789905780,100,POST,POST /api/auth/register,0.000000,0.000000,0,0,0,0,0,0,0,0,0,0,0,30,0,3200,3103.719108699988,1617.3997679998138,5106.795447999957,131.76666666666668
1789905780,100,POST,POST /api/bookings [auth],12.500000,0.000000,390,440,480,510,580,600,670,1300,1300,1300,1300,825,0,350,376.02920486787434,114.44207199974699,1275.8764569998675,264.62666666666667
1789905780,100,,Aggregated,167.900000,0.000000,220,260,290,310,380,440,540,590,860,1300,1300,12350,0,200,268.4282762968389,7.393351999780862,5106.795447999957,548.2757085020243
1789905781,100,GET,/api/events [warmup],0.000000,0.000000,0,0,0,0,0,0,0,0,0,0,0,100,0,870,932.3714424399941,174.52460799995606,2176.077123000141,486.96
1789905781,100,DELETE,DELETE /api/bookings/{id} [auth],4.600000,0.000000,410,470,500,540,670,760,860,860,860,860,860,292,0,390,415.9735003664391,42.985895999663626,1102.222811000047,289.6609589041096
1789905781,100,GET,GET /api/bookings/me [auth],15.600000,0.000000,230,270,290,310,370,400,440,450,450,450,450,1167,0,210,223.67550219794768,23.71635300005437,1681.2817429999996,3581.497000856898
1789905781,100,GET,GET /api/events,68.700000,0.000000,220,250,280,300,350,380,430,500,570,570,570,5088,0,190,234.89498974016914,9.745828999712103,4123.521510000046,196.31033805031447
1789905781,100,GET,GET /api/events/{id},27.300000,0.000000,210,240,270,290,350,430,580,630,740,740,740,1983,0,190,250.5967450403452,7.393351999780862,3506.527799000196,428.0292486132123
1789905781,100,GET,GET /api/events?city,39.600000,0.000000,210,240,270,290,350,390,410,440,570,570,570,2971,0,190,224.78639223291836,9.996752999995806,3407.1019660000275,164.90474587680916
1789905781,100,POST,POST /api/auth/login,0.000000,0.000000,0,0,0,0,0,0,0,0,0,0,0,30,0,3800,3838.034492733367,2266.729508000026,4629.7412429998985,414.3
1789905781,100,POST,POST /api/auth/register,0.000000,0.000000,0,0,0,0,0,0,0,0,0,0,0,30,0,3200,3103.719108699988,1617.3997679998138,5106.795447999957,131.76666666666668
1789905781,100,POST,POST /api/bookings [auth],11.900000,0.000000,390,440,470,500,580,640,900,1300,1300,1300,1300,837,0,350,377.1900535651095,114.44207199974699,1275.8764569998675,264.6284348864994
1789905781,100,,Aggregated,167.700000,0.000000,220,270,300,320,390,440,540,600,900,1300,1300,12498,0,200,268.81187588653876,7.393351999780862,5106.795447999957,551.152264362298
1789905782,100,GET,/api/events [warmup],0.000000,0.000000,0,0,0,0,0,0,0,0,0,0,0,100,0,870,932.3714424399941,174.52460799995606,2176.077123000141,486.96
1789905782,100,DELETE,DELETE /api/bookings/{id} [auth],5.100000,0.000000,410,470,510,540,670,760,860,860,860,860,860,294,0,390,416.1976629387749,42.985895999663626,1102.222811000047,289.66326530612247
1789905782,100,GET,GET /api/bookings/me [auth],16.000000,0.000000,230,260,280,300,370,400,440,450,450,450,450,1183,0,210,223.3832764564699,23.71635300005437,1681.2817429999996,3608.150464919696
1789905782,100,GET,GET /api/events,69.200000,0.000000,210,240,270,290,350,370,430,500,570,570,570,5148,0,190,234.2278483438197,9.745828999712103,4123.521510000046,196.59887334887335
1789905782,100,GET,GET /api/events/{id},27.000000,0.000000,200,220,250,260,320,410,580,630,740,740,740,2021,0,190,249.21455672390192,7.393351999780862,3506.527799000196,428.02869866402773
1789905782,100,GET,GET /api/events?city,39.300000,0.000000,210,240,260,280,340,380,410,440,570,570,570,3011,0,190,224.44774811590818,9.996752999995806,3407.1019660000275,164.7505812022584
1789905782,100,POST,POST /api/auth/login,0.000000,0.000000,0,0,0,0,0,0,0,0,0,0,0,30,0,3800,3838.034492733367,2266.729508000026,4629.7412429998985,414.3
1789905782,100,POST,POST /api/auth/register,0.000000,0.000000,0,0,0,0,0,0,0,0,0,0,0,30,0,3200,3103.719108699988,1617.3997679998138,5106.795447999957,131.76666666666668
1789905782,100,POST,POST /api/bookings [auth],11.100000,0.000000,400,460,490,520,590,650,900,1300,1300,1300,1300,851,0,350,378.86014087073613,114.44207199974699,1275.8764569998675,264.6298472385429
1789905782,100,,Aggregated,167.700000,0.000000,210,260,290,320,380,450,550,600,900,1300,1300,12668,0,200,268.06157350094446,7.393351999780862,5106.795447999957,553.9218503315441
1789905783,100,GET,/api/events [warmup],0.000000,0.000000,0,0,0,0,0,0,0,0,0,0,0,100,0,870,932.3714424399941,174.52460799995606,2176.077123000141,486.96
1789905783,100,DELETE,DELETE /api/bookings/{id} [auth],4.700000,0.000000,420,480,530,540,600,710,860,860,860,860,860,301,0,390,416.9310122059797,42.985895999663626,1102.222811000047,289.66445182724254
1789905783,100,GET,GET /api/bookings/me [auth],16.500000,0.000000,230,260,280,310,370,410,440,450,460,460,460,1196,0,210,224.17894194147527,23.71635300005437,1681.2817429999996,3628.4297658862874
1789905783,100,GET,GET /api/events,69.000000,0.000000,210,240,270,280,350,370,430,500,570,570,570,5211,0,190,234.34608348109478,9.745828999712103,4123.521510000046,196.63596238725773
1789905783,100,GET,GET /api/events/{id},27.100000,0.000000,200,220,240,260,340,390,580,630,740,740,740,2052,0,190,248.89602225780035,7.393351999780862,3506.527799000196,428.02826510721246
1789905783,100,GET,GET /api/events?city,37.700000,0.000000,200,240,260,280,340,380,410,440,480,480,480,3045,0,190,224.44973025123102,9.996752999995806,3407.1019660000275,164.95303776683087
1789905783,100,POST,POST /api/auth/login,0.000000,0.000000,0,0,0,0,0,0,0,0,0,0,0,30,0,3800,3838.034492733367,2266.729508000026,4629.7412429998985,414.3
1789905783,100,POST,POST /api/auth/register,0.000000,0.000000,0,0,0,0,0,0,0,0,0,0,0,30,0,3200,3103.719108699988,1617.3997679998138,5106.795447999957,131.76666666666668
1789905783,100,POST,POST /api/bookings [auth],10.600000,0.000000,400,450,490,520,590,650,900,1300,1300,1300,1300,858,0,350,378.8668709557063,114.44207199974699,1275.8764569998675,264.63053613053614
1789905783,100,,Aggregated,165.600000,0.000000,210,250,290,310,380,450,540,600,900,1300,1300,12823,0,200,267.9196197544229,7.393351999780862,5106.795447999957,555.5788816969508
1789905784,100,GET,/api/events [warmup],0.000000,0.000000,0,0,0,0,0,0,0,0,0,0,0,100,0,870,932.3714424399941,174.52460799995606,2176.077123000141,486.96
1789905784,100,DELETE,DELETE /api/bookings/{id} [auth],4.600000,0.000000,460,530,580,600,710,810,880,880,880,880,880,308,0,390,421.21815523051737,42.985895999663626,1102.222811000047,289.66883116883116
1789905784,100,GET,GET /api/bookings/me [auth],17.100000,0.000000,220,260,280,300,370,400,450,450,460,460,460,1205,0,210,224.23209999170558,23.71635300005437,1681.2817429999996,3642.533609958506
1789905784,100,GET,GET /api/events,69.800000,0.000000,210,250,270,290,350,380,450,500,570,570,570,5281,0,190,234.49817364192145,9.745828999712103,4123.521510000046,196.24389320204506
1789905784,100,GET,GET /api/events/{id},28.000000,0.000000,200,230,260,280,360,430,560,600,740,740,740,2076,0,190,249.32470974711214,7.393351999780862,3506.527799000196,428.0279383429672
1789905784,100,GET,GET /api/events?city,37.900000,0.000000,200,240,260,280,340,370,410,440,470,470,470,3084,0,190,224.2750801585593,9.996752999995806,3407.1019660000275,164.8369001297017
1789905784,100,POST,POST /api/auth/login,0.000000,0.000000,0,0,0,0,0,0,0,0,0,0,0,30,0,3800,3838.034492733367,2266.729508000026,4629.7412429998985,414.3
1789905784,100,POST,POST /api/auth/register,0.000000,0.000000,0,0,0,0,0,0,0,0,0,0,0,30,0,3200,3103.719108699988,1617.3997679998138,5106.795447999957,131.76666666666668
1789905784,100,POST,POST /api/bookings [auth],10.400000,0.000000,420,470,510,540,630,800,930,1300,1300,1300,1300,873,0,350,381.7850253115654,114.44207199974699,1275.8764569998675,264.6345933562428
1789905784,100,,Aggregated,167.800000,0.000000,220,260,290,320,390,460,570,670,930,1300,1300,12987,0,200,268.1427774953389,7.393351999780862,5106.795447999957,555.007469007469
1789905785,100,GET,/api/events [warmup],0.000000,0.000000,0,0,0,0,0,0,0,0,0,0,0,100,0,870,932.3714424399941,174.52460799995606,2176.077123000141,486.96
1789905785,100,DELETE,DELETE /api/bookings/{id} [auth],4.800000,0.000000,460,540,590,600,760,860,880,880,880,880,880,313,0,390,422.8057208817877,42.985895999663626,1102.222811000047,289.6741214057508
1789905785,100,GET,GET /api/bookings/me [auth],16.600000,0.000000,220,250,280,290,360,400,450,450,460,460,460,1224,0,210,224.20075594281406,23.71635300005437,1681.2817429999996,3672.1029411764707
1789905785,100,GET,GET /api/events,69.600000,0.000000,210,240,270,290,350,380,440,490,570,570,570,5345,0,190,233.96219373601232,9.745828999712103,4123.521510000046,196.3382600561272
1789905785,100,GET,GET /api/events/{id},27.900000,0.000000,200,230,260,270,350,410,530,600,740,740,740,2103,0,190,248.69562852449124,7.393351999780862,3506.527799000196,428.02757964812173
1789905785,100,GET,GET /api/events?city,37.800000,0.000000,200,240,260,280,330,370,410,440,470,470,470,3133,0,190,223.77858239514728,9.996752999995806,3407.1019660000275,164.92626875199488
1789905785,100,POST,POST /api/auth/login,0.000000,0.000000,0,0,0,0,0,0,0,0,0,0,0,30,0,3800,3838.034492733367,2266.729508000026,4629.7412429998985,414.3
1789905785,100,POST,POST /api/auth/register,0.000000,0.000000,0,0,0,0,0,0,0,0,0,0,0,30,0,3200,3103.719108699988,1617.3997679998138,5106.795447999957,131.76666666666668
1789905785,100,POST,POST /api/bookings [auth],10.100000,0.000000,420,490,520,560,650,800,930,1300,1300,1300,1300,884,0,350,382.3755557273725,114.44207199974699,1275.8764569998675,264.63574660633486
1789905785,100,,Aggregated,166.800000,0.000000,210,260,290,320,390,470,590,680,930,1300,1300,13162,0,200,267.5051504642125,7.393351999780862,5106.795447999957,558.4730284151344
1789905786,100,GET,/api/events [warmup],0.000000,0.000000,0,0,0,0,0,0,0,0,0,0,0,100,0,870,932.3714424399941,174.52460799995606,2176.077123000141,486.96
1789905786,100,DELETE,DELETE /api/bookings/{id} [auth],4.700000,0.000000,480,540,590,600,760,860,880,880,880,880,880,316,0,400,423.88847452847966,42.985895999663626,1102.222811000047,289.6740506329114
1789905786,100,GET,GET /api/bookings/me [auth],15.800000,0.000000,220,250,270,290,350,400,450,450,460,460,460,1239,0,210,224.060229046008,23.71635300005437,1681.2817429999996,3694.80790960452
1789905786,100,GET,GET /api/events,69.800000,0.000000,210,240,270,290,350,380,430,490,570,570,570,5424,0,190,233.70406641021097,9.745828999712103,4123.521510000046,196.83388643067846
1789905786,100,GET,GET /api/events/{id},29.100000,0.000000,210,230,260,270,360,410,530,600,740,740,740,2129,0,190,247.98759973837716,7.393351999780862,3506.527799000196,428.0272428370127
1789905786,100,GET,GET /api/events?city,37.400000,0.000000,200,230,260,280,340,390,420,440,470,470,470,3173,0,190,223.6088109319248,9.996752999995806,3407.1019660000275,165.04947998739362
1789905786,100,POST,POST /api/auth/login,0.000000,0.000000,0,0,0,0,0,0,0,0,0,0,0,30,0,3800,3838.034492733367,2266.729508000026,4629.7412429998985,414.3
1789905786,100,POST,POST /api/auth/register,0.000000,0.000000,0,0,0,0,0,0,0,0,0,0,0,30,0,3200,3103.719108699988,1617.3997679998138,5106.795447999957,131.76666666666668
1789905786,100,POST,POST /api/bookings [auth],10.600000,0.000000,430,490,540,560,640,750,900,930,1300,1300,1300,899,0,350,382.69250907007455,114.44207199974699,1275.8764569998675,264.6384872080089
1789905786,100,,Aggregated,167.400000,0.000000,220,260,290,320,390,470,600,680,930,1300,1300,13340,0,200,267.0297535846299,7.393351999780862,5106.795447999957,560.3441529235382
1789905787,100,GET,/api/events [warmup],0.000000,0.000000,0,0,0,0,0,0,0,0,0,0,0,100,0,870,932.3714424399941,174.52460799995606,2176.077123000141,486.96
1789905787,100,DELETE,DELETE /api/bookings/{id} [auth],4.800000,0.000000,460,510,590,600,760,860,880,880,880,880,880,322,0,400,422.9787106397502,42.985895999663626,1102.222811000047,289.67080745341616
1789905787,100,GET,GET /api/bookings/me [auth],15.500000,0.000000,210,230,250,260,320,360,390,450,460,460,460,1259,0,210,223.43875802542098,23.71635300005437,1681.2817429999996,3724.4630659253376
1789905787,100,GET,GET /api/events,69.300000,0.000000,200,230,260,270,330,370,410,480,540,540,540,5505,0,190,233.06018025340313,9.745828999712103,4123.521510000046,197.03106267029972
1789905787,100,GET,GET /api/events/{id},28.500000,0.000000,200,230,250,260,310,380,460,600,740,740,740,2161,0,190,247.32213676955445,7.393351999780862,3506.527799000196,428.0268394261916
1789905787,100,GET,GET /api/events?city,38.300000,0.000000,200,220,240,260,310,360,410,430,470,470,470,3204,0,190,223.4215108455051,9.996752999995806,3407.1019660000275,165.60705368289638
1789905787,100,POST,POST /api/auth/login,0.000000,0.000000,0,0,0,0,0,0,0,0,0,0,0,30,0,3800,3838.034492733367,2266.729508000026,4629.7412429998985,414.3
1789905787,100,POST,POST /api/auth/register,0.000000,0.000000,0,0,0,0,0,0,0,0,0,0,0,30,0,3200,3103.719108699988,1617.3997679998138,5106.795447999957,131.76666666666668
1789905787,100,POST,POST /api/bookings [auth],10.300000,0.000000,400,480,540,590,670,770,900,930,1300,1300,1300,908,0,350,383.4335463248866,114.44207199974699,1275.8764569998675,264.6409691629956
1789905787,100,,Aggregated,166.700000,0.000000,210,240,280,300,370,460,600,680,930,1300,1300,13519,0,200,266.3257566486405,7.393351999780862,5106.795447999957,564.2408462164361
1789905788,100,GET,/api/events [warmup],0.000000,0.000000,0,0,0,0,0,0,0,0,0,0,0,100,0,870,932.3714424399941,174.52460799995606,2176.077123000141,486.96
1789905788,100,DELETE,DELETE /api/bookings/{id} [auth],4.900000,0.000000,430,480,510,530,670,810,880,880,880,880,880,327,0,390,421.8449492507655,42.985895999663626,1102.222811000047,289.6727828746177
1789905788,100,GET,GET /api/bookings/me [auth],15.600000,0.000000,210,230,250,260,310,350,380,420,460,460,460,1273,0,210,223.16668994737338,23.71635300005437,1681.2817429999996,3745.0282796543597
1789905788,100,GET,GET /api/events,67.700000,0.000000,190,230,250,270,320,370,410,470,540,540,540,5574,0,190,232.4562893494773,9.745828999712103,4123.521510000046,197.1404736275565
1789905788,100,GET,GET /api/events/{id},28.600000,0.000000,200,230,250,270,310,370,450,600,740,740,740,2190,0,190,246.64146497397542,7.393351999780862,3506.527799000196,428.02648401826485
1789905788,100,GET,GET /api/events?city,39.200000,0.000000,190,220,240,250,310,350,410,420,470,470,470,3249,0,190,222.88594576885131,9.996752999995806,3407.1019660000275,165.94706063404124
1789905788,100,POST,POST /api/auth/login,0.000000,0.000000,0,0,0,0,0,0,0,0,0,0,0,30,0,3800,3838.034492733367,2266.729508000026,4629.7412429998985,414.3
1789905788,100,POST,POST /api/auth/register,0.000000,0.000000,0,0,0,0,0,0,0,0,0,0,0,30,0,3200,3103.719108699988,1617.3997679998138,5106.795447999957,131.76666666666668
1789905788,100,POST,POST /api/bookings [auth],10.500000,0.000000,390,460,500,560,640,750,810,900,930,930,930,919,0,350,382.42497367573026,114.44207199974699,1275.8764569998675,264.6430903155604
1789905788,100,,Aggregated,166.500000,0.000000,210,240,270,300,370,430,560,640,900,930,930,13692,0,200,265.48242774853713,7.393351999780862,5106.795447999957,565.7193981887233
1789905789,100,GET,/api/events [warmup],0.000000,0.000000,0,0,0,0,0,0,0,0,0,0,0,100,0,870,932.3714424399941,174.52460799995606,2176.077123000141,486.96
1789905789,100,DELETE,DELETE /api/bookings/{id} [auth],4.900000,0.000000,440,480,530,590,670,810,880,880,880,880,880,330,0,400,422.1337701090924,42.985895999663626,1102.222811000047,289.6757575757576
1789905789,100,GET,GET /api/bookings/me [auth],15.400000,0.000000,220,230,260,280,330,350,420,460,480,480,480,1288,0,210,223.37004893944624,23.71635300005437,1681.2817429999996,3766.1420807453414
1789905789,100,GET,GET /api/events,69.700000,0.000000,200,230,250,260,310,370,410,470,530,530,530,5640,0,190,231.9361176632954,9.745828999712103,4123.521510000046,197.168085106383
1789905789,100,GET,GET /api/events/{id},29.200000,0.000000,210,240,250,270,330,380,450,600,740,740,740,2222,0,190,246.12031619172177,7.393351999780862,3506.527799000196,428.0193519351935
1789905789,100,GET,GET /api/events?city,37.300000,0.000000,200,220,240,250,310,350,390,420,470,470,470,3293,0,190,222.62511133434447,9.996752999995806,3407.1019660000275,165.9189189189189
1789905789,100,POST,POST /api/auth/login,0.000000,0.000000,0,0,0,0,0,0,0,0,0,0,0,30,0,3800,3838.034492733367,2266.729508000026,4629.7412429998985,414.3
1789905789,100,POST,POST /api/auth/register,0.000000,0.000000,0,0,0,0,0,0,0,0,0,0,0,30,0,3200,3103.719108699988,1617.3997679998138,5106.795447999957,131.76666666666668
1789905789,100,POST,POST /api/bookings [auth],10.800000,0.000000,410,470,510,560,660,750,810,900,930,930,930,933,0,350,383.4287863193963,114.44207199974699,1275.8764569998675,264.64415862808147
1789905789,100,,Aggregated,167.300000,0.000000,210,240,270,300,370,460,590,670,900,930,930,13866,0,200,264.98897410327214,7.393351999780862,5106.795447999957,567.4190826482043
1789905790,100,GET,/api/events [warmup],0.000000,0.000000,0,0,0,0,0,0,0,0,0,0,0,100,0,870,932.3714424399941,174.52460799995606,2176.077123000141,486.96
1789905790,100,DELETE,DELETE /api/bookings/{id} [auth],5.100000,0.000000,430,480,510,530,670,810,880,880,880,880,880,337,0,390,421.30045706528506,42.985895999663626,1102.222811000047,289.6765578635015
1789905790,100,GET,GET /api/bookings/me [auth],15.800000,0.000000,220,230,260,270,310,350,420,460,480,480,480,1306,0,210,223.30063266003566,23.71635300005437,1681.2817429999996,3790.728943338438
1789905790,100,GET,GET /api/events,71.600000,0.000000,200,220,240,260,300,360,410,470,530,530,530,5713,0,190,231.5173471111475,9.745828999712103,4123.521510000046,197.2455802555575
1789905790,100,GET,GET /api/events/{id},30.100000,0.000000,210,230,250,270,310,370,430,600,740,740,740,2242,0,190,245.7529315227502,7.393351999780862,3506.527799000196,428.01025869759144
1789905790,100,GET,GET /api/events?city,37.600000,0.000000,200,220,240,250,300,350,410,430,470,470,470,3349,0,190,222.05538675216368,9.996752999995806,3407.1019660000275,166.39265452373843
1789905790,100,POST,POST /api/auth/login,0.000000,0.000000,0,0,0,0,0,0,0,0,0,0,0,30,0,3800,3838.034492733367,2266.729508000026,4629.7412429998985,414.3
1789905790,100,POST,POST /api/auth/register,0.000000,0.000000,0,0,0,0,0,0,0,0,0,0,0,30,0,3200,3103.719108699988,1617.3997679998138,5106.795447999957,131.76666666666668
1789905790,100,POST,POST /api/bookings [auth],10.900000,0.000000,410,470,530,570,680,750,810,900,930,930,930,943,0,350,383.6978180530183,114.44207199974699,1275.8764569998675,264.64369034994695
1789905790,100,,Aggregated,171.100000,0.000000,210,240,270,290,370,460,590,680,900,930,930,14050,0,200,264.3577111565104,7.393351999780862,5106.795447999957,569.8691814946619
1789905791,100,GET,/api/events [warmup],0.000000,0.000000,0,0,0,0,0,0,0,0,0,0,0,100,0,870,932.3714424399941,174.52460799995606,2176.077123000141,486.96
1789905791,100,DELETE,DELETE /api/bookings/{id} [auth],4.700000,0.000000,420,480,500,530,600,810,880,880,880,880,880,340,0,390,420.8663615323568,42.985895999663626,1102.222811000047,289.6764705882353
1789905791,100,GET,GET /api/bookings/me [auth],16.100000,0.000000,210,230,250,260,300,340,420,460,480,480,480,1321,0,210,222.46195575170873,23.71635300005437,1681.2817429999996,3810.796366389099
1789905791,100,GET,GET /api/events,69.700000,0.000000,190,220,240,250,290,350,390,440,530,530,530,5788,0,190,230.57018084847715,9.745828999712103,4123.521510000046,197.6414996544575
1789905791,100,GET,GET /api/events/{id},29.900000,0.000000,200,230,250,260,310,360,390,430,560,560,560,2269,0,190,244.6035287038366,7.393351999780862,3506.527799000196,427.9982371088585
1789905791,100,GET,GET /api/events?city,38.000000,0.000000,190,220,230,240,280,330,390,430,470,470,470,3392,0,190,221.04694703655474,9.996752999995806,3407.1019660000275,166.390625
1789905791,100,POST,POST /api/auth/login,0.000000,0.000000,0,0,0,0,0,0,0,0,0,0,0,30,0,3800,3838.034492733367,2266.729508000026,4629.7412429998985,414.3
1789905791,100,POST,POST /api/auth/register,0.000000,0.000000,0,0,0,0,0,0,0,0,0,0,0,30,0,3200,3103.719108699988,1617.3997679998138,5106.795447999957,131.76666666666668
1789905791,100,POST,POST /api/bookings [auth],11.200000,0.000000,390,450,500,540,640,690,770,810,930,930,930,956,0,350,383.67306662238025,114.44207199974699,1275.8764569998675,264.64539748953973
1789905791,100,,Aggregated,169.600000,0.000000,200,230,260,280,360,430,530,640,880,930,930,14226,0,200,263.22120541086537,7.393351999780862,5106.795447999957,571.496204133277
1789905792,100,GET,/api/events [warmup],0.000000,0.000000,0,0,0,0,0,0,0,0,0,0,0,100,0,870,932.3714424399941,174.52460799995606,2176.077123000141,486.96
1789905792,100,DELETE,DELETE /api/bookings/{id} [auth],4.500000,0.000000,420,450,500,530,600,810,880,880,880,880,880,341,0,390,420.5740395601206,42.985895999663626,1102.222811000047,289.6774193548387
1789905792,100,GET,GET /api/bookings/me [auth],15.600000,0.000000,200,230,230,250,290,330,420,460,480,480,480,1341,0,210,221.9627205518311,23.71635300005437,1681.2817429999996,3836.7054436987323
1789905792,100,GET,GET /api/events,69.000000,0.000000,190,210,230,240,290,330,400,450,530,530,530,5860,0,190,230.10072644385406,9.745828999712103,4123.521510000046,197.73515358361774
1789905792,100,GET,GET /api/events/{id},29.000000,0.000000,200,230,240,250,300,360,390,430,560,560,560,2293,0,190,244.1444441761908,7.393351999780862,3506.527799000196,427.98778892280853
1789905792,100,GET,GET /api/events?city,39.000000,0.000000,190,210,220,230,270,310,380,420,470,470,470,3443,0,190,220.46557246790368,9.996752999995806,3407.1019660000275,166.25849549811213
1789905792,100,POST,POST /api/auth/login,0.000000,0.000000,0,0,0,0,0,0,0,0,0,0,0,30,0,3800,3838.034492733367,2266.729508000026,4629.7412429998985,414.3
1789905792,100,POST,POST /api/auth/register,0.000000,0.000000,0,0,0,0,0,0,0,0,0,0,0,30,0,3200,3103.719108699988,1617.3997679998138,5106.795447999957,131.76666666666668
1789905792,100,POST,POST /api/bookings [auth],11.600000,0.000000,370,440,490,510,640,690,770,810,930,930,930,973,0,350,382.38138382836127,114.44207199974699,1275.8764569998675,264.6454265159301
1789905792,100,,Aggregated,168.700000,0.000000,200,230,250,270,340,420,530,640,880,930,930,14411,0,200,262.43085337353205,7.393351999780862,5106.795447999957,574.4856012768024
1789905793,100,GET,/api/events [warmup],0.000000,0.000000,0,0,0,0,0,0,0,0,0,0,0,100,0,870,932.3714424399941,174.52460799995606,2176.077123000141,486.96
1789905793,100,DELETE,DELETE /api/bookings/{id} [auth],4.800000,0.000000,410,450,500,510,600,600,880,880,880,880,880,347,0,390,421.4452994927979,42.985895999663626,1102.222811000047,289.68299711815564
1789905793,100,GET,GET /api/bookings/me [auth],15.500000,0.000000,200,220,230,230,280,310,330,350,480,480,480,1355,0,210,221.4521147505574,23.71635300005437,1681.2817429999996,3854.446494464945
1789905793,100,GET,GET /api/events,69.900000,0.000000,180,210,220,230,270,310,380,420,480,480,480,5922,0,190,229.6431621457249,9.745828999712103,4123.521510000046,197.84802431610942
1789905793,100,GET,GET /api/events/{id},29.100000,0.000000,190,220,240,250,300,350,370,390,450,450,450,2326,0,190,243.3870329079986,7.393351999780862,3506.527799000196,427.9737747205503
1789905793,100,GET,GET /api/events?city,41.400000,0.000000,190,210,220,230,270,300,380,420,470,470,470,3484,0,190,220.3195316455203,9.996752999995806,3407.1019660000275,166.32089552238807
1789905793,100,POST,POST /api/auth/login,0.000000,0.000000,0,0,0,0,0,0,0,0,0,0,0,30,0,3800,3838.034492733367,2266.729508000026,4629.7412429998985,414.3
1789905793,100,POST,POST /api/auth/register,0.000000,0.000000,0,0,0,0,0,0,0,0,0,0,0,30,0,3200,3103.719108699988,1617.3997679998138,5106.795447999957,131.76666666666668
1789905793,100,POST,POST /api/bookings [auth],11.900000,0.000000,360,440,470,500,620,680,740,770,810,810,810,987,0,350,383.03724824822245,114.44207199974699,1275.8764569998675,264.6464032421479
1789905793,100,,Aggregated,172.600000,0.000000,190,220,240,260,330,410,510,600,810,880,880,14581,0,200,261.9515083837164,7.393351999780862,5106.795447999957,575.8290926548248
1789905794,100,GET,/api/events [warmup],0.000000,0.000000,0,0,0,0,0,0,0,0,0,0,0,100,0,870,932.3714424399941,174.52460799995606,2176.077123000141,486.96
1789905794,100,DELETE,DELETE /api/bookings/{id} [auth],4.800000,0.000000,400,420,480,480,530,600,600,600,600,600,600,347,0,390,421.4452994927979,42.985895999663626,1102.222811000047,289.68299711815564
1789905794,100,GET,GET /api/bookings/me [auth],15.800000,0.000000,190,220,230,240,290,330,350,480,550,550,550,1370,0,210,221.52599826569644,23.71635300005437,1681.2817429999996,3872.9744525547444
1789905794,100,GET,GET /api/events,70.300000,0.000000,180,210,220,240,290,340,390,450,480,480,480,5994,0,190,229.71400143526552,9.745828999712103,4123.521510000046,198.00834167500835
1789905794,100,GET,GET /api/events/{id},27.300000,0.000000,190,220,240,260,300,340,360,390,480,480,480,2350,0,190,243.5469607548955,7.393351999780862,3506.527799000196,427.96382978723403
1789905794,100,GET,GET /api/events?city,41.900000,0.000000,190,210,230,240,290,340,400,430,550,550,550,3526,0,190,220.7021977926802,9.996752999995806,3407.1019660000275,166.47192285876346
1789905794,100,POST,POST /api/auth/login,0.000000,0.000000,0,0,0,0,0,0,0,0,0,0,0,30,0,3800,3838.034492733367,2266.729508000026,4629.7412429998985,414.3
1789905794,100,POST,POST /api/auth/register,0.000000,0.000000,0,0,0,0,0,0,0,0,0,0,0,30,0,3200,3103.719108699988,1617.3997679998138,5106.795447999957,131.76666666666668
1789905794,100,POST,POST /api/bookings [auth],12.000000,0.000000,370,440,480,510,620,660,740,770,830,830,830,1004,0,350,384.79059145517635,114.44207199974699,1275.8764569998675,264.65239043824704
1789905794,100,,Aggregated,172.100000,0.000000,200,220,250,280,340,420,510,600,770,830,830,14751,0,200,262.01536671750824,7.393351999780862,5106.795447999957,577.3738051657515
1789905795,100,GET,/api/events [warmup],0.000000,0.000000,0,0,0,0,0,0,0,0,0,0,0,100,0,870,932.3714424399941,174.52460799995606,2176.077123000141,486.96
1789905795,100,DELETE,DELETE /api/bookings/{id} [auth],4.300000,0.000000,380,420,440,480,520,560,600,600,600,600,600,350,0,390,420.4275926971459,42.985895999663626,1102.222811000047,289.68285714285713
1789905795,100,GET,GET /api/bookings/me [auth],15.500000,0.000000,190,220,230,230,290,330,350,480,550,550,550,1384,0,210,221.01787704768944,23.71635300005437,1681.2817429999996,3890.0404624277458
1789905795,100,GET,GET /api/events,70.700000,0.000000,180,210,220,240,290,330,390,450,480,480,480,6070,0,190,229.07857072569666,9.745828999712103,4123.521510000046,197.92850082372323
1789905795,100,GET,GET /api/events/{id},27.800000,0.000000,190,220,240,250,300,350,370,390,480,480,480,2381,0,190,242.85974809113958,7.393351999780862,3506.527799000196,427.9437211255775
1789905795,100,GET,GET /api/events?city,43.300000,0.000000,190,210,220,240,280,330,380,430,550,550,550,3566,0,190,220.12863882669407,9.996752999995806,3407.1019660000275,166.798934380258
1789905795,100,POST,POST /api/auth/login,0.000000,0.000000,0,0,0,0,0,0,0,0,0,0,0,30,0,3800,3838.034492733367,2266.729508000026,4629.7412429998985,414.3
1789905795,100,POST,POST /api/auth/register,0.000000,0.000000,0,0,0,0,0,0,0,0,0,0,0,30,0,3200,3103.719108699988,1617.3997679998138,5106.795447999957,131.76666666666668
1789905795,100,POST,POST /api/bookings [auth],13.000000,0.000000,370,430,470,520,620,660,740,770,830,830,830,1020,0,350,383.9216114921541,114.44207199974699,1275.8764569998675,264.67058823529413
1789905795,100,,Aggregated,174.600000,0.000000,190,220,250,270,340,410,510,600,770,830,830,14931,0,200,261.19234517801635,7.393351999780862,5106.795447999957,578.3545643292479
1789905796,100,GET,/api/events [warmup],0.000000,0.000000,0,0,0,0,0,0,0,0,0,0,0,100,0,870,932.3714424399941,174.52460799995606,2176.077123000141,486.96
1789905796,100,DELETE,DELETE /api/bookings/{id} [auth],4.200000,0.000000,360,410,440,460,510,560,600,600,600,600,600,355,0,390,418.84046698873453,42.985895999663626,1102.222811000047,289.69859154929577
1789905796,100,GET,GET /api/bookings/me [auth],16.200000,0.000000,190,220,230,240,300,330,370,480,550,550,550,1405,0,210,221.06203338149638,23.71635300005437,1681.2817429999996,3914.454804270463
1789905796,100,GET,GET /api/events,70.000000,0.000000,180,210,220,240,280,320,390,450,480,480,480,6134,0,190,228.78276620801742,9.745828999712103,4123.521510000046,198.2637756765569
1789905796,100,GET,GET /api/events/{id},27.000000,0.000000,190,210,230,260,300,340,370,390,480,480,480,2409,0,190,242.35926580074815,7.393351999780862,3506.527799000196,427.92112909921127
1789905796,100,GET,GET /api/events?city,44.200000,0.000000,190,210,230,240,280,330,380,420,550,550,550,3607,0,190,219.9590833529221,9.996752999995806,3407.1019660000275,167.20432492375934
1789905796,100,POST,POST /api/auth/login,0.000000,0.000000,0,0,0,0,0,0,0,0,0,0,0,30,0,3800,3838.034492733367,2266.729508000026,4629.7412429998985,414.3
1789905796,100,POST,POST /api/auth/register,0.000000,0.000000,0,0,0,0,0,0,0,0,0,0,0,30,0,3200,3103.719108699988,1617.3997679998138,5106.795447999957,131.76666666666668
1789905796,100,POST,POST /api/bookings [auth],12.700000,0.000000,370,420,460,490,590,620,680,740,830,830,830,1032,0,350,383.33299792732385,103.0697810001584,1275.8764569998675,263.28779069767444
1789905796,100,,Aggregated,174.300000,0.000000,200,220,250,270,340,410,480,560,740,830,830,15102,0,200,260.691252927954,7.393351999780862,5106.795447999957,582.0130446298504
1789905797,100,GET,/api/events [warmup],0.000000,0.000000,0,0,0,0,0,0,0,0,0,0,0,100,0,870,932.3714424399941,174.52460799995606,2176.077123000141,486.96
1789905797,100,DELETE,DELETE /api/bookings/{id} [auth],3.700000,0.000000,360,420,440,470,510,560,600,600,600,600,600,358,0,390,418.20591665363486,42.985895999663626,1102.222811000047,289.7067039106145
1789905797,100,GET,GET /api/bookings/me [auth],16.600000,0.000000,200,230,240,260,310,340,370,480,550,550,550,1420,0,210,221.4509719823965,23.71635300005437,1681.2817429999996,3931.711971830986
1789905797,100,GET,GET /api/events,70.700000,0.000000,190,210,230,240,280,320,400,450,480,480,480,6196,0,190,228.38256070819526,9.745828999712103,4123.521510000046,197.88153647514525
1789905797,100,GET,GET /api/events/{id},27.500000,0.000000,190,220,240,260,300,350,380,420,480,480,480,2443,0,190,241.64415147318905,7.393351999780862,3506.527799000196,427.89439214081045
1789905797,100,GET,GET /api/events?city,43.800000,0.000000,190,210,230,240,280,330,380,420,550,550,550,3649,0,190,219.6390050238391,9.996752999995806,3407.1019660000275,166.63633872293778
1789905797,100,POST,POST /api/auth/login,0.000000,0.000000,0,0,0,0,0,0,0,0,0,0,0,30,0,3800,3838.034492733367,2266.729508000026,4629.7412429998985,414.3
1789905797,100,POST,POST /api/auth/register,0.000000,0.000000,0,0,0,0,0,0,0,0,0,0,0,30,0,3200,3103.719108699988,1617.3997679998138,5106.795447999957,131.76666666666668
1789905797,100,POST,POST /api/bookings [auth],13.400000,0.000000,360,420,460,490,590,620,680,740,830,830,830,1044,0,350,382.28375160344706,103.0697810001584,1275.8764569998675,261.7404214559387
1789905797,100,,Aggregated,175.700000,0.000000,200,230,250,270,340,410,490,560,740,830,830,15270,0,200,260.0936362060877,7.393351999780862,5106.795447999957,583.1406024885396
1789905798,100,GET,/api/events [warmup],0.000000,0.000000,0,0,0,0,0,0,0,0,0,0,0,100,0,870,932.3714424399941,174.52460799995606,2176.077123000141,486.96
1789905798,100,DELETE,DELETE /api/bookings/{id} [auth],3.700000,0.000000,350,400,420,460,510,560,600,600,600,600,600,361,0,390,417.1035382936341,42.985895999663626,1102.222811000047,289.7091412742382
1789905798,100,GET,GET /api/bookings/me [auth],16.200000,0.000000,200,220,250,270,310,350,460,550,680,680,680,1435,0,210,221.89610323902642,23.71635300005437,1681.2817429999996,3948.47456445993
1789905798,100,GET,GET /api/events,71.900000,0.000000,190,210,230,240,300,340,400,450,460,460,460,6260,0,190,228.42726915686555,9.745828999712103,4123.521510000046,197.73418530351438
1789905798,100,GET,GET /api/events/{id},27.800000,0.000000,190,220,240,260,320,360,420,460,660,660,660,2477,0,190,242.05753795438096,7.393351999780862,3506.527799000196,427.8683891804602
1789905798,100,GET,GET /api/events?city,42.800000,0.000000,190,220,230,250,290,340,390,470,550,550,550,3686,0,190,219.87448285186863,9.996752999995806,3407.1019660000275,166.34481823114487
1789905798,100,POST,POST /api/auth/login,0.000000,0.000000,0,0,0,0,0,0,0,0,0,0,0,30,0,3800,3838.034492733367,2266.729508000026,4629.7412429998985,414.3
1789905798,100,POST,POST /api/auth/register,0.000000,0.000000,0,0,0,0,0,0,0,0,0,0,0,30,0,3200,3103.719108699988,1617.3997679998138,5106.795447999957,131.76666666666668
1789905798,100,POST,POST /api/bookings [auth],13.500000,0.000000,330,390,440,470,550,620,680,680,830,830,830,1059,0,350,379.9316573031142,71.22051199985435,1275.8764569998675,259.0774315391879
1789905798,100,,Aggregated,175.900000,0.000000,200,220,250,270,340,400,480,560,680,830,830,15438,0,200,259.931418128641,7.393351999780862,5106.795447999957,584.3295763699961
1789905799,100,GET,/api/events [warmup],0.000000,0.000000,0,0,0,0,0,0,0,0,0,0,0,100,0,870,932.3714424399941,174.52460799995606,2176.077123000141,486.96
1789905799,100,DELETE,DELETE /api/bookings/{id} [auth],3.800000,0.000000,360,420,470,480,510,560,600,600,600,600,600,365,0,390,417.62458675890986,42.985895999663626,1102.222811000047,289.71232876712327
1789905799,100,GET,GET /api/bookings/me [auth],16.500000,0.000000,200,230,260,280,340,390,460,550,680,680,680,1452,0,210,222.92406270179185,23.71635300005437,1681.2817429999996,3967.537878787879
1789905799,100,GET,GET /api/events,69.600000,0.000000,190,220,240,260,310,360,440,450,570,570,570,6320,0,190,228.9298077321168,9.745828999712103,4123.521510000046,197.88101265822786
1789905799,100,GET,GET /api/events/{id},28.100000,0.000000,190,230,260,280,340,380,430,480,660,660,660,2495,0,190,242.51633859639347,7.393351999780862,3506.527799000196,427.85490981963926
1789905799,100,GET,GET /api/events?city,43.900000,0.000000,200,230,250,270,310,360,470,510,650,650,650,3733,0,190,220.72573943396452,9.996752999995806,3407.1019660000275,167.02223412804716
1789905799,100,POST,POST /api/auth/login,0.000000,0.000000,0,0,0,0,0,0,0,0,0,0,0,30,0,3800,3838.034492733367,2266.729508000026,4629.7412429998985,414.3
1789905799,100,POST,POST /api/auth/register,0.000000,0.000000,0,0,0,0,0,0,0,0,0,0,0,30,0,3200,3103.719108699988,1617.3997679998138,5106.795447999957,131.76666666666668
1789905799,100,POST,POST /api/bookings [auth],13.600000,0.000000,340,410,460,490,580,620,680,780,830,830,830,1073,0,350,380.5217486719462,71.22051199985435,1275.8764569998675,257.43802423112766
1789905799,100,,Aggregated,175.500000,0.000000,200,240,270,290,360,430,520,600,780,830,830,15598,0,200,260.4046760350019,7.393351999780862,5106.795447999957,586.5828311321965
1789905800,100,GET,/api/events [warmup],0.000000,0.000000,0,0,0,0,0,0,0,0,0,0,0,100,0,870,932.3714424399941,174.52460799995606,2176.077123000141,486.96
1789905800,100,DELETE,DELETE /api/bookings/{id} [auth],3.400000,0.000000,380,430,480,490,560,600,690,690,690,690,690,372,0,390,417.8650527285017,42.985895999663626,1102.222811000047,289.71505376344084
1789905800,100,GET,GET /api/bookings/me [auth],16.600000,0.000000,210,240,260,280,340,390,460,550,680,680,680,1468,0,210,222.84918490804006,23.71635300005437,1681.2817429999996,3984.981607629428
1789905800,100,GET,GET /api/events,67.400000,0.000000,200,230,250,270,310,360,420,450,570,570,570,6382,0,190,228.84603474819417,9.745828999712103,4123.521510000046,197.84738326543405
1789905800,100,GET,GET /api/events/{id},28.300000,0.000000,200,240,270,280,340,390,440,480,660,660,660,2520,0,190,242.59858815595248,7.393351999780862,3506.527799000196,427.8365079365079
1789905800,100,GET,GET /api/events?city,43.600000,0.000000,200,230,250,270,310,360,460,510,650,650,650,3780,0,190,220.69732445132016,9.996752999995806,3407.1019660000275,166.78121693121693
1789905800,100,POST,POST /api/auth/login,0.000000,0.000000,0,0,0,0,0,0,0,0,0,0,0,30,0,3800,3838.034492733367,2266.729508000026,4629.7412429998985,414.3
1789905800,100,POST,POST /api/auth/register,0.000000,0.000000,0,0,0,0,0,0,0,0,0,0,0,30,0,3200,3103.719108699988,1617.3997679998138,5106.795447999957,131.76666666666668
1789905800,100,POST,POST /api/bookings [auth],13.800000,0.000000,330,400,440,480,540,620,660,780,830,830,830,1088,0,350,379.9654195330861,71.22051199985435,1275.8764569998675,256.0404411764706
1789905800,100,,Aggregated,173.100000,0.000000,210,240,270,300,360,430,510,580,780,830,830,15770,0,200,260.21307889289517,7.393351999780862,5106.795447999957,587.9911223842739
1789905801,100,GET,/api/events [warmup],0.000000,0.000000,0,0,0,0,0,0,0,0,0,0,0,100,0,870,932.3714424399941,174.52460799995606,2176.077123000141,486.96
1789905801,100,DELETE,DELETE /api/bookings/{id} [auth],3.600000,0.000000,340,420,470,480,560,600,690,690,690,690,690,378,0,390,415.48655928572185,42.985895999663626,1102.222811000047,289.72222222222223
1789905801,100,GET,GET /api/bookings/me [auth],16.200000,0.000000,220,250,270,280,340,390,460,550,680,680,680,1489,0,210,222.6831005580938,23.71635300005437,1681.2817429999996,4007.364674278039
1789905801,100,GET,GET /api/events,67.600000,0.000000,200,230,250,270,310,360,430,450,570,570,570,6466,0,190,228.27400830172803,9.745828999712103,4123.521510000046,197.467058459635
1789905801,100,GET,GET /api/events/{id},28.100000,0.000000,200,230,260,280,340,380,440,480,660,660,660,2553,0,190,241.77157930043074,7.393351999780862,3506.527799000196,427.8127692910302
1789905801,100,GET,GET /api/events?city,43.500000,0.000000,210,240,260,280,320,360,470,530,650,650,650,3809,0,190,220.52645887187938,9.996752999995806,3407.1019660000275,166.84011551588344
1789905801,100,POST,POST /api/auth/login,0.000000,0.000000,0,0,0,0,0,0,0,0,0,0,0,30,0,3800,3838.034492733367,2266.729508000026,4629.7412429998985,414.3
1789905801,100,POST,POST /api/auth/register,0.000000,0.000000,0,0,0,0,0,0,0,0,0,0,0,30,0,3200,3103.719108699988,1617.3997679998138,5106.795447999957,131.76666666666668
1789905801,100,POST,POST /api/bookings [auth],14.100000,0.000000,320,400,440,480,540,620,660,780,830,830,830,1097,0,350,378.95356573472924,71.22051199985435,1275.8764569998675,255.18322698268003
1789905801,100,,Aggregated,173.100000,0.000000,210,250,270,300,360,430,510,580,780,830,830,15952,0,200,259.4708332193425,7.393351999780862,5106.795447999957,590.898758776329
1789905802,100,GET,/api/events [warmup],0.000000,0.000000,0,0,0,0,0,0,0,0,0,0,0,100,0,870,932.3714424399941,174.52460799995606,2176.077123000141,486.96
1789905802,100,DELETE,DELETE /api/bookings/{id} [auth],3.500000,0.000000,320,380,430,470,510,560,690,690,690,690,690,383,0,390,413.7346480104523,42.985895999663626,1102.222811000047,289.72584856396867
1789905802,100,GET,GET /api/bookings/me [auth],16.300000,0.000000,220,250,270,290,340,390,460,550,680,680,680,1508,0,210,223.05006544894064,23.71635300005437,1681.2817429999996,4027.392572944297
1789905802,100,GET,GET /api/events,66.500000,0.000000,200,230,250,270,310,360,420,450,570,570,570,6537,0,190,227.8986666816541,9.745828999712103,4123.521510000046,197.8964356738565
1789905802,100,GET,GET /api/events/{id},27.800000,0.000000,200,240,270,280,340,390,440,480,660,660,660,2575,0,190,241.4870784916499,7.393351999780862,3506.527799000196,427.7972815533981
1789905802,100,GET,GET /api/events?city,43.300000,0.000000,210,240,260,270,320,350,470,530,650,650,650,3861,0,190,220.1858991774124,9.996752999995806,3407.1019660000275,166.02279202279203
1789905802,100,POST,POST /api/auth/login,0.000000,0.000000,0,0,0,0,0,0,0,0,0,0,0,30,0,3800,3838.034492733367,2266.729508000026,4629.7412429998985,414.3
1789905802,100,POST,POST /api/auth/register,0.000000,0.000000,0,0,0,0,0,0,0,0,0,0,0,30,0,3200,3103.719108699988,1617.3997679998138,5106.795447999957,131.76666666666668
1789905802,100,POST,POST /api/bookings [auth],14.200000,0.000000,310,390,430,470,540,620,660,780,830,830,830,1109,0,350,377.65359570694056,71.22051199985435,1275.8764569998675,254.3688007213706
1789905802,100,,Aggregated,171.600000,0.000000,210,250,270,290,350,420,510,560,780,830,830,16133,0,200,258.902127735012,7.393351999780862,5106.795447999957,593.0507035269324
1789905803,100,GET,/api/events [warmup],0.000000,0.000000,0,0,0,0,0,0,0,0,0,0,0,100,0,870,932.3714424399941,174.52460799995606,2176.077123000141,486.96
1789905803,100,DELETE,DELETE /api/bookings/{id} [auth],3.600000,0.000000,310,350,420,430,480,600,690,690,690,690,690,387,0,390,412.7653766589235,42.985895999663626,1102.222811000047,289.72868217054264
1789905803,100,GET,GET /api/bookings/me [auth],16.600000,0.000000,220,250,270,290,340,390,430,510,680,680,680,1521,0,210,222.92809768902208,23.71635300005437,1681.2817429999996,4040.7613412228798
1789905803,100,GET,GET /api/events,66.800000,0.000000,200,220,240,260,300,330,400,430,570,570,570,6610,0,190,227.5075905406918,9.745828999712103,4123.521510000046,197.8871406959153
1789905803,100,GET,GET /api/events/{id},27.400000,0.000000,200,240,260,270,310,380,430,450,660,660,660,2596,0,190,241.23444042912163,7.393351999780862,3506.527799000196,427.78274268104775
1789905803,100,GET,GET /api/events?city,42.700000,0.000000,200,230,250,260,310,340,390,470,650,650,650,3907,0,190,219.9471407115409,9.996752999995806,3407.1019660000275,165.9385717942155
1789905803,100,POST,POST /api/auth/login,0.000000,0.000000,0,0,0,0,0,0,0,0,0,0,0,30,0,3800,3838.034492733367,2266.729508000026,4629.7412429998985,414.3
1789905803,100,POST,POST /api/auth/register,0.000000,0.000000,0,0,0,0,0,0,0,0,0,0,0,30,0,3200,3103.719108699988,1617.3997679998138,5106.795447999957,131.76666666666668
1789905803,100,POST,POST /api/bookings [auth],14.300000,0.000000,300,350,410,420,490,540,620,660,780,780,780,1124,0,340,375.9474134252641,71.22051199985435,1275.8764569998675,252.50711743772243
1789905803,100,,Aggregated,171.400000,0.000000,210,240,270,280,330,400,480,530,690,780,780,16305,0,200,258.34233314424733,7.393351999780862,5106.795447999957,593.3087396504139
1789905804,100,GET,/api/events [warmup],0.000000,0.000000,0,0,0,0,0,0,0,0,0,0,0,100,0,870,932.3714424399941,174.52460799995606,2176.077123000141,486.96
1789905804,100,DELETE,DELETE /api/bookings/{id} [auth],3.800000,0.000000,310,350,420,440,480,510,690,690,690,690,690,393,0,390,411.6348359771085,42.985895999663626,1102.222811000047,289.7379134860051
1789905804,100,GET,GET /api/bookings/me [auth],16.000000,0.000000,230,270,290,310,370,430,510,560,680,680,680,1541,0,210,224.37239234458335,23.71635300005437,1681.2817429999996,4060.8403634003894
1789905804,100,GET,GET /api/events,67.300000,0.000000,200,230,260,270,310,350,400,420,570,570,570,6672,0,190,227.85309857193786,9.745828999712103,4123.521510000046,197.8549160671463
1789905804,100,GET,GET /api/events/{id},28.300000,0.000000,210,250,270,290,350,420,450,560,660,660,660,2628,0,190,241.93908254946697,7.393351999780862,3506.527799000196,427.76103500761036
1789905804,100,GET,GET /api/events?city,41.100000,0.000000,210,240,260,280,320,360,430,510,650,650,650,3946,0,190,220.31538783020542,9.996752999995806,3407.1019660000275,165.7255448555499
1789905804,100,POST,POST /api/auth/login,0.000000,0.000000,0,0,0,0,0,0,0,0,0,0,0,30,0,3800,3838.034492733367,2266.729508000026,4629.7412429998985,414.3
1789905804,100,POST,POST /api/auth/register,0.000000,0.000000,0,0,0,0,0,0,0,0,0,0,0,30,0,3200,3103.719108699988,1617.3997679998138,5106.795447999957,131.76666666666668
1789905804,100,POST,POST /api/bookings [auth],13.800000,0.000000,290,330,380,410,480,510,550,660,780,780,780,1132,0,340,375.58654774027985,71.22051199985435,1275.8764569998675,252.05565371024736
1789905804,100,,Aggregated,170.300000,0.000000,220,250,270,290,340,410,480,520,690,780,780,16472,0,200,258.5964287555218,7.393351999780862,5106.795447999957,596.1767848470131
1789905805,100,GET,/api/events [warmup],0.000000,0.000000,0,0,0,0,0,0,0,0,0,0,0,100,0,870,932.3714424399941,174.52460799995606,2176.077123000141,486.96
1789905805,100,DELETE,DELETE /api/bookings/{id} [auth],4.200000,0.000000,300,340,410,430,480,510,690,690,690,690,690,398,0,380,409.75890884171685,42.985895999663626,1102.222811000047,289.74874371859295
1789905805,100,GET,GET /api/bookings/me [auth],16.500000,0.000000,230,260,280,300,370,430,510,560,680,680,680,1560,0,210,224.0525041044895,23.71635300005437,1681.2817429999996,4079.1653846153845
1789905805,100,GET,GET /api/events,67.900000,0.000000,200,230,250,270,310,350,400,420,570,570,570,6733,0,190,227.35576998930188,9.745828999712103,4123.521510000046,198.09728204366553
1789905805,100,GET,GET /api/events/{id},26.500000,0.000000,200,240,270,280,350,420,450,560,660,660,660,2662,0,190,241.1100736600294,7.393351999780862,3506.527799000196,427.73854244928623
1789905805,100,GET,GET /api/events?city,42.100000,0.000000,210,230,250,270,310,350,400,470,650,650,650,3993,0,190,219.8549941354842,9.996752999995806,3407.1019660000275,165.61933383420987
1789905805,100,POST,POST /api/auth/login,0.000000,0.000000,0,0,0,0,0,0,0,0,0,0,0,30,0,3800,3838.034492733367,2266.729508000026,4629.7412429998985,414.3
1789905805,100,POST,POST /api/auth/register,0.000000,0.000000,0,0,0,0,0,0,0,0,0,0,0,30,0,3200,3103.719108699988,1617.3997679998138,5106.795447999957,131.76666666666668
1789905805,100,POST,POST /api/bookings [auth],13.500000,0.000000,270,310,350,400,480,500,550,660,780,780,780,1146,0,340,373.6742356081996,71.22051199985435,1275.8764569998675,250.2478184991274
1789905805,100,,Aggregated,170.700000,0.000000,210,250,270,290,340,400,480,510,690,780,780,16652,0,200,257.7965881227451,7.393351999780862,5106.795447999957,598.3922051405236
1789905806,100,GET,/api/events [warmup],0.000000,0.000000,0,0,0,0,0,0,0,0,0,0,0,100,0,870,932.3714424399941,174.52460799995606,2176.077123000141,486.96
1789905806,100,DELETE,DELETE /api/bookings/{id} [auth],4.200000,0.000000,300,340,410,430,480,510,690,690,690,690,690,400,0,380,409.05344495500896,42.985895999663626,1102.222811000047,289.75
1789905806,100,GET,GET /api/bookings/me [auth],16.500000,0.000000,220,250,270,290,360,430,510,560,680,680,680,1587,0,210,223.52382811720446,23.71635300005437,1681.2817429999996,4104.625078764965
1789905806,100,GET,GET /api/events,67.400000,0.000000,190,220,250,270,310,350,400,420,570,570,570,6813,0,190,226.8259510311124,9.745828999712103,4123.521510000046,198.1287244972846
1789905806,100,GET,GET /api/events/{id},27.300000,0.000000,200,240,270,280,340,420,450,560,660,660,660,2691,0,190,240.17006891564418,7.393351999780862,3506.527799000196,427.719806763285
1789905806,100,GET,GET /api/events?city,41.500000,0.000000,200,230,250,270,310,350,390,470,650,650,650,4038,0,190,219.4176659153022,9.996752999995806,3407.1019660000275,165.6748390292224
1789905806,100,POST,POST /api/auth/login,0.000000,0.000000,0,0,0,0,0,0,0,0,0,0,0,30,0,3800,3838.034492733367,2266.729508000026,4629.7412429998985,414.3
1789905806,100,POST,POST /api/auth/register,0.000000,0.000000,0,0,0,0,0,0,0,0,0,0,0,30,0,3200,3103.719108699988,1617.3997679998138,5106.795447999957,131.76666666666668
1789905806,100,POST,POST /api/bookings [auth],13.200000,0.000000,260,300,320,360,440,490,530,660,780,780,780,1157,0,340,372.14592671045557,71.22051199985435,1275.8764569998675,249.15038893690578
1789905806,100,,Aggregated,170.100000,0.000000,210,240,270,280,340,400,470,510,690,780,780,16846,0,200,256.9207929174853,7.393351999780862,5106.795447999957,602.7024219399264
1789905807,100,GET,/api/events [warmup],0.000000,0.000000,0,0,0,0,0,0,0,0,0,0,0,100,0,870,932.3714424399941,174.52460799995606,2176.077123000141,486.96
1789905807,100,DELETE,DELETE /api/bookings/{id} [auth],4.700000,0.000000,290,320,410,430,480,510,690,690,690,690,690,401,0,380,408.56378077307636,42.985895999663626,1102.222811000047,289.7506234413965
1789905807,100,GET,GET /api/bookings/me [auth],17.200000,0.000000,220,250,270,290,360,430,510,560,680,680,680,1609,0,210,223.45461152020147,23.71635300005437,1681.2817429999996,4124.58421379739
1789905807,100,GET,GET /api/events,66.600000,0.000000,190,220,240,260,310,350,400,420,570,570,570,6890,0,190,226.4935970458592,9.745828999712103,4123.521510000046,198.344557329463
1789905807,100,GET,GET /api/events/{id},27.700000,0.000000,200,230,250,270,320,400,450,560,660,660,660,2708,0,190,239.7702275701623,7.393351999780862,3506.527799000196,427.7090103397341
1789905807,100,GET,GET /api/events?city,42.200000,0.000000,200,230,250,260,310,340,390,460,650,650,650,4088,0,190,219.137350647502,9.996752999995806,3407.1019660000275,165.70034246575344
1789905807,100,POST,POST /api/auth/login,0.000000,0.000000,0,0,0,0,0,0,0,0,0,0,0,30,0,3800,3838.034492733367,2266.729508000026,4629.7412429998985,414.3
1789905807,100,POST,POST /api/auth/register,0.000000,0.000000,0,0,0,0,0,0,0,0,0,0,0,30,0,3200,3103.719108699988,1617.3997679998138,5106.795447999957,131.76666666666668
1789905807,100,POST,POST /api/bookings [auth],12.400000,0.000000,250,290,310,340,440,490,530,660,780,780,780,1171,0,340,369.90866884969915,71.22051199985435,1275.8764569998675,247.06490179333903
1789905807,100,,Aggregated,170.800000,0.000000,200,230,260,280,320,390,460,510,690,780,780,17027,0,200,256.28105355546825,7.393351999780862,5106.795447999957,605.4648499442062
1789905808,100,GET,/api/events [warmup],0.000000,0.000000,0,0,0,0,0,0,0,0,0,0,0,100,0,870,932.3714424399941,174.52460799995606,2176.077123000141,486.96
1789905808,100,DELETE,DELETE /api/bookings/{id} [auth],4.700000,0.000000,280,320,340,410,470,600,690,690,690,690,690,404,0,380,407.193826725257,42.985895999663626,1102.222811000047,289.7549504950495
1789905808,100,GET,GET /api/bookings/me [auth],17.900000,0.000000,220,250,270,290,360,400,500,550,560,560,560,1633,0,210,223.76518236926125,23.71635300005437,1681.2817429999996,4146.410287813839
1789905808,100,GET,GET /api/events,66.300000,0.000000,190,220,240,250,300,340,400,420,570,570,570,6970,0,190,226.281324083209,9.745828999712103,4123.521510000046,198.4335724533716
1789905808,100,GET,GET /api/events/{id},28.300000,0.000000,200,220,250,270,320,420,450,460,620,620,620,2726,0,190,239.54106566140848,7.393351999780862,3506.527799000196,427.69772560528247
1789905808,100,GET,GET /api/events?city,42.700000,0.000000,200,220,240,260,310,340,390,460,650,650,650,4127,0,190,218.9388180608162,9.996752999995806,3407.1019660000275,165.4989096195784
1789905808,100,POST,POST /api/auth/login,0.000000,0.000000,0,0,0,0,0,0,0,0,0,0,0,30,0,3800,3838.034492733367,2266.729508000026,4629.7412429998985,414.3
1789905808,100,POST,POST /api/auth/register,0.000000,0.000000,0,0,0,0,0,0,0,0,0,0,0,30,0,3200,3103.719108699988,1617.3997679998138,5106.795447999957,131.76666666666668
1789905808,100,POST,POST /api/bookings [auth],12.500000,0.000000,250,290,300,310,410,480,490,510,780,780,780,1183,0,340,368.285340215552,71.22051199985435,1275.8764569998675,245.5156382079459
1789905808,100,,Aggregated,172.400000,0.000000,200,230,250,270,320,370,440,500,690,780,780,17203,0,200,255.81680140428753,7.393351999780862,5106.795447999957,608.944486426786
1789905809,100,GET,/api/events [warmup],0.000000,0.000000,0,0,0,0,0,0,0,0,0,0,0,100,0,870,932.3714424399941,174.52460799995606,2176.077123000141,486.96
1789905809,100,DELETE,DELETE /api/bookings/{id} [auth],4.300000,0.000000,280,310,330,410,430,510,600,600,600,600,600,408,0,380,407.4559092941285,42.985895999663626,1102.222811000047,289.7598039215686
1789905809,100,GET,GET /api/bookings/me [auth],18.000000,0.000000,220,250,280,290,360,400,450,550,560,560,560,1647,0,210,224.32666460838098,23.71635300005437,1681.2817429999996,4158.46933819065
1789905809,100,GET,GET /api/events,67.000000,0.000000,190,220,240,260,300,340,380,400,550,550,550,7033,0,190,226.46002618171022,9.745828999712103,4123.521510000046,198.43864638134508
1789905809,100,GET,GET /api/events/{id},27.200000,0.000000,200,230,250,270,330,420,450,470,560,560,560,2749,0,190,239.69484484176056,7.393351999780862,3506.527799000196,427.68352128046564
1789905809,100,GET,GET /api/events?city,43.000000,0.000000,200,220,240,260,310,340,370,390,450,450,450,4167,0,190,219.24221614950517,9.996752999995806,3407.1019660000275,165.27525797936164
1789905809,100,POST,POST /api/auth/login,0.000000,0.000000,0,0,0,0,0,0,0,0,0,0,0,30,0,3800,3838.034492733367,2266.729508000026,4629.7412429998985,414.3
1789905809,100,POST,POST /api/auth/register,0.000000,0.000000,0,0,0,0,0,0,0,0,0,0,0,30,0,3200,3103.719108699988,1617.3997679998138,5106.795447999957,131.76666666666668
1789905809,100,POST,POST /api/bookings [auth],12.400000,0.000000,240,280,300,310,380,430,480,490,490,490,490,1193,0,340,367.67464336043366,71.22051199985435,1275.8764569998675,244.4786253143336
1789905809,100,,Aggregated,171.900000,0.000000,200,230,250,270,320,370,420,450,560,600,600,17357,0,200,255.8639417364152,7.393351999780862,5106.795447999957,609.7819323615832
1789905810,100,GET,/api/events [warmup],0.000000,0.000000,0,0,0,0,0,0,0,0,0,0,0,100,0,870,932.3714424399941,174.52460799995606,2176.077123000141,486.96
1789905810,100,DELETE,DELETE /api/bookings/{id} [auth],4.300000,0.000000,280,310,320,330,430,510,600,600,600,600,600,410,0,380,406.84630487805913,42.985895999663626,1102.222811000047,289.7609756097561
1789905810,100,GET,GET /api/bookings/me [auth],18.300000,0.000000,220,250,280,290,360,400,450,550,560,560,560,1660,0,210,224.141725355424,23.71635300005437,1681.2817429999996,4169.534939759036
1789905810,100,GET,GET /api/events,69.400000,0.000000,190,210,240,260,300,340,380,400,550,550,550,7103,0,190,226.13122180374117,9.745828999712103,4123.521510000046,198.48416162184992
1789905810,100,GET,GET /api/events/{id},24.900000,0.000000,190,220,240,270,310,390,450,470,560,560,560,2779,0,190,239.2665408700974,7.393351999780862,3506.527799000196,427.66534724721123
1789905810,100,GET,GET /api/events?city,43.500000,0.000000,190,220,240,250,310,340,370,390,450,450,450,4205,0,190,218.9378022951225,9.996752999995806,3407.1019660000275,165.61379310344827
1789905810,100,POST,POST /api/auth/login,0.000000,0.000000,0,0,0,0,0,0,0,0,0,0,0,30,0,3800,3838.034492733367,2266.729508000026,4629.7412429998985,414.3
1789905810,100,POST,POST /api/auth/register,0.000000,0.000000,0,0,0,0,0,0,0,0,0,0,0,30,0,3200,3103.719108699988,1617.3997679998138,5106.795447999957,131.76666666666668
1789905810,100,POST,POST /api/bookings [auth],12.200000,0.000000,240,280,300,310,380,420,430,490,490,490,490,1214,0,340,365.6205235716605,71.22051199985435,1275.8764569998675,242.13591433278418
1789905810,100,,Aggregated,172.600000,0.000000,200,230,250,270,320,370,420,450,560,600,600,17531,0,200,255.31918094769074,7.393351999780862,5106.795447999957,610.0041070104387
1789905811,100,GET,/api/events [warmup],0.000000,0.000000,0,0,0,0,0,0,0,0,0,0,0,100,0,870,932.3714424399941,174.52460799995606,2176.077123000141,486.96
1789905811,100,DELETE,DELETE /api/bookings/{id} [auth],4.000000,0.000000,310,320,410,420,460,510,600,600,600,600,600,417,0,380,406.3735530311864,42.985895999663626,1102.222811000047,289.76978417266184
1789905811,100,GET,GET /api/bookings/me [auth],19.200000,0.000000,210,250,270,280,360,390,450,550,560,560,560,1678,0,210,223.64262775625903,23.71635300005437,1681.2817429999996,4184.776519666269
1789905811,100,GET,GET /api/events,71.000000,0.000000,190,220,240,260,300,340,380,400,550,550,550,7177,0,190,225.80145982192732,9.745828999712103,4123.521510000046,198.33119687891877
1789905811,100,GET,GET /api/events/{id},24.200000,0.000000,200,230,260,270,330,390,430,470,560,560,560,2814,0,190,239.10003755863556,7.393351999780862,3506.527799000196,427.6446339729922
1789905811,100,GET,GET /api/events?city,42.800000,0.000000,190,220,240,250,310,340,370,390,450,450,450,4246,0,190,218.76158885751096,9.996752999995806,3407.1019660000275,165.1669806877061
1789905811,100,POST,POST /api/auth/login,0.000000,0.000000,0,0,0,0,0,0,0,0,0,0,0,30,0,3800,3838.034492733367,2266.729508000026,4629.7412429998985,414.3
1789905811,100,POST,POST /api/auth/register,0.000000,0.000000,0,0,0,0,0,0,0,0,0,0,0,30,0,3200,3103.719108699988,1617.3997679998138,5106.795447999957,131.76666666666668
1789905811,100,POST,POST /api/bookings [auth],11.800000,0.000000,240,280,310,320,410,470,530,570,770,770,770,1223,0,340,366.16142347996373,71.22051199985435,1275.8764569998675,241.9738348323794
1789905811,100,,Aggregated,173.000000,0.000000,200,230,250,270,320,370,430,470,600,770,770,17715,0,200,254.94222767784163,7.393351999780862,5106.795447999957,611.4600620942704
1789905812,100,GET,/api/events [warmup],0.000000,0.000000,0,0,0,0,0,0,0,0,0,0,0,100,0,870,932.3714424399941,174.52460799995606,2176.077123000141,486.96
1789905812,100,DELETE,DELETE /api/bookings/{id} [auth],4.100000,0.000000,310,350,420,440,480,570,600,600,600,600,600,419,0,380,406.51328266110835,42.985895999663626,1102.222811000047,289.7756563245823
1789905812,100,GET,GET /api/bookings/me [auth],19.100000,0.000000,220,250,280,290,370,410,450,550,560,560,560,1695,0,210,224.34525293569502,23.71635300005437,1681.2817429999996,4198.915634218289
1789905812,100,GET,GET /api/events,71.600000,0.000000,190,220,250,270,320,360,390,420,550,550,550,7245,0,190,225.99203150130748,9.745828999712103,4123.521510000046,198.29827467218772
1789905812,100,GET,GET /api/events/{id},25.400000,0.000000,200,240,270,280,370,420,430,470,560,560,560,2840,0,190,239.33091045422555,7.393351999780862,3506.527799000196,427.6295774647887
1789905812,100,GET,GET /api/events?city,43.000000,0.000000,200,230,250,270,330,360,380,390,540,540,540,4280,0,190,218.8853619266334,9.996752999995806,3407.1019660000275,165.30303738317758
1789905812,100,POST,POST /api/auth/login,0.000000,0.000000,0,0,0,0,0,0,0,0,0,0,0,30,0,3800,3838.034492733367,2266.729508000026,4629.7412429998985,414.3
1789905812,100,POST,POST /api/auth/register,0.000000,0.000000,0,0,0,0,0,0,0,0,0,0,0,30,0,3200,3103.719108699988,1617.3997679998138,5106.795447999957,131.76666666666668
1789905812,100,POST,POST /api/bookings [auth],12.300000,0.000000,240,290,320,340,430,490,570,740,770,770,770,1238,0,340,365.57448947737964,71.22051199985435,1275.8764569998675,240.26736672051697
1789905812,100,,Aggregated,175.500000,0.000000,200,240,270,280,340,390,440,490,740,770,770,17877,0,200,254.99281995770912,7.393351999780862,5106.795447999957,613.0638809643676
1789905813,100,GET,/api/events [warmup],0.000000,0.000000,0,0,0,0,0,0,0,0,0,0,0,100,0,870,932.3714424399941,174.52460799995606,2176.077123000141,486.96
1789905813,100,DELETE,DELETE /api/bookings/{id} [auth],3.800000,0.000000,310,350,410,420,460,570,600,600,600,600,600,421,0,380,405.69281608552126,42.985895999663626,1102.222811000047,289.7743467933492
1789905813,100,GET,GET /api/bookings/me [auth],18.900000,0.000000,220,250,280,290,380,430,500,550,590,590,590,1711,0,210,224.62828977615672,23.71635300005437,1681.2817429999996,4211.720631209819
1789905813,100,GET,GET /api/events,71.100000,0.000000,190,220,250,280,320,360,400,430,550,550,550,7305,0,190,225.68127346488316,9.745828999712103,4123.521510000046,198.42067077344285
1789905813,100,GET,GET /api/events/{id},26.300000,0.000000,190,230,270,280,370,420,470,560,680,680,680,2864,0,190,239.31258199476278,7.393351999780862,3506.527799000196,427.6159217877095
1789905813,100,GET,GET /api/events?city,42.400000,0.000000,190,230,250,270,320,360,390,430,640,640,640,4314,0,190,218.86197320120317,9.996752999995806,3407.1019660000275,164.94320815948075
1789905813,100,POST,POST /api/auth/login,0.000000,0.000000,0,0,0,0,0,0,0,0,0,0,0,30,0,3800,3838.034492733367,2266.729508000026,4629.7412429998985,414.3
1789905813,100,POST,POST /api/auth/register,0.000000,0.000000,0,0,0,0,0,0,0,0,0,0,0,30,0,3200,3103.719108699988,1617.3997679998138,5106.795447999957,131.76666666666668
1789905813,100,POST,POST /api/bookings [auth],12.300000,0.000000,240,280,310,340,430,490,570,740,770,770,770,1251,0,340,364.5145523285341,71.22051199985435,1275.8764569998675,238.7234212629896
1789905813,100,,Aggregated,174.800000,0.000000,200,240,260,280,350,390,450,530,740,770,770,18026,0,200,254.67639113019936,7.393351999780862,5106.795447999957,614.539553977588
1789905814,100,GET,/api/events [warmup],0.000000,0.000000,0,0,0,0,0,0,0,0,0,0,0,100,0,870,932.3714424399941,174.52460799995606,2176.077123000141,486.96
1789905814,100,DELETE,DELETE /api/bookings/{id} [auth],4.000000,0.000000,310,400,460,460,560,600,660,660,660,660,660,427,0,380,406.1421242271752,42.985895999663626,1102.222811000047,289.7798594847775
1789905814,100,GET,GET /api/bookings/me [auth],18.900000,0.000000,220,250,290,310,390,490,530,590,600,600,600,1725,0,210,226.19055328637842,23.71635300005437,1681.2817429999996,4223.008115942029
1789905814,100,GET,GET /api/events,70.300000,0.000000,190,230,260,280,340,400,460,490,570,570,570,7386,0,190,226.27067170200002,9.745828999712103,4123.521510000046,198.48470078526944
1789905814,100,GET,GET /api/events/{id},26.200000,0.000000,190,230,260,280,390,430,560,590,680,680,680,2888,0,190,239.621761806094,7.393351999780862,3506.527799000196,427.6024930747922
1789905814,100,GET,GET /api/events?city,43.700000,0.000000,190,230,260,280,340,390,440,480,640,640,640,4359,0,190,219.33564937875448,9.996752999995806,3407.1019660000275,165.0993347097958
1789905814,100,POST,POST /api/auth/login,0.000000,0.000000,0,0,0,0,0,0,0,0,0,0,0,30,0,3800,3838.034492733367,2266.729508000026,4629.7412429998985,414.3
1789905814,100,POST,POST /api/auth/register,0.000000,0.000000,0,0,0,0,0,0,0,0,0,0,0,30,0,3200,3103.719108699988,1617.3997679998138,5106.795447999957,131.76666666666668
1789905814,100,POST,POST /api/bookings [auth],12.800000,0.000000,250,300,360,410,550,740,790,800,830,830,830,1266,0,340,366.83701383570013,71.22051199985435,1275.8764569998675,237.25513428120064
1789905814,100,,Aggregated,175.900000,0.000000,200,240,270,290,370,430,530,600,800,830,830,18211,0,200,255.27723508846148,7.393351999780862,5106.795447999957,614.7086925484597
1789905815,100,GET,/api/events [warmup],0.000000,0.000000,0,0,0,0,0,0,0,0,0,0,0,100,0,870,932.3714424399941,174.52460799995606,2176.077123000141,486.96
1789905815,100,DELETE,DELETE /api/bookings/{id} [auth],3.700000,0.000000,310,400,460,460,560,600,660,660,660,660,660,431,0,380,404.84716138051874,42.985895999663626,1102.222811000047,289.7865429234339
1789905815,100,GET,GET /api/bookings/me [auth],19.200000,0.000000,220,250,290,320,400,490,530,590,600,600,600,1738,0,210,225.98193557192275,23.71635300005437,1681.2817429999996,4233.292865362486
1789905815,100,GET,GET /api/events,69.700000,0.000000,190,230,260,280,340,400,460,490,570,570,570,7458,0,190,225.70071323719128,9.745828999712103,4123.521510000046,198.54679538750335
1789905815,100,GET,GET /api/events/{id},26.900000,0.000000,190,230,260,280,390,440,560,590,680,680,680,2914,0,190,239.0394968140018,7.393351999780862,3506.527799000196,427.5881949210707
1789905815,100,GET,GET /api/events?city,41.300000,0.000000,190,230,260,280,340,390,440,480,640,640,640,4397,0,190,218.92404658198575,9.996752999995806,3407.1019660000275,164.64953377302706
1789905815,100,POST,POST /api/auth/login,0.000000,0.000000,0,0,0,0,0,0,0,0,0,0,0,30,0,3800,3838.034492733367,2266.729508000026,4629.7412429998985,414.3
1789905815,100,POST,POST /api/auth/register,0.000000,0.000000,0,0,0,0,0,0,0,0,0,0,0,30,0,3200,3103.719108699988,1617.3997679998138,5106.795447999957,131.76666666666668
1789905815,100,POST,POST /api/bookings [auth],12.500000,0.000000,250,300,370,390,530,740,790,800,830,830,830,1283,0,340,365.0231244614147,71.22051199985435,1275.8764569998675,235.70771628994544
1789905815,100,,Aggregated,173.300000,0.000000,200,240,270,290,370,430,530,600,800,830,830,18381,0,200,254.58387451226696,7.393351999780862,5106.795447999957,614.7962570045155
1789905816,100,GET,/api/events [warmup],0.000000,0.000000,0,0,0,0,0,0,0,0,0,0,0,100,0,870,932.3714424399941,174.52460799995606,2176.077123000141,486.96
1789905816,100,DELETE,DELETE /api/bookings/{id} [auth],3.300000,0.000000,310,350,420,460,560,600,660,660,660,660,660,436,0,380,403.6744469495493,42.985895999663626,1102.222811000047,289.79357798165137
1789905816,100,GET,GET /api/bookings/me [auth],19.100000,0.000000,230,260,290,320,410,490,530,590,600,600,600,1762,0,210,226.17603781611928,23.71635300005437,1681.2817429999996,4251.8093076049945
1789905816,100,GET,GET /api/events,70.500000,0.000000,190,230,260,280,340,390,460,480,570,570,570,7536,0,190,225.28950585721532,9.745828999712103,4123.521510000046,198.2123142250531
1789905816,100,GET,GET /api/events/{id},25.700000,0.000000,190,240,270,290,400,440,560,590,680,680,680,2935,0,190,238.6840175526411,7.393351999780862,3506.527799000196,427.57683134582624
1789905816,100,GET,GET /api/events?city,40.700000,0.000000,190,240,260,280,340,390,450,480,640,640,640,4442,0,190,218.644460572713,9.996752999995806,3407.1019660000275,164.518009905448
1789905816,100,POST,POST /api/auth/login,0.000000,0.000000,0,0,0,0,0,0,0,0,0,0,0,30,0,3800,3838.034492733367,2266.729508000026,4629.7412429998985,414.3
1789905816,100,POST,POST /api/auth/register,0.000000,0.000000,0,0,0,0,0,0,0,0,0,0,0,30,0,3200,3103.719108699988,1617.3997679998138,5106.795447999957,131.76666666666668
1789905816,100,POST,POST /api/bookings [auth],12.600000,0.000000,260,310,380,410,550,740,790,800,830,830,830,1291,0,340,364.4957259674634,71.22051199985435,1275.8764569998675,235.41673121611154
1789905816,100,,Aggregated,171.900000,0.000000,200,250,280,300,370,430,530,600,800,830,830,18562,0,200,254.07369752903682,7.393351999780862,5106.795447999957,617.7402219588406
1789905817,100,GET,/api/events [warmup],0.000000,0.000000,0,0,0,0,0,0,0,0,0,0,0,100,0,870,932.3714424399941,174.52460799995606,2176.077123000141,486.96
1789905817,100,DELETE,DELETE /api/bookings/{id} [auth],3.300000,0.000000,340,400,450,460,560,570,660,660,660,660,660,444,0,380,403.6449000112673,42.985895999663626,1102.222811000047,289.81081081081084
1789905817,100,GET,GET /api/bookings/me [auth],17.900000,0.000000,230,270,300,330,410,500,530,590,600,600,600,1774,0,210,226.24955872378922,23.71635300005437,1681.2817429999996,4260.93122886133
1789905817,100,GET,GET /api/events,71.600000,0.000000,190,240,270,280,340,400,460,490,570,570,570,7588,0,190,225.17468710041814,9.745828999712103,4123.521510000046,198.19899841855562
1789905817,100,GET,GET /api/events/{id},26.000000,0.000000,190,250,270,290,400,440,530,590,680,680,680,2969,0,190,238.5559534371849,7.393351999780862,3506.527799000196,427.55877399797913
1789905817,100,GET,GET /api/events?city,40.200000,0.000000,190,240,260,280,350,390,450,480,640,640,640,4493,0,190,218.41051642955497,9.996752999995806,3407.1019660000275,164.3405297128867
1789905817,100,POST,POST /api/auth/login,0.000000,0.000000,0,0,0,0,0,0,0,0,0,0,0,30,0,3800,3838.034492733367,2266.729508000026,4629.7412429998985,414.3
1789905817,100,POST,POST /api/auth/register,0.000000,0.000000,0,0,0,0,0,0,0,0,0,0,0,30,0,3200,3103.719108699988,1617.3997679998138,5106.795447999957,131.76666666666668
1789905817,100,POST,POST /api/bookings [auth],13.900000,0.000000,280,350,410,430,570,740,790,800,830,830,830,1308,0,340,364.9178265688041,71.22051199985435,1275.8764569998675,234.70871559633028
1789905817,100,,Aggregated,173.000000,0.000000,210,250,280,300,390,450,540,600,800,830,830,18736,0,200,253.92847587590637,7.393351999780862,5106.795447999957,617.6015691716482
1789905818,100,GET,/api/events [warmup],0.000000,0.000000,0,0,0,0,0,0,0,0,0,0,0,100,0,870,932.3714424399941,174.52460799995606,2176.077123000141,486.96
1789905818,100,DELETE,DELETE /api/bookings/{id} [auth],3.400000,0.000000,350,400,440,460,560,570,660,660,660,660,660,450,0,380,402.8964440266735,42.985895999663626,1102.222811000047,289.8222222222222
1789905818,100,GET,GET /api/bookings/me [auth],17.900000,0.000000,230,270,300,320,430,500,530,590,600,600,600,1790,0,210,226.4969776910624,23.71635300005437,1681.2817429999996,4272.929608938547
1789905818,100,GET,GET /api/events,72.000000,0.000000,180,230,260,280,340,400,460,490,570,570,570,7657,0,190,225.06364130572973,9.745828999712103,4123.521510000046,198.48439336554787
1789905818,100,GET,GET /api/events/{id},24.200000,0.000000,200,250,280,300,400,440,530,590,680,680,680,2987,0,190,238.69047691965181,7.393351999780862,3506.527799000196,427.54938064948107
1789905818,100,GET,GET /api/events?city,40.000000,0.000000,200,240,260,280,350,390,450,470,640,640,640,4540,0,190,218.52313924713445,9.996752999995806,3407.1019660000275,164.16762114537445
1789905818,100,POST,POST /api/auth/login,0.000000,0.000000,0,0,0,0,0,0,0,0,0,0,0,30,0,3800,3838.034492733367,2266.729508000026,4629.7412429998985,414.3
1789905818,100,POST,POST /api/auth/register,0.000000,0.000000,0,0,0,0,0,0,0,0,0,0,0,30,0,3200,3103.719108699988,1617.3997679998138,5106.795447999957,131.76666666666668
1789905818,100,POST,POST /api/bookings [auth],13.400000,0.000000,300,370,420,430,570,740,790,800,830,830,830,1319,0,340,364.3946004905198,71.22051199985435,1275.8764569998675,233.71872630780894
1789905818,100,,Aggregated,170.900000,0.000000,210,250,280,310,390,450,540,600,800,830,830,18903,0,200,253.78167637052252,7.393351999780862,5106.795447999957,618.6596307464424
1789905819,100,GET,/api/events [warmup],0.000000,0.000000,0,0,0,0,0,0,0,0,0,0,0,100,0,870,932.3714424399941,174.52460799995606,2176.077123000141,486.96
1789905819,100,DELETE,DELETE /api/bookings/{id} [auth],3.800000,0.000000,330,360,400,450,540,570,660,660,660,660,660,456,0,370,400.9180207346562,42.985895999663626,1102.222811000047,289.82456140350877
1789905819,100,GET,GET /api/bookings/me [auth],17.300000,0.000000,220,260,290,310,430,500,530,590,600,600,600,1809,0,210,226.31221063847443,23.71635300005437,1681.2817429999996,4286.967938087341
1789905819,100,GET,GET /api/events,71.700000,0.000000,180,230,250,270,330,390,460,480,570,570,570,7728,0,190,224.7068910934233,9.745828999712103,4123.521510000046,198.6177536231884
1789905819,100,GET,GET /api/events/{id},24.400000,0.000000,200,250,270,290,390,430,530,590,680,680,680,3029,0,190,238.16681834301707,7.393351999780862,3506.527799000196,427.52789699570815
1789905819,100,GET,GET /api/events?city,39.500000,0.000000,190,230,250,270,320,390,450,480,640,640,640,4571,0,190,218.1541467066268,9.996752999995806,3407.1019660000275,164.37278494858893
1789905819,100,POST,POST /api/auth/login,0.000000,0.000000,0,0,0,0,0,0,0,0,0,0,0,30,0,3800,3838.034492733367,2266.729508000026,4629.7412429998985,414.3
1789905819,100,POST,POST /api/auth/register,0.000000,0.000000,0,0,0,0,0,0,0,0,0,0,0,30,0,3200,3103.719108699988,1617.3997679998138,5106.795447999957,131.76666666666668
1789905819,100,POST,POST /api/bookings [auth],13.000000,0.000000,300,370,410,460,600,740,790,800,830,830,830,1327,0,340,363.84679901130005,71.22051199985435,1275.8764569998675,233.91258477769404
1789905819,100,,Aggregated,169.700000,0.000000,200,250,270,300,370,450,530,600,800,830,830,19080,0,200,253.23147865838504,7.393351999780862,5106.795447999957,620.7553983228512
1789905820,100,GET,/api/events [warmup],0.000000,0.000000,0,0,0,0,0,0,0,0,0,0,0,100,0,870,932.3714424399941,174.52460799995606,2176.077123000141,486.96
1789905820,100,DELETE,DELETE /api/bookings/{id} [auth],4.300000,0.000000,320,350,400,450,540,570,660,660,660,660,660,461,0,370,399.46131849024647,42.985895999663626,1102.222811000047,289.8351409978308
1789905820,100,GET,GET /api/bookings/me [auth],16.300000,0.000000,230,270,290,310,430,500,530,590,600,600,600,1820,0,210,226.2833009895608,23.71635300005437,1681.2817429999996,4294.971428571429
1789905820,100,GET,GET /api/events,68.500000,0.000000,180,220,250,260,320,390,460,480,570,570,570,7806,0,190,224.2525106278475,9.745828999712103,4123.521510000046,198.4578529336408
1789905820,100,GET,GET /api/events/{id},26.200000,0.000000,190,230,260,280,400,430,530,590,680,680,680,3055,0,190,237.61789677872298,7.393351999780862,3506.527799000196,427.5148936170213
1789905820,100,GET,GET /api/events?city,40.700000,0.000000,190,220,250,260,320,390,450,470,640,640,640,4621,0,190,217.62196600735552,9.996752999995806,3407.1019660000275,164.5016230253192
1789905820,100,POST,POST /api/auth/login,0.000000,0.000000,0,0,0,0,0,0,0,0,0,0,0,30,0,3800,3838.034492733367,2266.729508000026,4629.7412429998985,414.3
1789905820,100,POST,POST /api/auth/register,0.000000,0.000000,0,0,0,0,0,0,0,0,0,0,0,30,0,3200,3103.719108699988,1617.3997679998138,5106.795447999957,131.76666666666668
1789905820,100,POST,POST /api/bookings [auth],13.400000,0.000000,290,370,410,450,570,740,790,800,830,830,830,1347,0,340,362.9852777045259,71.22051199985435,1275.8764569998675,232.24647364513734
1789905820,100,,Aggregated,169.400000,0.000000,200,240,270,290,380,450,530,600,800,830,830,19270,0,200,252.6459301774775,7.393351999780862,5106.795447999957,619.8110015568241
1789905821,100,GET,/api/events [warmup],0.000000,0.000000,0,0,0,0,0,0,0,0,0,0,0,100,0,870,932.3714424399941,174.52460799995606,2176.077123000141,486.96
1789905821,100,DELETE,DELETE /api/bookings/{id} [auth],4.700000,0.000000,330,360,370,400,540,570,660,660,660,660,660,467,0,370,399.394881282663,42.985895999663626,1102.222811000047,289.85010706638116
1789905821,100,GET,GET /api/bookings/me [auth],15.800000,0.000000,230,270,300,320,430,500,530,590,600,600,600,1840,0,210,226.52372610108785,23.71635300005437,1681.2817429999996,4309.1375
1789905821,100,GET,GET /api/events,69.100000,0.000000,190,230,260,270,320,390,460,480,570,570,570,7881,0,190,224.22191807536825,9.745828999712103,4123.521510000046,198.733282578353
1789905821,100,GET,GET /api/events/{id},27.100000,0.000000,190,240,270,290,400,430,560,590,680,680,680,3073,0,190,237.48674357175352,7.393351999780862,3506.527799000196,427.5060201757241
1789905821,100,GET,GET /api/events?city,41.500000,0.000000,190,220,250,270,330,390,450,470,640,640,640,4663,0,190,217.50257172270864,9.996752999995806,3407.1019660000275,164.08149260132961
1789905821,100,POST,POST /api/auth/login,0.000000,0.000000,0,0,0,0,0,0,0,0,0,0,0,30,0,3800,3838.034492733367,2266.729508000026,4629.7412429998985,414.3
1789905821,100,POST,POST /api/auth/register,0.000000,0.000000,0,0,0,0,0,0,0,0,0,0,0,30,0,3200,3103.719108699988,1617.3997679998138,5106.795447999957,131.76666666666668
1789905821,100,POST,POST /api/bookings [auth],13.500000,0.000000,290,360,400,430,560,720,790,800,830,830,830,1357,0,340,362.5957721739098,71.22051199985435,1275.8764569998675,231.88577745025793
1789905821,100,,Aggregated,171.700000,0.000000,200,250,270,290,370,440,520,590,800,830,830,19441,0,200,252.453961833393,7.393351999780862,5106.795447999957,621.828866827838
